时间	SysStep	SysStep名	故障	急停	模式	冷媒	1#压机1	1#压机2	1#排气1	1#排气2	1#吸气1	1#吸气2	1#过热度1	1#过热度2	1#外EEV步1	1#外EEV步2	1#外EEV目1	1#外EEV目2	1#高压1	1#低压1	1#高压2	1#低压2	1#蒸发1	1#蒸发2	1#XY状态	2#压机1	2#压机2	2#排气1	2#排气2	2#吸气1	2#吸气2	2#过热度1	2#过热度2	2#外EEV步1	2#外EEV步2	2#外EEV目1	2#外EEV目2	2#高压1	2#低压1	2#高压2	2#低压2	2#蒸发1	2#蒸发2	2#XY状态	1#Y02冷凝风机A	1#Y03外风机3	1#Y04外风机2	1#Y05四通阀	2#Y02冷凝风机A	2#Y03外风机3	2#Y04外风机2	2#Y05四通阀	1#外E(K)1	1#外步数1	1#外E(K)2	1#外步数2	2#外E(K)1	2#外步数1	2#外E(K)2	2#外步数2	脉冲总数	开度上限	扫描周期	Y设定	YD	KP	TI	TD	限步	化霜开度	起始开度	目标台数	命令A1	命令A2	调度号	内目标1	内目标2	内目标3	内目标4	内目标5	内目标6	内目标7	内目标8	内当前1	内当前2	内当前3	内当前4	内当前5	内当前6	内当前7	内当前8	ON1	ON2	ON3	ON4	ON5	ON6	ON7	ON8	Y03送风机	Y04送风阀	Y06回风机	Y07回风阀	Y10排风机	Y11排风阀	Y14新风阀	新风阀需求	混风阀需求	送风机目标输出
15:46:21	2	运行	0	0	制冷	R410A	2	2	296	415	114	114	-27	-27	0	0	0	0	721	1123	721	1122	141	141	4095	2	2	228	281	124	122	-14	-16	0	0	0	0	703	1112	706	1113	138	138	4095	1	1	0	0	1	1	0	0	0	0	0	0	0	0	0	0	500	500	5	50	20	5	100	0	20	350	200	4	1	1	99	10	19	70	93	0	0	0	0	10	19	70	93	0	0	0	0	1	1	1	1	0	0	0	0	1	1	1	0	0	0	0	1000	0	1
15:46:23	2	运行	0	0	制冷	R410A	2	2	296	415	114	114	-27	-27	0	0	0	0	721	1123	721	1122	141	141	4095	2	2	228	281	124	122	-14	-16	0	0	0	0	703	1112	706	1113	138	138	4095	1	1	0	0	1	1	0	0	0	0	0	0	0	0	0	0	500	500	5	50	20	5	100	0	20	350	200	4	1	1	99	10	19	70	93	0	0	0	0	10	19	70	93	0	0	0	0	1	1	1	1	0	0	0	0	1	1	1	0	0	0	0	1000	0	1
15:46:25	2	运行	0	0	制冷	R410A	2	2	296	415	114	114	-27	-27	0	0	0	0	721	1123	721	1122	141	141	4095	2	2	228	281	124	122	-14	-16	0	0	0	0	703	1112	706	1113	138	138	4095	1	1	0	0	1	1	0	0	0	0	0	0	0	0	0	0	500	500	5	50	20	5	100	0	20	350	200	4	1	1	99	10	17	69	93	0	0	0	0	10	17	69	93	0	0	0	0	1	1	1	1	0	0	0	0	1	1	1	0	0	0	0	1000	0	1
15:46:27	2	运行	0	0	制冷	R410A	2	2	296	415	114	114	-27	-27	0	0	0	0	721	1123	721	1122	141	141	4095	2	2	228	281	124	122	-14	-16	0	0	0	0	703	1112	706	1113	138	138	4095	1	1	0	0	1	1	0	0	0	0	0	0	0	0	0	0	500	500	5	50	20	5	100	0	20	350	200	4	1	1	99	8	17	69	91	0	0	0	0	8	17	69	91	0	0	0	0	1	1	1	1	0	0	0	0	1	1	1	0	0	0	0	1000	0	1
15:46:29	2	运行	0	0	制冷	R410A	2	2	296	415	114	114	-27	-27	0	0	0	0	721	1123	721	1122	141	141	4095	2	2	228	281	124	122	-14	-16	0	0	0	0	703	1112	706	1113	138	138	4095	1	1	0	0	1	1	0	0	0	0	0	0	0	0	0	0	500	500	5	50	20	5	100	0	20	350	200	4	1	1	99	8	15	69	91	0	0	0	0	8	15	69	91	0	0	0	0	1	1	1	1	0	0	0	0	1	1	1	0	0	0	0	1000	0	1
15:46:31	2	运行	0	0	制冷	R410A	2	2	296	415	114	114	-27	-27	0	0	0	0	721	1123	721	1122	141	141	4095	2	2	228	281	124	122	-14	-16	0	0	0	0	703	1112	706	1113	138	138	4095	1	1	0	0	1	1	0	0	0	0	0	0	0	0	0	0	500	500	5	50	20	5	100	0	20	350	200	4	1	1	99	6	15	67	90	0	0	0	0	6	15	67	90	0	0	0	0	1	1	1	1	0	0	0	0	1	1	1	0	0	0	0	1000	0	1
15:46:33	2	运行	0	0	制冷	R410A	2	2	296	415	114	114	-27	-27	0	0	0	0	721	1123	721	1122	141	141	4095	2	2	228	281	124	122	-14	-16	0	0	0	0	703	1112	706	1113	138	138	4095	1	1	0	0	1	1	0	0	0	0	0	0	0	0	0	0	500	500	5	50	20	5	100	0	20	350	200	4	1	1	99	6	15	67	90	0	0	0	0	6	15	67	90	0	0	0	0	1	1	1	1	0	0	0	0	1	1	1	0	0	0	0	1000	0	1
15:46:35	2	运行	0	0	制冷	R410A	2	2	296	415	114	114	-27	-27	0	0	0	0	721	1123	721	1122	141	141	4095	2	2	228	281	124	122	-14	-16	0	0	0	0	703	1112	706	1113	138	138	4095	1	1	0	0	1	1	0	0	0	0	0	0	0	0	0	0	500	500	5	50	20	5	100	0	20	350	200	4	1	1	99	6	13	66	90	0	0	0	0	6	13	66	90	0	0	0	0	1	1	1	1	0	0	0	0	1	1	1	0	0	0	0	1000	0	1
15:46:37	2	运行	0	0	制冷	R410A	2	2	296	415	114	114	-27	-27	0	0	0	0	721	1123	721	1122	141	141	4095	2	2	228	281	124	122	-14	-16	0	0	0	0	703	1112	706	1113	138	138	4095	1	1	0	0	1	1	0	0	0	0	0	0	0	0	0	0	500	500	5	50	20	5	100	0	20	350	200	4	1	1	99	4	13	66	88	0	0	0	0	4	13	66	88	0	0	0	0	1	1	1	1	0	0	0	0	1	1	1	0	0	0	0	1000	0	1
15:46:39	2	运行	0	0	制冷	R410A	2	2	296	415	114	114	-27	-27	0	0	0	0	721	1123	721	1122	141	141	4095	2	2	228	281	124	122	-14	-16	0	0	0	0	703	1112	706	1113	138	138	4095	1	1	0	0	1	1	0	0	0	0	0	0	0	0	0	0	500	500	5	50	20	5	100	0	20	350	200	4	1	1	99	4	11	66	88	0	0	0	0	4	11	66	88	0	0	0	0	1	1	1	1	0	0	0	0	1	1	1	0	0	0	0	1000	0	1
15:46:41	2	运行	0	0	制冷	R410A	2	2	296	415	114	114	-27	-27	0	0	0	0	721	1123	721	1122	141	141	4095	2	2	228	281	124	122	-14	-16	0	0	0	0	703	1112	706	1113	138	138	4095	1	1	0	0	1	1	0	0	0	0	0	0	0	0	0	0	500	500	5	50	20	5	100	0	20	350	200	4	1	1	99	2	11	64	87	0	0	0	0	2	11	64	87	0	0	0	0	1	1	1	1	0	0	0	0	1	1	1	0	0	0	0	1000	0	1
15:46:43	2	运行	0	0	制冷	R410A	2	2	296	415	114	114	-27	-27	0	0	0	0	721	1123	721	1122	141	141	4095	2	2	228	281	124	122	-14	-16	0	0	0	0	703	1112	706	1113	138	138	4095	1	1	0	0	1	1	0	0	0	0	0	0	0	0	0	0	500	500	5	50	20	5	100	0	20	350	200	4	1	1	99	2	11	64	87	0	0	0	0	2	11	64	87	0	0	0	0	1	1	1	1	0	0	0	0	1	1	1	0	0	0	0	1000	0	1
15:46:45	2	运行	0	0	制冷	R410A	2	2	296	415	114	114	-27	-27	0	0	0	0	721	1123	721	1122	141	141	4095	2	2	228	281	124	122	-14	-16	0	0	0	0	703	1112	706	1113	138	138	4095	1	1	0	0	1	1	0	0	0	0	0	0	0	0	0	0	500	500	5	50	20	5	100	0	20	350	200	4	1	1	99	2	10	62	87	0	0	0	0	2	10	62	87	0	0	0	0	1	1	1	1	0	0	0	0	1	1	1	0	0	0	0	1000	0	1
15:46:47	2	运行	0	0	制冷	R410A	2	2	296	415	114	114	-27	-27	0	0	0	0	721	1123	721	1122	141	141	4095	2	2	228	281	124	122	-14	-16	0	0	0	0	703	1112	706	1113	138	138	4095	1	1	0	0	1	1	0	0	0	0	0	0	0	0	0	0	500	500	5	50	20	5	100	0	20	350	200	4	1	1	99	0	10	62	85	0	0	0	0	0	10	62	85	0	0	0	0	1	1	1	1	0	0	0	0	1	1	1	0	0	0	0	1000	0	1
15:46:49	2	运行	0	0	制冷	R410A	2	2	296	415	114	114	-27	-27	0	0	0	0	721	1123	721	1122	141	141	4095	2	2	228	281	124	122	-14	-16	0	0	0	0	703	1112	706	1113	138	138	4095	1	1	0	0	1	1	0	0	0	0	0	0	0	0	0	0	500	500	5	50	20	5	100	0	20	350	200	4	1	1	99	0	8	62	85	0	0	0	0	0	8	62	85	0	0	0	0	1	1	1	1	0	0	0	0	1	1	1	0	0	0	0	1000	0	1
15:46:51	2	运行	0	0	制冷	R410A	2	2	296	415	114	114	-27	-27	0	0	0	0	721	1123	721	1122	141	141	4095	2	2	228	281	124	122	-14	-16	0	0	0	0	703	1112	706	1113	138	138	4095	1	1	0	0	1	1	0	0	0	0	0	0	0	0	0	0	500	500	5	50	20	5	100	0	20	350	200	4	1	1	99	0	8	61	83	0	0	0	0	0	8	61	83	0	0	0	0	1	1	1	1	0	0	0	0	1	1	1	0	0	0	0	1000	0	1
15:46:53	2	运行	0	0	制冷	R410A	2	2	296	415	114	114	-27	-27	0	0	0	0	721	1123	721	1122	141	141	4095	2	2	228	281	124	122	-14	-16	0	0	0	0	703	1112	706	1113	138	138	4095	1	1	0	0	1	1	0	0	0	0	0	0	0	0	0	0	500	500	5	50	20	5	100	0	20	350	200	4	1	1	99	0	8	61	83	0	0	0	0	0	8	61	83	0	0	0	0	1	1	1	1	0	0	0	0	1	1	1	0	0	0	0	1000	0	1
15:46:55	2	运行	0	0	制冷	R410A	2	2	296	415	114	114	-27	-27	0	0	0	0	721	1123	721	1122	141	141	4095	2	2	228	281	124	122	-14	-16	0	0	0	0	703	1112	706	1113	138	138	4095	1	1	0	0	1	1	0	0	0	0	0	0	0	0	0	0	500	500	5	50	20	5	100	0	20	350	200	4	1	1	99	0	6	59	83	0	0	0	0	0	6	59	83	0	0	0	0	1	1	1	1	0	0	0	0	1	1	1	0	0	0	0	1000	0	1
15:46:57	2	运行	0	0	制冷	R410A	2	2	296	415	114	114	-27	-27	0	0	0	0	721	1123	721	1122	141	141	4095	2	2	228	281	124	122	-14	-16	0	0	0	0	703	1112	706	1113	138	138	4095	1	1	0	0	1	1	0	0	0	0	0	0	0	0	0	0	500	500	5	50	20	5	100	0	20	350	200	4	1	1	99	0	6	59	82	0	0	0	0	0	6	59	82	0	0	0	0	1	1	1	1	0	0	0	0	1	1	1	0	0	0	0	1000	0	1
15:46:59	2	运行	0	0	制冷	R410A	2	2	296	415	114	114	-27	-27	0	0	0	0	721	1123	721	1122	141	141	4095	2	2	228	281	124	122	-14	-16	0	0	0	0	703	1112	706	1113	138	138	4095	1	1	0	0	1	1	0	0	0	0	0	0	0	0	0	0	500	500	5	50	20	5	100	0	20	350	200	4	1	1	99	0	4	59	82	0	0	0	0	0	4	59	82	0	0	0	0	1	1	1	1	0	0	0	0	1	1	1	0	0	0	0	1000	0	1
15:47:01	2	运行	0	0	制冷	R410A	2	2	296	415	114	114	-27	-27	0	0	0	0	721	1123	721	1122	141	141	4095	2	2	228	281	124	122	-14	-16	0	0	0	0	703	1112	706	1113	138	138	4095	1	1	0	0	1	1	0	0	0	0	0	0	0	0	0	0	500	500	5	50	20	5	100	0	20	350	200	4	1	1	99	0	4	58	80	0	0	0	0	0	4	58	80	0	0	0	0	1	1	1	1	0	0	0	0	1	1	1	0	0	0	0	1000	0	1
15:47:03	2	运行	0	0	制冷	R410A	2	2	296	415	114	114	-27	-27	0	0	0	0	721	1123	721	1122	141	141	4095	2	2	228	281	124	122	-14	-16	0	0	0	0	703	1111	706	1114	138	138	4095	1	1	0	0	1	1	0	0	0	0	0	0	0	0	0	0	500	500	5	50	20	5	100	0	20	350	200	4	1	1	99	0	4	58	80	0	0	0	0	0	4	58	80	0	0	0	0	1	1	1	1	0	0	0	0	1	1	1	0	0	0	0	1000	0	1
15:47:05	2	运行	0	0	制冷	R410A	2	2	296	415	114	114	-27	-27	0	0	0	0	721	1123	721	1122	141	141	4095	2	2	228	281	124	122	-14	-16	0	0	0	0	703	1111	706	1114	138	138	4095	1	1	0	0	1	1	0	0	0	0	0	0	0	0	0	0	500	500	5	50	20	5	100	0	20	350	200	4	1	1	99	0	2	56	80	0	0	0	0	0	2	56	80	0	0	0	0	1	1	1	1	0	0	0	0	1	1	1	0	0	0	0	1000	0	1
15:47:07	2	运行	0	0	制冷	R410A	2	2	296	415	114	114	-27	-27	0	0	0	0	721	1123	721	1122	141	141	4095	2	2	228	281	124	122	-14	-16	0	0	0	0	703	1111	706	1114	138	138	4095	1	1	0	0	1	1	0	0	0	0	0	0	0	0	0	0	500	500	5	50	20	5	100	0	20	350	200	4	1	1	99	0	2	56	78	0	0	0	0	0	2	56	78	0	0	0	0	1	1	1	1	0	0	0	0	1	1	1	0	0	0	0	1000	0	1
15:47:09	2	运行	0	0	制冷	R410A	2	2	296	415	114	114	-27	-27	0	0	0	0	721	1123	721	1122	141	141	4095	2	2	228	281	124	122	-14	-16	0	0	0	0	703	1111	706	1114	138	138	4095	1	1	0	0	1	1	0	0	0	0	0	0	0	0	0	0	500	500	5	50	20	5	100	0	20	350	200	4	1	1	99	0	0	56	78	0	0	0	0	0	0	56	78	0	0	0	0	1	1	1	1	0	0	0	0	1	1	1	0	0	0	0	1000	0	1
15:47:11	2	运行	0	0	制冷	R410A	2	2	296	415	114	114	-27	-27	0	0	0	0	721	1123	721	1122	141	141	4095	2	2	228	281	124	122	-14	-16	0	0	0	0	703	1111	706	1114	138	138	4095	1	1	0	0	1	1	0	0	0	0	0	0	0	0	0	0	500	500	5	50	20	5	100	0	20	350	200	4	1	1	99	0	0	54	77	0	0	0	0	0	0	54	77	0	0	0	0	1	1	1	1	0	0	0	0	1	1	1	0	0	0	0	1000	0	1
15:47:13	2	运行	0	0	制冷	R410A	2	2	296	415	114	114	-27	-27	0	0	0	0	721	1123	721	1122	141	141	4095	2	2	228	281	124	122	-14	-16	0	0	0	0	703	1111	706	1114	138	138	4095	1	1	0	0	1	1	0	0	0	0	0	0	0	0	0	0	500	500	5	50	20	5	100	0	20	350	200	4	1	1	99	0	0	54	77	0	0	0	0	0	0	54	77	0	0	0	0	1	1	1	1	0	0	0	0	1	1	1	0	0	0	0	1000	0	1
15:47:15	2	运行	0	0	制冷	R410A	2	2	296	415	114	114	-27	-27	0	0	0	0	721	1123	721	1122	141	141	4095	2	2	228	281	124	122	-14	-16	0	0	0	0	703	1112	706	1113	138	138	4095	1	1	0	0	1	1	0	0	0	0	0	0	0	0	0	0	500	500	5	50	20	5	100	0	20	350	200	4	1	1	99	0	0	53	77	0	0	0	0	0	0	53	77	0	0	0	0	1	1	1	1	0	0	0	0	1	1	1	0	0	0	0	1000	0	1
15:47:17	2	运行	0	0	制冷	R410A	2	2	296	415	114	114	-27	-27	0	0	0	0	721	1123	721	1122	141	141	4095	2	2	228	281	124	122	-14	-16	0	0	0	0	703	1112	706	1113	138	138	4095	1	1	0	0	1	1	0	0	0	0	0	0	0	0	0	0	500	500	5	50	20	5	100	0	20	350	200	4	1	1	99	0	0	53	75	0	0	0	0	0	0	53	75	0	0	0	0	1	1	1	1	0	0	0	0	1	1	1	0	0	0	0	1000	0	1
15:47:19	2	运行	0	0	制冷	R410A	2	2	296	415	114	114	-27	-27	0	0	0	0	721	1123	721	1122	141	141	4095	2	2	228	281	124	122	-14	-16	0	0	0	0	703	1112	706	1113	138	138	4095	1	1	0	0	1	1	0	0	0	0	0	0	0	0	0	0	500	500	5	50	20	5	100	0	20	350	200	4	1	1	99	0	0	53	75	0	0	0	0	0	0	53	75	0	0	0	0	1	1	1	1	0	0	0	0	1	1	1	0	0	0	0	1000	0	1
15:47:21	2	运行	0	0	制冷	R410A	2	2	296	415	114	114	-27	-27	0	0	0	0	721	1123	721	1122	141	141	4095	2	2	228	281	124	122	-14	-16	0	0	0	0	703	1112	706	1113	138	138	4095	1	1	0	0	1	1	0	0	0	0	0	0	0	0	0	0	500	500	5	50	20	5	100	0	20	350	200	4	1	1	99	0	0	51	73	0	0	0	0	0	0	51	73	0	0	0	0	1	1	1	1	0	0	0	0	1	1	1	0	0	0	0	1000	0	1
15:47:23	2	运行	0	0	制冷	R410A	2	2	296	415	114	114	-27	-27	0	0	0	0	721	1123	721	1122	141	141	4095	2	2	228	281	124	122	-14	-16	0	0	0	0	703	1112	706	1113	138	138	4095	1	1	0	0	1	1	0	0	0	0	0	0	0	0	0	0	500	500	5	50	20	5	100	0	20	350	200	4	1	1	99	0	0	51	73	0	0	0	0	0	0	51	73	0	0	0	0	1	1	1	1	0	0	0	0	1	1	1	0	0	0	0	1000	0	1
15:47:25	2	运行	0	0	制冷	R410A	2	2	296	415	114	114	-27	-27	0	0	0	0	721	1123	721	1122	141	141	4095	2	2	228	281	124	122	-14	-16	0	0	0	0	703	1112	706	1113	138	138	4095	1	1	0	0	1	1	0	0	0	0	0	0	0	0	0	0	500	500	5	50	20	5	100	0	20	350	200	4	1	1	99	0	0	50	73	0	0	0	0	0	0	50	73	0	0	0	0	1	1	1	1	0	0	0	0	1	1	1	0	0	0	0	1000	0	1
15:47:27	2	运行	0	0	制冷	R410A	2	2	296	415	114	114	-27	-27	0	0	0	0	721	1121	721	1122	141	141	4095	2	2	228	281	124	122	-14	-16	0	0	0	0	703	1113	706	1113	138	138	4095	1	1	0	0	1	1	0	0	0	0	0	0	0	0	0	0	500	500	5	50	20	5	100	0	20	350	200	4	1	1	99	0	0	50	72	0	0	0	0	0	0	50	72	0	0	0	0	1	1	1	1	0	0	0	0	1	1	1	0	0	0	0	1000	0	1
15:47:29	2	运行	0	0	制冷	R410A	2	2	296	415	114	114	-27	-27	0	0	0	0	721	1121	721	1122	141	141	4095	2	2	228	281	124	122	-14	-16	0	0	0	0	703	1113	706	1113	138	138	4095	1	1	0	0	1	1	0	0	0	0	0	0	0	0	0	0	500	500	5	50	20	5	100	0	20	350	200	4	1	1	99	0	0	50	72	0	0	0	0	0	0	50	72	0	0	0	0	1	1	1	1	0	0	0	0	1	1	1	0	0	0	0	1000	0	1
15:47:31	2	运行	0	0	制冷	R410A	2	2	296	415	114	114	-27	-27	0	0	0	0	721	1121	721	1122	141	141	4095	2	2	228	281	124	122	-14	-16	0	0	0	0	703	1113	706	1113	138	138	4095	1	1	0	0	1	1	0	0	0	0	0	0	0	0	0	0	500	500	5	50	20	5	100	0	20	350	200	4	1	1	99	0	0	48	70	0	0	0	0	0	0	48	70	0	0	0	0	1	1	1	1	0	0	0	0	1	1	1	0	0	0	0	1000	0	1
15:47:33	2	运行	0	0	制冷	R410A	2	2	296	415	114	114	-27	-27	0	0	0	0	721	1121	721	1122	141	141	4095	2	2	228	281	124	122	-14	-16	0	0	0	0	703	1113	706	1113	138	138	4095	1	1	0	0	1	1	0	0	0	0	0	0	0	0	0	0	500	500	5	50	20	5	100	0	20	350	200	4	1	1	99	0	0	48	70	0	0	0	0	0	0	48	70	0	0	0	0	1	1	1	1	0	0	0	0	1	1	1	0	0	0	0	1000	0	1
15:47:35	2	运行	0	0	制冷	R410A	2	2	296	415	114	114	-27	-27	0	0	0	0	721	1121	721	1122	141	141	4095	2	2	228	281	124	122	-14	-16	0	0	0	0	703	1113	706	1113	138	138	4095	1	1	0	0	1	1	0	0	0	0	0	0	0	0	0	0	500	500	5	50	20	5	100	0	20	350	200	4	1	1	99	0	0	46	70	0	0	0	0	0	0	46	70	0	0	0	0	1	1	1	1	0	0	0	0	1	1	1	0	0	0	0	1000	0	1
15:47:37	2	运行	0	0	制冷	R410A	2	2	296	415	114	114	-27	-27	0	0	0	0	721	1121	721	1122	141	141	4095	2	2	228	281	124	122	-14	-16	0	0	0	0	703	1113	706	1113	138	138	4095	1	1	0	0	1	1	0	0	0	0	0	0	0	0	0	0	500	500	5	50	20	5	100	0	20	350	200	4	1	1	99	0	0	46	68	0	0	0	0	0	0	46	68	0	0	0	0	1	1	1	1	0	0	0	0	1	1	1	0	0	0	0	1000	0	1
15:47:39	2	运行	0	0	制冷	R410A	2	2	296	415	114	114	-27	-27	0	0	0	0	721	1123	721	1122	141	141	4095	2	2	228	281	124	122	-14	-16	0	0	0	0	703	1112	706	1113	138	138	4095	1	1	0	0	1	1	0	0	0	0	0	0	0	0	0	0	500	500	5	50	20	5	100	0	20	350	200	4	1	1	99	0	0	46	68	0	0	0	0	0	0	46	68	0	0	0	0	1	1	1	1	0	0	0	0	1	1	1	0	0	0	0	1000	0	1
15:47:41	2	运行	0	0	制冷	R410A	2	2	296	415	114	114	-27	-27	0	0	0	0	721	1123	721	1122	141	141	4095	2	2	228	281	124	122	-14	-16	0	0	0	0	703	1112	706	1113	138	138	4095	1	1	0	0	1	1	0	0	0	0	0	0	0	0	0	0	500	500	5	50	20	5	100	0	20	350	200	4	1	1	99	0	0	45	67	0	0	0	0	0	0	45	67	0	0	0	0	1	1	1	1	0	0	0	0	1	1	1	0	0	0	0	1000	0	1
15:47:43	2	运行	0	0	制冷	R410A	2	2	296	415	114	114	-27	-27	0	0	0	0	721	1123	721	1122	141	141	4095	2	2	228	281	124	122	-14	-16	0	0	0	0	703	1112	706	1113	138	138	4095	1	1	0	0	1	1	0	0	0	0	0	0	0	0	0	0	500	500	5	50	20	5	100	0	20	350	200	4	1	1	99	0	0	45	67	0	0	0	0	0	0	45	67	0	0	0	0	1	1	1	1	0	0	0	0	1	1	1	0	0	0	0	1000	0	1
15:47:45	2	运行	0	0	制冷	R410A	2	2	296	415	114	114	-27	-27	0	0	0	0	721	1123	721	1122	141	141	4095	2	2	228	281	124	122	-14	-16	0	0	0	0	703	1112	706	1113	138	138	4095	1	1	0	0	1	1	0	0	0	0	0	0	0	0	0	0	500	500	5	50	20	5	100	0	20	350	200	4	1	1	99	0	0	43	67	0	0	0	0	0	0	43	67	0	0	0	0	1	1	1	1	0	0	0	0	1	1	1	0	0	0	0	1000	0	1
15:47:47	2	运行	0	0	制冷	R410A	2	2	296	415	114	114	-27	-27	0	0	0	0	721	1123	721	1122	141	141	4095	2	2	228	281	124	122	-14	-16	0	0	0	0	703	1112	706	1113	138	138	4095	1	1	0	0	1	1	0	0	0	0	0	0	0	0	0	0	500	500	5	50	20	5	100	0	20	350	200	4	1	1	99	0	0	43	65	0	0	0	0	0	0	43	65	0	0	0	0	1	1	1	1	0	0	0	0	1	1	1	0	0	0	0	1000	0	1
15:47:49	2	运行	0	0	制冷	R410A	2	2	296	415	114	114	-27	-27	0	0	0	0	721	1123	721	1122	141	141	4095	2	2	228	281	124	122	-14	-16	0	0	0	0	703	1112	706	1113	138	138	4095	1	1	0	0	1	1	0	0	0	0	0	0	0	0	0	0	500	500	5	50	20	5	100	0	20	350	200	4	1	1	99	0	0	43	65	0	0	0	0	0	0	43	65	0	0	0	0	1	1	1	1	0	0	0	0	1	1	1	0	0	0	0	1000	0	1
15:47:51	2	运行	0	0	制冷	R410A	2	2	296	415	114	114	-27	-27	0	0	0	0	721	1123	721	1122	141	141	4095	2	2	228	281	124	122	-14	-16	0	0	0	0	703	1112	706	1113	138	138	4095	1	1	0	0	1	1	0	0	0	0	0	0	0	0	0	0	500	500	5	50	20	5	100	0	20	350	200	4	1	1	99	0	0	42	63	0	0	0	0	0	0	42	63	0	0	0	0	1	1	1	1	0	0	0	0	1	1	1	0	0	0	0	1000	0	1
15:47:53	2	运行	0	0	制冷	R410A	2	2	296	415	114	114	-27	-27	0	0	0	0	721	1123	721	1122	141	141	4095	2	2	228	281	124	122	-14	-16	0	0	0	0	703	1112	706	1113	138	138	4095	1	1	0	0	1	1	0	0	0	0	0	0	0	0	0	0	500	500	5	50	20	5	100	0	20	350	200	4	1	1	99	0	0	42	63	0	0	0	0	0	0	42	63	0	0	0	0	1	1	1	1	0	0	0	0	1	1	1	0	0	0	0	1000	0	1
15:47:55	2	运行	0	0	制冷	R410A	2	2	296	415	114	114	-27	-27	0	0	0	0	721	1123	721	1122	141	141	4095	2	2	228	281	124	122	-14	-16	0	0	0	0	703	1112	706	1113	138	138	4095	1	1	0	0	1	1	0	0	0	0	0	0	0	0	0	0	500	500	5	50	20	5	100	0	20	350	200	4	1	1	99	0	0	40	63	0	0	0	0	0	0	40	63	0	0	0	0	1	1	1	1	0	0	0	0	1	1	1	0	0	0	0	1000	0	1
15:47:57	2	运行	0	0	制冷	R410A	2	2	296	415	114	114	-27	-27	0	0	0	0	721	1123	721	1122	141	141	4095	2	2	228	281	124	122	-14	-16	0	0	0	0	703	1112	706	1113	138	138	4095	1	1	0	0	1	1	0	0	0	0	0	0	0	0	0	0	500	500	5	50	20	5	100	0	20	350	200	4	1	1	99	0	0	40	62	0	0	0	0	0	0	40	62	0	0	0	0	1	1	1	1	0	0	0	0	1	1	1	0	0	0	0	1000	0	1
15:47:59	2	运行	0	0	制冷	R410A	2	2	296	415	114	114	-27	-27	0	0	0	0	721	1123	721	1122	141	141	4095	2	2	228	281	124	122	-14	-16	0	0	0	0	703	1112	706	1113	138	138	4095	1	1	0	0	1	1	0	0	0	0	0	0	0	0	0	0	500	500	5	50	20	5	100	0	20	350	200	4	1	1	99	0	0	40	62	0	0	0	0	0	0	40	62	0	0	0	0	1	1	1	1	0	0	0	0	1	1	1	0	0	0	0	1000	0	1
15:48:01	2	运行	0	0	制冷	R410A	2	2	296	415	114	114	-27	-27	0	0	0	0	721	1123	721	1122	141	141	4095	2	2	228	281	124	122	-14	-16	0	0	0	0	703	1112	706	1113	138	138	4095	1	1	0	0	1	1	0	0	0	0	0	0	0	0	0	0	500	500	5	50	20	5	100	0	20	350	200	4	1	1	99	0	0	38	60	0	0	0	0	0	0	38	60	0	0	0	0	1	1	1	1	0	0	0	0	1	1	1	0	0	0	0	1000	0	1
15:48:03	2	运行	0	0	制冷	R410A	2	2	296	415	114	114	-27	-27	0	0	0	0	721	1123	721	1122	141	141	4095	2	2	228	281	124	122	-14	-16	0	0	0	0	703	1112	706	1113	138	138	4095	1	1	0	0	1	1	0	0	0	0	0	0	0	0	0	0	500	500	5	50	20	5	100	0	20	350	200	4	1	1	99	0	0	38	60	0	0	0	0	0	0	38	60	0	0	0	0	1	1	1	1	0	0	0	0	1	1	1	0	0	0	0	1000	0	1
15:48:05	2	运行	0	0	制冷	R410A	2	2	296	415	114	114	-27	-27	0	0	0	0	721	1123	721	1122	141	141	4095	2	2	228	281	124	122	-14	-16	0	0	0	0	703	1112	706	1113	138	138	4095	1	1	0	0	1	1	0	0	0	0	0	0	0	0	0	0	500	500	5	50	20	5	100	0	20	350	200	4	1	1	99	0	0	37	60	0	0	0	0	0	0	37	60	0	0	0	0	1	1	1	1	0	0	0	0	1	1	1	0	0	0	0	1000	0	1
15:48:07	2	运行	0	0	制冷	R410A	2	2	296	415	114	114	-27	-27	0	0	0	0	721	1123	721	1122	141	141	4095	2	2	228	281	124	122	-14	-16	0	0	0	0	703	1112	706	1113	138	138	4095	1	1	0	0	1	1	0	0	0	0	0	0	0	0	0	0	500	500	5	50	20	5	100	0	20	350	200	4	1	1	99	0	0	37	58	0	0	0	0	0	0	37	58	0	0	0	0	1	1	1	1	0	0	0	0	1	1	1	0	0	0	0	1000	0	1
15:48:09	2	运行	0	0	制冷	R410A	2	2	296	415	114	114	-27	-27	0	0	0	0	721	1123	721	1122	141	141	4095	2	2	228	281	124	122	-14	-16	0	0	0	0	703	1112	706	1113	138	138	4095	1	1	0	0	1	1	0	0	0	0	0	0	0	0	0	0	500	500	5	50	20	5	100	0	20	350	200	4	1	1	99	0	0	37	58	0	0	0	0	0	0	37	58	0	0	0	0	1	1	1	1	0	0	0	0	1	1	1	0	0	0	0	1000	0	1
15:48:11	2	运行	0	0	制冷	R410A	2	2	296	415	114	114	-27	-27	0	0	0	0	721	1123	721	1122	141	141	4095	2	2	228	281	124	122	-14	-16	0	0	0	0	703	1112	706	1113	138	138	4095	1	1	0	0	1	1	0	0	0	0	0	0	0	0	0	0	500	500	5	50	20	5	100	0	20	350	200	4	1	1	99	0	0	35	57	0	0	0	0	0	0	35	57	0	0	0	0	1	1	1	1	0	0	0	0	1	1	1	0	0	0	0	1000	0	1
15:48:13	2	运行	0	0	制冷	R410A	2	2	296	415	114	114	-27	-27	0	0	0	0	721	1123	721	1122	141	141	4095	2	2	228	281	124	122	-14	-16	0	0	0	0	703	1112	706	1113	138	138	4095	1	1	0	0	1	1	0	0	0	0	0	0	0	0	0	0	500	500	5	50	20	5	100	0	20	350	200	4	1	1	99	0	0	35	57	0	0	0	0	0	0	35	57	0	0	0	0	1	1	1	1	0	0	0	0	1	1	1	0	0	0	0	1000	0	1
15:48:15	2	运行	0	0	制冷	R410A	2	2	296	415	114	114	-27	-27	0	0	0	0	721	1123	721	1122	141	141	4095	2	2	228	281	124	122	-14	-16	0	0	0	0	703	1112	706	1113	138	138	4095	1	1	0	0	1	1	0	0	0	0	0	0	0	0	0	0	500	500	5	50	20	5	100	0	20	350	200	4	1	1	99	0	0	34	57	0	0	0	0	0	0	34	57	0	0	0	0	1	1	1	1	0	0	0	0	1	1	1	0	0	0	0	1000	0	1
15:48:17	2	运行	0	0	制冷	R410A	2	2	296	415	114	114	-27	-27	0	0	0	0	721	1123	721	1122	141	141	4095	2	2	228	281	124	122	-14	-16	0	0	0	0	703	1112	706	1113	138	138	4095	1	1	0	0	1	1	0	0	0	0	0	0	0	0	0	0	500	500	5	50	20	5	100	0	20	350	200	4	1	1	99	0	0	34	55	0	0	0	0	0	0	34	55	0	0	0	0	1	1	1	1	0	0	0	0	1	1	1	0	0	0	0	1000	0	1
15:48:19	2	运行	0	0	制冷	R410A	2	2	296	415	114	114	-27	-27	0	0	0	0	721	1123	721	1122	141	141	4095	2	2	228	281	124	122	-14	-16	0	0	0	0	703	1112	706	1113	138	138	4095	1	1	0	0	1	1	0	0	0	0	0	0	0	0	0	0	500	500	5	50	20	5	100	0	20	350	200	4	1	1	99	0	0	34	55	0	0	0	0	0	0	34	55	0	0	0	0	1	1	1	1	0	0	0	0	1	1	1	0	0	0	0	1000	0	1
15:48:21	2	运行	0	0	制冷	R410A	2	2	296	415	114	114	-27	-27	0	0	0	0	721	1123	721	1122	141	141	4095	2	2	228	281	124	122	-14	-16	0	0	0	0	703	1112	706	1113	138	138	4095	1	1	0	0	1	1	0	0	0	0	0	0	0	0	0	0	500	500	5	50	20	5	100	0	20	350	200	4	1	1	99	0	0	32	54	0	0	0	0	0	0	32	54	0	0	0	0	1	1	1	1	0	0	0	0	1	1	1	0	0	0	0	1000	0	1
15:48:23	2	运行	0	0	制冷	R410A	2	2	296	415	114	114	-27	-27	0	0	0	0	721	1123	721	1122	141	141	4095	2	2	228	281	124	122	-14	-16	0	0	0	0	703	1112	706	1113	138	138	4095	1	1	0	0	1	1	0	0	0	0	0	0	0	0	0	0	500	500	5	50	20	5	100	0	20	350	200	4	1	1	99	0	0	32	54	0	0	0	0	0	0	32	54	0	0	0	0	1	1	1	1	0	0	0	0	1	1	1	0	0	0	0	1000	0	1
15:48:25	2	运行	0	0	制冷	R410A	2	2	296	415	114	114	-27	-27	0	0	0	0	721	1123	721	1122	141	141	4095	2	2	228	281	124	122	-14	-16	0	0	0	0	703	1112	706	1113	138	138	4095	1	1	0	0	1	1	0	0	0	0	0	0	0	0	0	0	500	500	5	50	20	5	100	0	20	350	200	4	1	1	99	0	0	30	54	0	0	0	0	0	0	30	54	0	0	0	0	1	1	1	1	0	0	0	0	1	1	1	0	0	0	0	1000	0	1
15:48:27	2	运行	0	0	制冷	R410A	2	2	296	415	114	114	-27	-27	0	0	0	0	721	1123	721	1122	141	141	4095	2	2	228	281	124	122	-14	-16	0	0	0	0	703	1112	706	1113	138	138	4095	1	1	0	0	1	1	0	0	0	0	0	0	0	0	0	0	500	500	5	50	20	5	100	0	20	350	200	4	1	1	99	0	0	30	52	0	0	0	0	0	0	30	52	0	0	0	0	1	1	1	1	0	0	0	0	1	1	1	0	0	0	0	1000	0	1
15:48:29	2	运行	0	0	制冷	R410A	2	2	296	415	114	114	-27	-27	0	0	0	0	721	1123	721	1122	141	141	4095	2	2	228	281	124	122	-14	-16	0	0	0	0	703	1112	706	1113	138	138	4095	1	1	0	0	1	1	0	0	0	0	0	0	0	0	0	0	500	500	5	50	20	5	100	0	20	350	200	4	1	1	99	0	0	30	52	0	0	0	0	0	0	30	52	0	0	0	0	1	1	1	1	0	0	0	0	1	1	1	0	0	0	0	1000	0	1
15:48:31	2	运行	0	0	制冷	R410A	2	2	296	415	114	114	-27	-27	0	0	0	0	721	1123	721	1122	141	141	4095	2	2	228	281	124	122	-14	-16	0	0	0	0	703	1112	706	1113	138	138	4095	1	1	0	0	1	1	0	0	0	0	0	0	0	0	0	0	500	500	5	50	20	5	100	0	20	350	200	4	1	1	99	0	0	29	50	0	0	0	0	0	0	29	50	0	0	0	0	1	1	1	1	0	0	0	0	1	1	1	0	0	0	0	1000	0	1
15:48:33	2	运行	0	0	制冷	R410A	2	2	296	415	114	114	-27	-27	0	0	0	0	721	1123	721	1122	141	141	4095	2	2	228	281	124	122	-14	-16	0	0	0	0	703	1112	706	1113	138	138	4095	1	1	0	0	1	1	0	0	0	0	0	0	0	0	0	0	500	500	5	50	20	5	100	0	20	350	200	4	1	1	99	0	0	29	50	0	0	0	0	0	0	29	50	0	0	0	0	1	1	1	1	0	0	0	0	1	1	1	0	0	0	0	1000	0	1
15:48:35	2	运行	0	0	制冷	R410A	2	2	296	415	114	114	-27	-27	0	0	0	0	721	1123	721	1122	141	141	4095	2	2	228	281	124	122	-14	-16	0	0	0	0	703	1112	706	1113	138	138	4095	1	1	0	0	1	1	0	0	0	0	0	0	0	0	0	0	500	500	5	50	20	5	100	0	20	350	200	4	1	1	99	0	0	27	50	0	0	0	0	0	0	27	50	0	0	0	0	1	1	1	1	0	0	0	0	1	1	1	0	0	0	0	1000	0	1
15:48:37	2	运行	0	0	制冷	R410A	2	2	296	415	114	114	-27	-27	0	0	0	0	721	1123	721	1122	141	141	4095	2	2	228	281	124	122	-14	-16	0	0	0	0	703	1112	706	1113	138	138	4095	1	1	0	0	1	1	0	0	0	0	0	0	0	0	0	0	500	500	5	50	20	5	100	0	20	350	200	4	1	1	99	0	0	27	49	0	0	0	0	0	0	27	49	0	0	0	0	1	1	1	1	0	0	0	0	1	1	1	0	0	0	0	1000	0	1
15:48:39	2	运行	0	0	制冷	R410A	2	2	296	415	114	114	-27	-27	0	0	0	0	721	1123	721	1122	141	141	4095	2	2	228	281	124	122	-14	-16	0	0	0	0	703	1112	706	1113	138	138	4095	1	1	0	0	1	1	0	0	0	0	0	0	0	0	0	0	500	500	5	50	20	5	100	0	20	350	200	4	1	1	99	0	0	27	49	0	0	0	0	0	0	27	49	0	0	0	0	1	1	1	1	0	0	0	0	1	1	1	0	0	0	0	1000	0	1
15:48:41	2	运行	0	0	制冷	R410A	2	2	296	415	114	114	-27	-27	0	0	0	0	721	1123	721	1122	141	141	4095	2	2	228	281	124	122	-14	-16	0	0	0	0	703	1112	706	1113	138	138	4095	1	1	0	0	1	1	0	0	0	0	0	0	0	0	0	0	500	500	5	50	20	5	100	0	20	350	200	4	1	1	99	0	0	26	47	0	0	0	0	0	0	26	47	0	0	0	0	1	1	1	1	0	0	0	0	1	1	1	0	0	0	0	1000	0	1
15:48:43	2	运行	0	0	制冷	R410A	2	2	296	415	114	114	-27	-27	0	0	0	0	721	1123	721	1122	141	141	4095	2	2	228	281	124	122	-14	-16	0	0	0	0	703	1112	706	1113	138	138	4095	1	1	0	0	1	1	0	0	0	0	0	0	0	0	0	0	500	500	5	50	20	5	100	0	20	350	200	4	1	1	99	0	0	26	47	0	0	0	0	0	0	26	47	0	0	0	0	1	1	1	1	0	0	0	0	1	1	1	0	0	0	0	1000	0	1
15:48:45	2	运行	0	0	制冷	R410A	2	2	296	415	114	114	-27	-27	0	0	0	0	721	1123	721	1122	141	141	4095	2	2	228	281	124	122	-14	-16	0	0	0	0	703	1112	706	1113	138	138	4095	1	1	0	0	1	1	0	0	0	0	0	0	0	0	0	0	500	500	5	50	20	5	100	0	20	350	200	4	1	1	99	0	0	24	47	0	0	0	0	0	0	24	47	0	0	0	0	1	1	1	1	0	0	0	0	1	1	1	0	0	0	0	1000	0	1
15:48:47	2	运行	0	0	制冷	R410A	2	2	296	415	114	114	-27	-27	0	0	0	0	721	1123	721	1122	141	141	4095	2	2	228	281	124	122	-14	-16	0	0	0	0	703	1112	706	1113	138	138	4095	1	1	0	0	1	1	0	0	0	0	0	0	0	0	0	0	500	500	5	50	20	5	100	0	20	350	200	4	1	1	99	0	0	24	45	0	0	0	0	0	0	24	45	0	0	0	0	1	1	1	1	0	0	0	0	1	1	1	0	0	0	0	1000	0	1
15:48:49	2	运行	0	0	制冷	R410A	2	2	296	415	114	114	-27	-27	0	0	0	0	721	1123	721	1122	141	141	4095	2	2	228	281	124	122	-14	-16	0	0	0	0	703	1112	706	1113	138	138	4095	1	1	0	0	1	1	0	0	0	0	0	0	0	0	0	0	500	500	5	50	20	5	100	0	20	350	200	4	1	1	99	0	0	24	45	0	0	0	0	0	0	24	45	0	0	0	0	1	1	1	1	0	0	0	0	1	1	1	0	0	0	0	1000	0	1
15:48:51	2	运行	0	0	制冷	R410A	2	2	296	415	114	114	-27	-27	0	0	0	0	721	1123	721	1122	141	141	4095	2	2	228	281	124	122	-14	-16	0	0	0	0	703	1112	706	1113	138	138	4095	1	1	0	0	1	1	0	0	0	0	0	0	0	0	0	0	500	500	5	50	20	5	100	0	20	350	200	4	1	1	99	0	0	22	44	0	0	0	0	0	0	22	44	0	0	0	0	1	1	1	1	0	0	0	0	1	1	1	0	0	0	0	1000	0	1
15:48:53	2	运行	0	0	制冷	R410A	2	2	296	415	114	114	-27	-27	0	0	0	0	721	1123	721	1122	141	141	4095	2	2	228	281	124	122	-14	-16	0	0	0	0	703	1112	706	1113	138	138	4095	1	1	0	0	1	1	0	0	0	0	0	0	0	0	0	0	500	500	5	50	20	5	100	0	20	350	200	4	1	1	99	0	0	22	44	0	0	0	0	0	0	22	44	0	0	0	0	1	1	1	1	0	0	0	0	1	1	1	0	0	0	0	1000	0	1
15:48:55	2	运行	0	0	制冷	R410A	2	2	296	415	114	114	-27	-27	0	0	0	0	721	1123	721	1122	141	141	4095	2	2	228	281	124	122	-14	-16	0	0	0	0	703	1112	706	1113	138	138	4095	1	1	0	0	1	1	0	0	0	0	0	0	0	0	0	0	500	500	5	50	20	5	100	0	20	350	200	4	1	1	99	0	0	21	44	0	0	0	0	0	0	21	44	0	0	0	0	1	1	1	1	0	0	0	0	1	1	1	0	0	0	0	1000	0	1
15:48:57	2	运行	0	0	制冷	R410A	2	2	296	415	114	114	-27	-27	0	0	0	0	721	1123	721	1122	141	141	4095	2	2	228	281	124	122	-14	-16	0	0	0	0	703	1112	706	1113	138	138	4095	1	1	0	0	1	1	0	0	0	0	0	0	0	0	0	0	500	500	5	50	20	5	100	0	20	350	200	4	1	1	99	0	0	21	42	0	0	0	0	0	0	21	42	0	0	0	0	1	1	1	1	0	0	0	0	1	1	1	0	0	0	0	1000	0	1
15:48:59	2	运行	0	0	制冷	R410A	2	2	296	415	114	114	-27	-27	0	0	0	0	721	1123	721	1122	141	141	4095	2	2	228	281	124	122	-14	-16	0	0	0	0	703	1112	706	1113	138	138	4095	1	1	0	0	1	1	0	0	0	0	0	0	0	0	0	0	500	500	5	50	20	5	100	0	20	350	200	4	1	1	99	0	0	21	42	0	0	0	0	0	0	21	42	0	0	0	0	1	1	1	1	0	0	0	0	1	1	1	0	0	0	0	1000	0	1
15:49:01	2	运行	0	0	制冷	R410A	2	2	296	415	114	114	-27	-27	0	0	0	0	721	1123	721	1122	141	141	4095	2	2	228	281	124	122	-14	-16	0	0	0	0	703	1112	706	1113	138	138	4095	1	1	0	0	1	1	0	0	0	0	0	0	0	0	0	0	500	500	5	50	20	5	100	0	20	350	200	4	1	1	99	0	0	19	40	0	0	0	0	0	0	19	40	0	0	0	0	1	1	1	1	0	0	0	0	1	1	1	0	0	0	0	1000	0	1
15:49:03	2	运行	0	0	制冷	R410A	2	2	296	415	114	114	-27	-27	0	0	0	0	721	1123	721	1122	141	141	4095	2	2	228	281	124	122	-14	-16	0	0	0	0	703	1112	706	1113	138	138	4095	1	1	0	0	1	1	0	0	0	0	0	0	0	0	0	0	500	500	5	50	20	5	100	0	20	350	200	4	1	1	99	0	0	19	40	0	0	0	0	0	0	19	40	0	0	0	0	1	1	1	1	0	0	0	0	1	1	1	0	0	0	0	1000	0	1
15:49:05	2	运行	0	0	制冷	R410A	2	2	296	415	114	114	-27	-27	0	0	0	0	721	1123	721	1122	141	141	4095	2	2	228	281	124	122	-14	-16	0	0	0	0	703	1112	706	1113	138	138	4095	1	1	0	0	1	1	0	0	0	0	0	0	0	0	0	0	500	500	5	50	20	5	100	0	20	350	200	4	1	1	99	0	0	18	40	0	0	0	0	0	0	18	40	0	0	0	0	1	1	1	1	0	0	0	0	1	1	1	0	0	0	0	1000	0	1
15:49:07	2	运行	0	0	制冷	R410A	2	2	296	415	114	114	-27	-27	0	0	0	0	721	1123	721	1122	141	141	4095	2	2	228	281	124	122	-14	-16	0	0	0	0	703	1112	706	1113	138	138	4095	1	1	0	0	1	1	0	0	0	0	0	0	0	0	0	0	500	500	5	50	20	5	100	0	20	350	200	4	1	1	99	0	0	18	39	0	0	0	0	0	0	18	39	0	0	0	0	1	1	1	1	0	0	0	0	1	1	1	0	0	0	0	1000	0	1
15:49:09	2	运行	0	0	制冷	R410A	2	2	296	415	114	114	-27	-27	0	0	0	0	721	1123	721	1122	141	141	4095	2	2	228	281	124	122	-14	-16	0	0	0	0	703	1112	706	1113	138	138	4095	1	1	0	0	1	1	0	0	0	0	0	0	0	0	0	0	500	500	5	50	20	5	100	0	20	350	200	4	1	1	99	0	0	18	39	0	0	0	0	0	0	18	39	0	0	0	0	1	1	1	1	0	0	0	0	1	1	1	0	0	0	0	1000	0	1
15:49:11	2	运行	0	0	制冷	R410A	2	2	296	415	114	114	-27	-27	0	0	0	0	721	1121	721	1122	141	141	4095	2	2	228	281	124	122	-14	-16	0	0	0	0	703	1112	706	1113	138	138	4095	1	1	0	0	1	1	0	0	0	0	0	0	0	0	0	0	500	500	5	50	20	5	100	0	20	350	200	4	1	1	99	0	0	16	37	0	0	0	0	0	0	16	37	0	0	0	0	1	1	1	1	0	0	0	0	1	1	1	0	0	0	0	1000	0	1
15:49:13	2	运行	0	0	制冷	R410A	2	2	296	415	114	114	-27	-27	0	0	0	0	721	1121	721	1122	141	141	4095	2	2	228	281	124	122	-14	-16	0	0	0	0	703	1112	706	1113	138	138	4095	1	1	0	0	1	1	0	0	0	0	0	0	0	0	0	0	500	500	5	50	20	5	100	0	20	350	200	4	1	1	99	0	0	16	37	0	0	0	0	0	0	16	37	0	0	0	0	1	1	1	1	0	0	0	0	1	1	1	0	0	0	0	1000	0	1
15:49:15	2	运行	0	0	制冷	R410A	2	2	296	415	114	114	-27	-27	0	0	0	0	721	1121	721	1122	141	141	4095	2	2	228	281	124	122	-14	-16	0	0	0	0	703	1112	706	1113	138	138	4095	1	1	0	0	1	1	0	0	0	0	0	0	0	0	0	0	500	500	5	50	20	5	100	0	20	350	200	4	1	1	99	0	0	14	37	0	0	0	0	0	0	14	37	0	0	0	0	1	1	1	1	0	0	0	0	1	1	1	0	0	0	0	1000	0	1
15:49:17	2	运行	0	0	制冷	R410A	2	2	296	415	114	114	-27	-27	0	0	0	0	721	1121	721	1122	141	141	4095	2	2	228	281	124	122	-14	-16	0	0	0	0	703	1112	706	1113	138	138	4095	1	1	0	0	1	1	0	0	0	0	0	0	0	0	0	0	500	500	5	50	20	5	100	0	20	350	200	4	1	1	99	0	0	14	35	0	0	0	0	0	0	14	35	0	0	0	0	1	1	1	1	0	0	0	0	1	1	1	0	0	0	0	1000	0	1
15:49:19	2	运行	0	0	制冷	R410A	2	2	296	415	114	114	-27	-27	0	0	0	0	721	1121	721	1122	141	141	4095	2	2	228	281	124	122	-14	-16	0	0	0	0	703	1112	706	1113	138	138	4095	1	1	0	0	1	1	0	0	0	0	0	0	0	0	0	0	500	500	5	50	20	5	100	0	20	350	200	4	1	1	99	0	0	14	35	0	0	0	0	0	0	14	35	0	0	0	0	1	1	1	1	0	0	0	0	1	1	1	0	0	0	0	1000	0	1
15:49:21	2	运行	0	0	制冷	R410A	2	2	296	415	114	114	-27	-27	0	0	0	0	721	1121	721	1122	141	141	4095	2	2	228	281	124	122	-14	-16	0	0	0	0	703	1112	706	1113	138	138	4095	1	1	0	0	1	1	0	0	0	0	0	0	0	0	0	0	500	500	5	50	20	5	100	0	20	350	200	4	1	1	99	0	0	13	34	0	0	0	0	0	0	13	34	0	0	0	0	1	1	1	1	0	0	0	0	1	1	1	0	0	0	0	1000	0	1
15:49:23	2	运行	0	0	制冷	R410A	2	2	296	415	114	114	-27	-27	0	0	0	0	721	1121	721	1122	141	141	4095	2	2	228	281	124	122	-14	-16	0	0	0	0	703	1112	706	1113	138	138	4095	1	1	0	0	1	1	0	0	0	0	0	0	0	0	0	0	500	500	5	50	20	5	100	0	20	350	200	4	1	1	99	0	0	13	34	0	0	0	0	0	0	13	34	0	0	0	0	1	1	1	1	0	0	0	0	1	1	1	0	0	0	0	1000	0	1
15:49:25	2	运行	0	0	制冷	R410A	2	2	296	415	114	114	-27	-27	0	0	0	0	721	1121	721	1122	141	141	4095	2	2	228	281	124	122	-14	-16	0	0	0	0	703	1112	706	1113	138	138	4095	1	1	0	0	1	1	0	0	0	0	0	0	0	0	0	0	500	500	5	50	20	5	100	0	20	350	200	4	1	1	99	0	0	11	34	0	0	0	0	0	0	11	34	0	0	0	0	1	1	1	1	0	0	0	0	1	1	1	0	0	0	0	1000	0	1
15:49:27	2	运行	0	0	制冷	R410A	2	2	296	415	114	114	-27	-27	0	0	0	0	721	1121	721	1122	141	141	4095	2	2	228	281	124	122	-14	-16	0	0	0	0	703	1112	706	1113	138	138	4095	1	1	0	0	1	1	0	0	0	0	0	0	0	0	0	0	500	500	5	50	20	5	100	0	20	350	200	4	1	1	99	0	0	11	32	0	0	0	0	0	0	11	32	0	0	0	0	1	1	1	1	0	0	0	0	1	1	1	0	0	0	0	1000	0	1
15:49:29	2	运行	0	0	制冷	R410A	2	2	296	415	114	114	-27	-27	0	0	0	0	721	1121	721	1122	141	141	4095	2	2	228	281	124	122	-14	-16	0	0	0	0	703	1112	706	1113	138	138	4095	1	1	0	0	1	1	0	0	0	0	0	0	0	0	0	0	500	500	5	50	20	5	100	0	20	350	200	4	1	1	99	0	0	11	32	0	0	0	0	0	0	11	32	0	0	0	0	1	1	1	1	0	0	0	0	1	1	1	0	0	0	0	1000	0	1
15:49:31	2	运行	0	0	制冷	R410A	2	2	296	415	114	114	-27	-27	0	0	0	0	721	1121	721	1122	141	141	4095	2	2	228	281	124	122	-14	-16	0	0	0	0	703	1112	706	1113	138	138	4095	1	1	0	0	1	1	0	0	0	0	0	0	0	0	0	0	500	500	5	50	20	5	100	0	20	350	200	4	1	1	99	0	0	10	30	0	0	0	0	0	0	10	30	0	0	0	0	1	1	1	1	0	0	0	0	1	1	1	0	0	0	0	1000	0	1
15:49:33	2	运行	0	0	制冷	R410A	2	2	296	415	114	114	-27	-27	0	0	0	0	721	1121	721	1122	141	141	4095	2	2	228	281	124	122	-14	-16	0	0	0	0	703	1112	706	1113	138	138	4095	1	1	0	0	1	1	0	0	0	0	0	0	0	0	0	0	500	500	5	50	20	5	100	0	20	350	200	4	1	1	99	0	0	10	30	0	0	0	0	0	0	10	30	0	0	0	0	1	1	1	1	0	0	0	0	1	1	1	0	0	0	0	1000	0	1
15:49:35	2	运行	0	0	制冷	R410A	2	2	296	415	114	114	-27	-27	0	0	0	0	718	1121	721	1124	141	141	4095	2	2	228	281	124	122	-14	-16	0	0	0	0	703	1112	706	1113	138	138	4095	1	1	0	0	1	1	0	0	0	0	0	0	0	0	0	0	500	500	5	50	20	5	100	0	20	350	200	4	1	1	99	0	0	8	30	0	0	0	0	0	0	8	30	0	0	0	0	1	1	1	1	0	0	0	0	1	1	1	0	0	0	0	1000	0	1
15:49:37	2	运行	0	0	制冷	R410A	2	2	296	415	114	114	-27	-27	0	0	0	0	718	1121	721	1124	141	141	4095	2	2	228	281	124	122	-14	-16	0	0	0	0	703	1112	706	1113	138	138	4095	1	1	0	0	1	1	0	0	0	0	0	0	0	0	0	0	500	500	5	50	20	5	100	0	20	350	200	4	1	1	99	0	0	8	29	0	0	0	0	0	0	8	29	0	0	0	0	1	1	1	1	0	0	0	0	1	1	1	0	0	0	0	1000	0	1
15:49:39	2	运行	0	0	制冷	R410A	2	2	296	415	114	114	-27	-27	0	0	0	0	718	1121	721	1124	141	141	4095	2	2	228	281	124	122	-14	-16	0	0	0	0	703	1112	706	1113	138	138	4095	1	1	0	0	1	1	0	0	0	0	0	0	0	0	0	0	500	500	5	50	20	5	100	0	20	350	200	4	1	1	99	0	0	8	29	0	0	0	0	0	0	8	29	0	0	0	0	1	1	1	1	0	0	0	0	1	1	1	0	0	0	0	1000	0	1
15:49:41	2	运行	0	0	制冷	R410A	2	2	296	415	114	114	-27	-27	0	0	0	0	718	1121	721	1124	141	141	4095	2	2	228	281	124	122	-14	-16	0	0	0	0	703	1112	706	1113	138	138	4095	1	1	0	0	1	1	0	0	0	0	0	0	0	0	0	0	500	500	5	50	20	5	100	0	20	350	200	4	1	1	99	0	0	6	27	0	0	0	0	0	0	6	27	0	0	0	0	1	1	1	1	0	0	0	0	1	1	1	0	0	0	0	1000	0	1
15:49:43	2	运行	0	0	制冷	R410A	2	2	296	415	114	114	-27	-27	0	0	0	0	718	1121	721	1124	141	141	4095	2	2	228	281	124	122	-14	-16	0	0	0	0	703	1112	706	1113	138	138	4095	1	1	0	0	1	1	0	0	0	0	0	0	0	0	0	0	500	500	5	50	20	5	100	0	20	350	200	4	1	1	99	0	0	6	27	0	0	0	0	0	0	6	27	0	0	0	0	1	1	1	1	0	0	0	0	1	1	1	0	0	0	0	1000	0	1
15:49:45	2	运行	0	0	制冷	R410A	2	2	296	415	114	114	-27	-27	0	0	0	0	721	1123	721	1122	141	141	4095	2	2	228	281	124	122	-14	-16	0	0	0	0	703	1112	706	1113	138	138	4095	1	1	0	0	1	1	0	0	0	0	0	0	0	0	0	0	500	500	5	50	20	5	100	0	20	350	200	4	1	1	99	0	0	5	27	0	0	0	0	0	0	5	27	0	0	0	0	1	1	1	1	0	0	0	0	1	1	1	0	0	0	0	1000	0	1
15:49:47	2	运行	0	0	制冷	R410A	2	2	296	415	114	114	-27	-27	0	0	0	0	721	1123	721	1122	141	141	4095	2	2	228	281	124	122	-14	-16	0	0	0	0	703	1112	706	1113	138	138	4095	1	1	0	0	1	1	0	0	0	0	0	0	0	0	0	0	500	500	5	50	20	5	100	0	20	350	200	4	1	1	99	0	0	5	25	0	0	0	0	0	0	5	25	0	0	0	0	1	1	1	1	0	0	0	0	1	1	1	0	0	0	0	1000	0	1
15:49:49	2	运行	0	0	制冷	R410A	2	2	296	415	114	114	-27	-27	0	0	0	0	721	1123	721	1122	141	141	4095	2	2	228	281	124	122	-14	-16	0	0	0	0	703	1112	706	1113	138	138	4095	1	1	0	0	1	1	0	0	0	0	0	0	0	0	0	0	500	500	5	50	20	5	100	0	20	350	200	4	1	1	99	0	0	5	25	0	0	0	0	0	0	5	25	0	0	0	0	1	1	1	1	0	0	0	0	1	1	1	0	0	0	0	1000	0	1
15:49:51	2	运行	0	0	制冷	R410A	2	2	296	415	114	114	-27	-27	0	0	0	0	721	1123	721	1122	141	141	4095	2	2	228	281	124	122	-14	-16	0	0	0	0	703	1112	706	1113	138	138	4095	1	1	0	0	1	1	0	0	0	0	0	0	0	0	0	0	500	500	5	50	20	5	100	0	20	350	200	4	1	1	99	0	0	3	24	0	0	0	0	0	0	3	24	0	0	0	0	1	1	1	1	0	0	0	0	1	1	1	0	0	0	0	1000	0	1
15:49:53	2	运行	0	0	制冷	R410A	2	2	296	415	114	114	-27	-27	0	0	0	0	721	1123	721	1122	141	141	4095	2	2	228	281	124	122	-14	-16	0	0	0	0	703	1112	706	1113	138	138	4095	1	1	0	0	1	1	0	0	0	0	0	0	0	0	0	0	500	500	5	50	20	5	100	0	20	350	200	4	1	1	99	0	0	3	24	0	0	0	0	0	0	3	24	0	0	0	0	1	1	1	1	0	0	0	0	1	1	1	0	0	0	0	1000	0	1
15:49:55	2	运行	0	0	制冷	R410A	2	2	296	415	114	114	-27	-27	0	0	0	0	721	1123	721	1122	141	141	4095	2	2	228	281	124	122	-14	-16	0	0	0	0	703	1112	706	1113	138	138	4095	1	1	0	0	1	1	0	0	0	0	0	0	0	0	0	0	500	500	5	50	20	5	100	0	20	350	200	4	1	1	99	0	0	2	24	0	0	0	0	0	0	2	24	0	0	0	0	1	1	1	1	0	0	0	0	1	1	1	0	0	0	0	1000	0	1
15:49:57	2	运行	0	0	制冷	R410A	2	2	296	415	114	114	-27	-27	0	0	0	0	721	1123	721	1122	141	141	4095	2	2	228	281	124	122	-14	-16	0	0	0	0	703	1112	706	1113	138	138	4095	1	1	0	0	1	1	0	0	0	0	0	0	0	0	0	0	500	500	5	50	20	5	100	0	20	350	200	4	1	1	99	0	0	2	22	0	0	0	0	0	0	2	22	0	0	0	0	1	1	1	1	0	0	0	0	1	1	1	0	0	0	0	1000	0	1
15:49:59	2	运行	0	0	制冷	R410A	2	2	296	415	114	114	-27	-27	0	0	0	0	721	1123	721	1122	141	141	4095	2	2	228	281	124	122	-14	-16	0	0	0	0	703	1112	706	1113	138	138	4095	1	1	0	0	1	1	0	0	0	0	0	0	0	0	0	0	500	500	5	50	20	5	100	0	20	350	200	4	1	1	99	0	0	2	22	0	0	0	0	0	0	2	22	0	0	0	0	1	1	1	1	0	0	0	0	1	1	1	0	0	0	0	1000	0	1
15:50:01	2	运行	0	0	制冷	R410A	2	2	296	415	114	114	-27	-27	0	0	0	0	721	1123	721	1122	141	141	4095	2	2	228	281	124	122	-14	-16	0	0	0	0	703	1112	706	1113	138	138	4095	1	1	0	0	1	1	0	0	0	0	0	0	0	0	0	0	500	500	5	50	20	5	100	0	20	350	200	4	1	1	99	0	0	0	21	0	0	0	0	0	0	0	21	0	0	0	0	1	1	1	1	0	0	0	0	1	1	1	0	0	0	0	1000	0	1
15:50:03	2	运行	0	0	制冷	R410A	2	2	296	415	114	114	-27	-27	0	0	0	0	721	1123	721	1122	141	141	4095	2	2	228	281	124	122	-14	-16	0	0	0	0	703	1112	706	1113	138	138	4095	1	1	0	0	1	1	0	0	0	0	0	0	0	0	0	0	500	500	5	50	20	5	100	0	20	350	200	4	1	1	99	0	0	0	21	0	0	0	0	0	0	0	21	0	0	0	0	1	1	1	1	0	0	0	0	1	1	1	0	0	0	0	1000	0	1
15:50:05	2	运行	0	0	制冷	R410A	2	2	296	415	114	114	-27	-27	0	0	0	0	721	1123	721	1122	141	141	4095	2	2	228	281	124	122	-14	-16	0	0	0	0	703	1112	706	1113	138	138	4095	1	1	0	0	1	1	0	0	0	0	0	0	0	0	0	0	500	500	5	50	20	5	100	0	20	350	200	4	1	1	99	0	0	0	21	0	0	0	0	0	0	0	21	0	0	0	0	1	1	1	1	0	0	0	0	1	1	1	0	0	0	0	1000	0	1
15:50:07	2	运行	0	0	制冷	R410A	2	2	296	415	114	114	-27	-27	0	0	0	0	721	1123	721	1122	141	141	4095	2	2	228	281	124	122	-14	-16	0	0	0	0	703	1112	706	1113	138	138	4095	1	1	0	0	1	1	0	0	0	0	0	0	0	0	0	0	500	500	5	50	20	5	100	0	20	350	200	4	1	1	99	0	0	0	19	0	0	0	0	0	0	0	19	0	0	0	0	1	1	1	1	0	0	0	0	1	1	1	0	0	0	0	1000	0	1
15:50:09	2	运行	0	0	制冷	R410A	2	2	296	415	114	114	-27	-27	0	0	0	0	721	1121	721	1122	141	141	4095	2	2	228	281	124	122	-14	-16	0	0	0	0	703	1112	706	1113	138	138	4095	1	1	0	0	1	1	0	0	0	0	0	0	0	0	0	0	500	500	5	50	20	5	100	0	20	350	200	4	1	1	99	0	0	0	19	0	0	0	0	0	0	0	19	0	0	0	0	1	1	1	1	0	0	0	0	1	1	1	0	0	0	0	1000	0	1
15:50:11	2	运行	0	0	制冷	R410A	2	2	296	415	114	114	-27	-27	0	0	0	0	721	1121	721	1122	141	141	4095	2	2	228	281	124	122	-14	-16	0	0	0	0	703	1112	706	1113	138	138	4095	1	1	0	0	1	1	0	0	0	0	0	0	0	0	0	0	500	500	5	50	20	5	100	0	20	350	200	4	1	1	99	0	0	0	17	0	0	0	0	0	0	0	17	0	0	0	0	1	1	1	1	0	0	0	0	1	1	1	0	0	0	0	1000	0	1
15:50:13	2	运行	0	0	制冷	R410A	2	2	296	415	114	114	-27	-27	0	0	0	0	721	1121	721	1122	141	141	4095	2	2	228	281	124	122	-14	-16	0	0	0	0	703	1112	706	1113	138	138	4095	1	1	0	0	1	1	0	0	0	0	0	0	0	0	0	0	500	500	5	50	20	5	100	0	20	350	200	4	1	1	99	0	0	0	17	0	0	0	0	0	0	0	17	0	0	0	0	1	1	1	1	0	0	0	0	1	1	1	0	0	0	0	1000	0	1
15:50:15	2	运行	0	0	制冷	R410A	2	2	296	415	114	114	-27	-27	0	0	0	0	721	1121	721	1122	141	141	4095	2	2	228	281	124	122	-14	-16	0	0	0	0	703	1112	706	1113	138	138	4095	1	1	0	0	1	1	0	0	0	0	0	0	0	0	0	0	500	500	5	50	20	5	100	0	20	350	200	4	1	1	99	0	0	0	17	0	0	0	0	0	0	0	17	0	0	0	0	1	1	1	1	0	0	0	0	1	1	1	0	0	0	0	1000	0	1
15:50:17	2	运行	0	0	制冷	R410A	2	2	296	415	114	114	-27	-27	0	0	0	0	721	1121	721	1122	141	141	4095	2	2	228	281	124	122	-14	-16	0	0	0	0	703	1112	706	1113	138	138	4095	1	1	0	0	1	1	0	0	0	0	0	0	0	0	0	0	500	500	5	50	20	5	100	0	20	350	200	4	1	1	99	0	0	0	16	0	0	0	0	0	0	0	16	0	0	0	0	1	1	1	1	0	0	0	0	1	1	1	0	0	0	0	1000	0	1
15:50:19	2	运行	0	0	制冷	R410A	2	2	296	415	114	114	-27	-27	0	0	0	0	721	1121	721	1122	141	141	4095	2	2	228	281	124	122	-14	-16	0	0	0	0	703	1112	706	1113	138	138	4095	1	1	0	0	1	1	0	0	0	0	0	0	0	0	0	0	500	500	5	50	20	5	100	0	20	350	200	4	1	1	99	0	0	0	16	0	0	0	0	0	0	0	16	0	0	0	0	1	1	1	1	0	0	0	0	1	1	1	0	0	0	0	1000	0	1
15:50:21	2	运行	0	0	制冷	R410A	2	2	296	415	114	114	-27	-27	0	0	0	0	721	1123	721	1122	141	141	4095	2	2	228	281	124	122	-14	-16	0	0	0	0	703	1112	706	1113	138	138	4095	1	1	0	0	1	1	0	0	0	0	0	0	0	0	0	0	500	500	5	50	20	5	100	0	20	350	200	4	1	1	99	0	0	0	14	0	0	0	0	0	0	0	14	0	0	0	0	1	1	1	1	0	0	0	0	1	1	1	0	0	0	0	1000	0	1
15:50:23	2	运行	0	0	制冷	R410A	2	2	296	415	114	114	-27	-27	0	0	0	0	721	1123	721	1122	141	141	4095	2	2	228	281	124	122	-14	-16	0	0	0	0	703	1112	706	1113	138	138	4095	1	1	0	0	1	1	0	0	0	0	0	0	0	0	0	0	500	500	5	50	20	5	100	0	20	350	200	4	1	1	99	0	0	0	14	0	0	0	0	0	0	0	14	0	0	0	0	1	1	1	1	0	0	0	0	1	1	1	0	0	0	0	1000	0	1
15:50:25	2	运行	0	0	制冷	R410A	2	2	296	415	114	114	-27	-27	0	0	0	0	721	1123	721	1122	141	141	4095	2	2	228	281	124	122	-14	-16	0	0	0	0	703	1112	706	1113	138	138	4095	1	1	0	0	1	1	0	0	0	0	0	0	0	0	0	0	500	500	5	50	20	5	100	0	20	350	200	4	1	1	99	0	0	0	14	0	0	0	0	0	0	0	14	0	0	0	0	1	1	1	1	0	0	0	0	1	1	1	0	0	0	0	1000	0	1
15:50:27	2	运行	0	0	制冷	R410A	2	2	296	415	114	114	-27	-27	0	0	0	0	721	1123	721	1122	141	141	4095	2	2	228	281	124	122	-14	-16	0	0	0	0	703	1112	706	1113	138	138	4095	1	1	0	0	1	1	0	0	0	0	0	0	0	0	0	0	500	500	5	50	20	5	100	0	20	350	200	4	1	1	99	0	0	0	12	0	0	0	0	0	0	0	12	0	0	0	0	1	1	1	1	0	0	0	0	1	1	1	0	0	0	0	1000	0	1
15:50:29	2	运行	0	0	制冷	R410A	2	2	296	415	114	114	-27	-27	0	0	0	0	721	1123	721	1122	141	141	4095	2	2	228	281	124	122	-14	-16	0	0	0	0	703	1112	706	1113	138	138	4095	1	1	0	0	1	1	0	0	0	0	0	0	0	0	0	0	500	500	5	50	20	5	100	0	20	350	200	4	1	1	99	0	0	0	12	0	0	0	0	0	0	0	12	0	0	0	0	1	1	1	1	0	0	0	0	1	1	1	0	0	0	0	1000	0	1
15:50:31	2	运行	0	0	制冷	R410A	2	2	296	415	114	114	-27	-27	0	0	0	0	721	1121	721	1122	141	141	4095	2	2	228	281	124	122	-14	-16	0	0	0	0	703	1112	706	1113	138	138	4095	1	1	0	0	1	1	0	0	0	0	0	0	0	0	0	0	500	500	5	50	20	5	100	0	20	350	200	4	1	1	99	0	0	0	11	0	0	0	0	0	0	0	11	0	0	0	0	1	1	1	1	0	0	0	0	1	1	1	0	0	0	0	1000	0	1
15:50:33	2	运行	0	0	制冷	R410A	2	2	296	415	114	114	-27	-27	0	0	0	0	721	1121	721	1122	141	141	4095	2	2	228	281	124	122	-14	-16	0	0	0	0	703	1111	706	1113	138	138	4095	1	1	0	0	1	1	0	0	0	0	0	0	0	0	0	0	500	500	5	50	20	5	100	0	20	350	200	4	1	1	99	0	0	0	11	0	0	0	0	0	0	0	11	0	0	0	0	1	1	1	1	0	0	0	0	1	1	1	0	0	0	0	1000	0	1
15:50:35	2	运行	0	0	制冷	R410A	2	2	296	415	114	114	-27	-27	0	0	0	0	721	1121	721	1122	141	141	4095	2	2	228	281	124	122	-14	-16	0	0	0	0	703	1111	706	1113	138	138	4095	1	1	0	0	1	1	0	0	0	0	0	0	0	0	0	0	500	500	5	50	20	5	100	0	20	350	200	4	1	1	99	0	0	0	11	0	0	0	0	0	0	0	11	0	0	0	0	1	1	1	1	0	0	0	0	1	1	1	0	0	0	0	1000	0	1
15:50:37	2	运行	0	0	制冷	R410A	2	2	296	415	114	114	-27	-27	0	0	0	0	721	1121	721	1122	141	141	4095	2	2	228	281	124	122	-14	-16	0	0	0	0	703	1111	706	1113	138	138	4095	1	1	0	0	1	1	0	0	0	0	0	0	0	0	0	0	500	500	5	50	20	5	100	0	20	350	200	4	1	1	99	0	0	0	9	0	0	0	0	0	0	0	9	0	0	0	0	1	1	1	1	0	0	0	0	1	1	1	0	0	0	0	1000	0	1
15:50:39	2	运行	0	0	制冷	R410A	2	2	296	415	114	114	-27	-27	0	0	0	0	721	1121	721	1122	141	141	4095	2	2	228	281	124	122	-14	-16	0	0	0	0	703	1111	706	1113	138	138	4095	1	1	0	0	1	1	0	0	0	0	0	0	0	0	0	0	500	500	5	50	20	5	100	0	20	350	200	4	1	1	99	0	0	0	9	0	0	0	0	0	0	0	9	0	0	0	0	1	1	1	1	0	0	0	0	1	1	1	0	0	0	0	1000	0	1
15:50:41	2	运行	0	0	制冷	R410A	2	2	296	415	114	114	-27	-27	0	0	0	0	721	1121	721	1122	141	141	4095	2	2	228	281	124	122	-14	-16	0	0	0	0	703	1111	706	1113	138	138	4095	1	1	0	0	1	1	0	0	0	0	0	0	0	0	0	0	500	500	5	50	20	5	100	0	20	350	200	4	1	1	99	0	0	0	7	0	0	0	0	0	0	0	7	0	0	0	0	1	1	1	1	0	0	0	0	1	1	1	0	0	0	0	1000	0	1
15:50:43	2	运行	0	0	制冷	R410A	2	2	296	415	114	114	-27	-27	0	0	0	0	721	1123	721	1122	141	141	4095	2	2	228	281	124	122	-14	-16	0	0	0	0	703	1112	706	1113	138	138	4095	1	1	0	0	1	1	0	0	0	0	0	0	0	0	0	0	500	500	5	50	20	5	100	0	20	350	200	4	1	1	99	0	0	0	7	0	0	0	0	0	0	0	7	0	0	0	0	1	1	1	1	0	0	0	0	1	1	1	0	0	0	0	1000	0	1
15:50:45	2	运行	0	0	制冷	R410A	2	2	296	415	114	114	-27	-27	0	0	0	0	721	1123	721	1122	141	141	4095	2	2	228	281	124	122	-14	-16	0	0	0	0	703	1112	706	1113	138	138	4095	1	1	0	0	1	1	0	0	0	0	0	0	0	0	0	0	500	500	5	50	20	5	100	0	20	350	200	4	1	1	99	0	0	0	7	0	0	0	0	0	0	0	7	0	0	0	0	1	1	1	1	0	0	0	0	1	1	1	0	0	0	0	1000	0	1
15:50:47	2	运行	0	0	制冷	R410A	2	2	296	415	114	114	-27	-27	0	0	0	0	721	1123	721	1122	141	141	4095	2	2	228	281	124	122	-14	-16	0	0	0	0	703	1112	706	1113	138	138	4095	1	1	0	0	1	1	0	0	0	0	0	0	0	0	0	0	500	500	5	50	20	5	100	0	20	350	200	4	1	1	99	0	0	0	6	0	0	0	0	0	0	0	6	0	0	0	0	1	1	1	1	0	0	0	0	1	1	1	0	0	0	0	1000	0	1
15:50:49	2	运行	0	0	制冷	R410A	2	2	296	415	114	114	-27	-27	0	0	0	0	721	1123	721	1122	141	141	4095	2	2	228	281	124	122	-14	-16	0	0	0	0	703	1112	706	1113	138	138	4095	1	1	0	0	1	1	0	0	0	0	0	0	0	0	0	0	500	500	5	50	20	5	100	0	20	350	200	4	1	1	99	0	0	0	6	0	0	0	0	0	0	0	6	0	0	0	0	1	1	1	1	0	0	0	0	1	1	1	0	0	0	0	1000	0	1
15:50:51	2	运行	0	0	制冷	R410A	2	2	296	415	114	114	-27	-27	0	0	0	0	721	1123	721	1122	141	141	4095	2	2	228	281	124	122	-14	-16	0	0	0	0	703	1112	706	1113	138	138	4095	1	1	0	0	1	1	0	0	0	0	0	0	0	0	0	0	500	500	5	50	20	5	100	0	20	350	200	4	1	1	99	0	0	0	4	0	0	0	0	0	0	0	4	0	0	0	0	1	1	1	1	0	0	0	0	1	1	1	0	0	0	0	1000	0	1
15:50:53	2	运行	0	0	制冷	R410A	2	2	296	415	114	114	-27	-27	0	0	0	0	721	1123	721	1122	141	141	4095	2	2	228	281	124	122	-14	-16	0	0	0	0	703	1112	706	1113	138	138	4095	1	1	0	0	1	1	0	0	0	0	0	0	0	0	0	0	500	500	5	50	20	5	100	0	20	350	200	4	1	1	99	0	0	0	4	0	0	0	0	0	0	0	4	0	0	0	0	1	1	1	1	0	0	0	0	1	1	1	0	0	0	0	1000	0	1
15:50:55	2	运行	0	0	制冷	R410A	2	2	296	415	114	114	-27	-27	0	0	0	0	718	1121	721	1122	141	141	4095	2	2	228	281	124	122	-14	-16	0	0	0	0	703	1112	706	1113	138	138	4095	1	1	0	0	1	1	0	0	0	0	0	0	0	0	0	0	500	500	5	50	20	5	100	0	20	350	200	4	1	1	99	0	0	0	4	0	0	0	0	0	0	0	4	0	0	0	0	1	1	1	1	0	0	0	0	1	1	1	0	0	0	0	1000	0	1
15:50:57	2	运行	0	0	制冷	R410A	2	2	296	415	114	114	-27	-27	0	0	0	0	718	1121	721	1122	141	141	4095	2	2	228	281	124	122	-14	-16	0	0	0	0	703	1112	706	1113	138	138	4095	1	1	0	0	1	1	0	0	0	0	0	0	0	0	0	0	500	500	5	50	20	5	100	0	20	350	200	4	1	1	99	0	0	0	2	0	0	0	0	0	0	0	2	0	0	0	0	1	1	1	1	0	0	0	0	1	1	1	0	0	0	0	1000	0	1
15:50:59	2	运行	0	0	制冷	R410A	2	2	296	415	114	114	-27	-27	0	0	0	0	718	1121	721	1122	141	141	4095	2	2	228	281	124	122	-14	-16	0	0	0	0	703	1112	706	1113	138	138	4095	1	1	0	0	1	1	0	0	0	0	0	0	0	0	0	0	500	500	5	50	20	5	100	0	20	350	200	4	1	1	99	0	0	0	2	0	0	0	0	0	0	0	2	0	0	0	0	1	1	1	1	0	0	0	0	1	1	1	0	0	0	0	1000	0	1
15:51:01	2	运行	0	0	制冷	R410A	2	2	296	415	114	114	-27	-27	0	0	0	0	718	1121	721	1122	141	141	4095	2	2	228	281	124	122	-14	-16	0	0	0	0	703	1112	706	1113	138	138	4095	1	1	0	0	1	1	0	0	0	0	0	0	0	0	0	0	500	500	5	50	20	5	100	0	20	350	200	4	1	1	99	0	0	0	1	0	0	0	0	0	0	0	1	0	0	0	0	1	1	1	1	0	0	0	0	1	1	1	0	0	0	0	1000	0	1
15:51:03	2	运行	0	0	制冷	R410A	2	2	296	415	114	114	-27	-27	0	0	0	0	718	1121	721	1122	141	141	4095	2	2	228	281	124	122	-14	-16	0	0	0	0	703	1112	706	1113	138	138	4095	1	1	0	0	1	1	0	0	0	0	0	0	0	0	0	0	500	500	5	50	20	5	100	0	20	350	200	4	1	1	99	0	0	0	1	0	0	0	0	0	0	0	1	0	0	0	0	1	1	1	1	0	0	0	0	1	1	1	0	0	0	0	1000	0	1
15:51:05	2	运行	0	0	制冷	R410A	2	2	296	415	114	114	-27	-27	0	0	0	0	718	1121	721	1122	141	141	4095	2	2	228	281	124	122	-14	-16	0	0	0	0	703	1112	706	1113	138	138	4095	1	1	0	0	1	1	0	0	0	0	0	0	0	0	0	0	500	500	5	50	20	5	100	0	20	350	200	4	1	1	99	0	0	0	1	0	0	0	0	0	0	0	1	0	0	0	0	1	1	1	1	0	0	0	0	1	1	1	0	0	0	0	1000	0	1
15:51:07	2	运行	0	0	制冷	R410A	2	2	296	415	114	114	-27	-27	0	0	0	0	721	1123	721	1122	141	141	4095	2	2	228	281	124	122	-14	-16	0	0	0	0	703	1112	706	1113	138	138	4095	1	1	0	0	1	1	0	0	0	0	0	0	0	0	0	0	500	500	5	50	20	5	100	0	20	350	200	4	1	1	99	0	0	0	0	0	0	0	0	0	0	0	0	0	0	0	0	1	1	1	1	0	0	0	0	1	1	1	0	0	0	0	1000	0	1
15:51:09	2	运行	0	0	制冷	R410A	2	2	296	415	114	114	-27	-27	0	0	0	0	721	1123	721	1122	141	141	4095	2	2	228	281	124	122	-14	-16	0	0	0	0	703	1112	706	1113	138	138	4095	1	1	0	0	1	1	0	0	0	0	0	0	0	0	0	0	500	500	5	50	20	5	100	0	20	350	200	4	1	1	99	0	0	0	0	0	0	0	0	0	0	0	0	0	0	0	0	1	1	1	1	0	0	0	0	1	1	1	0	0	0	0	1000	0	1
15:51:11	2	运行	0	0	制冷	R410A	2	2	296	415	114	114	-27	-27	0	0	0	0	721	1123	721	1122	141	141	4095	2	2	228	281	124	122	-14	-16	0	0	0	0	703	1112	706	1113	138	138	4095	1	1	0	0	1	1	0	0	0	0	0	0	0	0	0	0	500	500	5	50	20	5	100	0	20	350	200	4	1	1	99	0	0	0	0	0	0	0	0	0	0	0	0	0	0	0	0	1	1	1	1	0	0	0	0	1	1	1	0	0	0	0	1000	0	1
15:51:13	2	运行	0	0	制冷	R410A	2	2	296	415	114	114	-27	-27	0	0	0	0	721	1123	721	1122	141	141	4095	2	2	228	281	124	122	-14	-16	0	0	0	0	703	1112	706	1113	138	138	4095	1	1	0	0	1	1	0	0	0	0	0	0	0	0	0	0	500	500	5	50	20	5	100	0	20	350	200	4	1	1	99	0	0	0	0	0	0	0	0	0	0	0	0	0	0	0	0	1	1	1	1	0	0	0	0	1	1	1	0	0	0	0	1000	0	1
15:51:15	2	运行	0	0	制冷	R410A	2	2	296	415	114	114	-27	-27	0	0	0	0	721	1123	721	1122	141	141	4095	2	2	228	281	124	122	-14	-16	0	0	0	0	703	1112	706	1113	138	138	4095	1	1	0	0	1	1	0	0	0	0	0	0	0	0	0	0	500	500	5	50	20	5	100	0	20	350	200	4	1	1	99	0	0	0	0	0	0	0	0	0	0	0	0	0	0	0	0	1	1	1	1	0	0	0	0	1	1	1	0	0	0	0	1000	0	1
15:51:17	2	运行	0	0	制冷	R410A	2	2	296	415	114	114	-27	-27	0	0	0	0	721	1123	721	1122	141	141	4095	2	2	228	281	124	122	-14	-16	0	0	0	0	703	1112	706	1113	138	138	4095	1	1	0	0	1	1	0	0	0	0	0	0	0	0	0	0	500	500	5	50	20	5	100	0	20	350	200	4	1	1	99	0	0	0	0	0	0	0	0	0	0	0	0	0	0	0	0	1	1	1	1	0	0	0	0	1	1	1	0	0	0	0	1000	0	1
15:51:19	2	运行	0	0	制冷	R410A	2	2	296	415	114	114	-27	-27	0	0	0	0	721	1123	721	1122	141	141	4095	2	2	228	281	124	122	-14	-16	0	0	0	0	703	1112	706	1113	138	138	4095	1	1	0	0	1	1	0	0	0	0	0	0	0	0	0	0	500	500	5	50	20	5	100	0	20	350	200	4	1	1	99	0	0	0	0	0	0	0	0	0	0	0	0	0	0	0	0	1	1	1	1	0	0	0	0	1	1	1	0	0	0	0	1000	0	1
15:51:21	2	运行	0	0	制冷	R410A	2	2	296	415	114	114	-27	-27	0	0	0	0	721	1123	721	1122	141	141	4095	2	2	228	281	124	122	-14	-16	0	0	0	0	703	1112	706	1113	138	138	4095	1	1	0	0	1	1	0	0	0	0	0	0	0	0	0	0	500	500	5	50	20	5	100	0	20	350	200	4	1	1	99	0	0	0	0	0	0	0	0	0	0	0	0	0	0	0	0	1	1	1	1	0	0	0	0	1	1	1	0	0	0	0	1000	0	1
15:51:23	2	运行	0	0	制冷	R410A	2	2	296	415	114	114	-27	-27	0	0	0	0	721	1123	721	1122	141	141	4095	2	2	228	281	124	122	-14	-16	0	0	0	0	703	1112	706	1113	138	138	4095	1	1	0	0	1	1	0	0	0	0	0	0	0	0	0	0	500	500	5	50	20	5	100	0	20	350	200	4	1	1	99	0	0	0	0	0	0	0	0	0	0	0	0	0	0	0	0	1	1	1	1	0	0	0	0	1	1	1	0	0	0	0	1000	0	1
15:51:25	2	运行	0	0	制冷	R410A	2	2	296	415	114	114	-27	-27	0	0	0	0	721	1123	721	1122	141	141	4095	2	2	228	281	124	122	-14	-16	0	0	0	0	703	1112	706	1113	138	138	4095	1	1	0	0	1	1	0	0	0	0	0	0	0	0	0	0	500	500	5	50	20	5	100	0	20	350	200	4	1	1	99	0	0	0	0	0	0	0	0	0	0	0	0	0	0	0	0	1	1	1	1	0	0	0	0	1	1	1	0	0	0	0	1000	0	1
15:51:27	2	运行	0	0	制冷	R410A	2	2	296	415	114	114	-27	-27	0	0	0	0	721	1123	721	1122	141	141	4095	2	2	228	281	124	122	-14	-16	0	0	0	0	703	1112	706	1113	138	138	4095	1	1	0	0	1	1	0	0	0	0	0	0	0	0	0	0	500	500	5	50	20	5	100	0	20	350	200	4	1	1	99	0	0	0	0	0	0	0	0	0	0	0	0	0	0	0	0	1	1	1	1	0	0	0	0	1	1	1	0	0	0	0	1000	0	1
15:51:29	2	运行	0	0	制冷	R410A	2	2	296	415	114	114	-27	-27	0	0	0	0	721	1123	721	1122	141	141	4095	2	2	228	281	124	122	-14	-16	0	0	0	0	703	1112	706	1113	138	138	4095	1	1	0	0	1	1	0	0	0	0	0	0	0	0	0	0	500	500	5	50	20	5	100	0	20	350	200	4	1	1	99	0	0	0	0	0	0	0	0	0	0	0	0	0	0	0	0	1	1	1	1	0	0	0	0	1	1	1	0	0	0	0	1000	0	1
15:51:31	2	运行	0	0	制冷	R410A	2	2	296	415	114	114	-27	-27	0	0	0	0	721	1123	721	1122	141	141	4095	2	2	228	281	124	122	-14	-16	0	0	0	0	703	1112	706	1113	138	138	4095	1	1	0	0	1	1	0	0	0	0	0	0	0	0	0	0	500	500	5	50	20	5	100	0	20	350	200	4	1	1	99	0	0	0	0	0	0	0	0	0	0	0	0	0	0	0	0	1	1	1	1	0	0	0	0	1	1	1	0	0	0	0	1000	0	1
15:51:33	2	运行	0	0	制冷	R410A	2	2	296	415	114	114	-27	-27	0	0	0	0	721	1123	721	1122	141	141	4095	2	2	228	281	124	122	-14	-16	0	0	0	0	703	1112	706	1113	138	138	4095	1	1	0	0	1	1	0	0	0	0	0	0	0	0	0	0	500	500	5	50	20	5	100	0	20	350	200	4	1	1	99	0	0	0	0	0	0	0	0	0	0	0	0	0	0	0	0	1	1	1	1	0	0	0	0	1	1	1	0	0	0	0	1000	0	1
15:51:35	2	运行	0	0	制冷	R410A	2	2	296	415	114	114	-27	-27	0	0	0	0	721	1123	721	1122	141	141	4095	2	2	228	281	124	122	-14	-16	0	0	0	0	703	1112	706	1113	138	138	4095	1	1	0	0	1	1	0	0	0	0	0	0	0	0	0	0	500	500	5	50	20	5	100	0	20	350	200	4	1	1	99	0	0	0	0	0	0	0	0	0	0	0	0	0	0	0	0	1	1	1	1	0	0	0	0	1	1	1	0	0	0	0	1000	0	1
15:51:37	2	运行	0	0	制冷	R410A	2	2	296	415	114	114	-27	-27	0	0	0	0	721	1123	721	1122	141	141	4095	2	2	228	281	124	122	-14	-16	0	0	0	0	703	1112	706	1113	138	138	4095	1	1	0	0	1	1	0	0	0	0	0	0	0	0	0	0	500	500	5	50	20	5	100	0	20	350	200	4	1	1	99	0	0	0	0	0	0	0	0	0	0	0	0	0	0	0	0	1	1	1	1	0	0	0	0	1	1	1	0	0	0	0	1000	0	1
15:51:39	2	运行	0	0	制冷	R410A	2	2	296	415	114	114	-27	-27	0	0	0	0	721	1123	721	1122	141	141	4095	2	2	228	281	124	122	-14	-16	0	0	0	0	703	1112	706	1113	138	138	4095	1	1	0	0	1	1	0	0	0	0	0	0	0	0	0	0	500	500	5	50	20	5	100	0	20	350	200	4	1	1	99	0	0	0	0	0	0	0	0	0	0	0	0	0	0	0	0	1	1	1	1	0	0	0	0	1	1	1	0	0	0	0	1000	0	1
15:51:41	2	运行	0	0	制冷	R410A	2	2	296	415	114	114	-27	-27	0	0	0	0	721	1123	721	1124	141	141	4095	2	2	228	281	124	122	-14	-16	0	0	0	0	703	1112	706	1113	138	138	4095	1	1	0	0	1	1	0	0	0	0	0	0	0	0	0	0	500	500	5	50	20	5	100	0	20	350	200	4	1	1	99	0	0	0	0	0	0	0	0	0	0	0	0	0	0	0	0	1	1	1	1	0	0	0	0	1	1	1	0	0	0	0	1000	0	1
15:51:43	2	运行	0	0	制冷	R410A	2	2	296	415	114	114	-27	-27	0	0	0	0	721	1123	721	1124	141	141	4095	2	2	228	281	124	122	-14	-16	0	0	0	0	703	1112	706	1113	138	138	4095	1	1	0	0	1	1	0	0	0	0	0	0	0	0	0	0	500	500	5	50	20	5	100	0	20	350	200	4	1	1	99	0	0	0	0	0	0	0	0	0	0	0	0	0	0	0	0	1	1	1	1	0	0	0	0	1	1	1	0	0	0	0	1000	0	1
15:51:45	2	运行	0	0	制冷	R410A	2	2	296	415	114	114	-27	-27	0	0	0	0	721	1123	721	1124	141	141	4095	2	2	228	281	124	122	-14	-16	0	0	0	0	703	1112	706	1113	138	138	4095	1	1	0	0	1	1	0	0	0	0	0	0	0	0	0	0	500	500	5	50	20	5	100	0	20	350	200	4	1	1	99	0	0	0	0	0	0	0	0	0	0	0	0	0	0	0	0	1	1	1	1	0	0	0	0	1	1	1	0	0	0	0	1000	0	1
15:51:47	2	运行	0	0	制冷	R410A	2	2	296	415	114	114	-27	-27	0	0	0	0	721	1123	721	1124	141	141	4095	2	2	228	281	124	122	-14	-16	0	0	0	0	703	1112	706	1113	138	138	4095	1	1	0	0	1	1	0	0	0	0	0	0	0	0	0	0	500	500	5	50	20	5	100	0	20	350	200	4	1	1	99	0	0	0	0	0	0	0	0	0	0	0	0	0	0	0	0	1	1	1	1	0	0	0	0	1	1	1	0	0	0	0	1000	0	1
15:51:49	2	运行	0	0	制冷	R410A	2	2	296	415	114	114	-27	-27	0	0	0	0	721	1123	721	1124	141	141	4095	2	2	228	281	124	122	-14	-16	0	0	0	0	703	1112	706	1113	138	138	4095	1	1	0	0	1	1	0	0	0	0	0	0	0	0	0	0	500	500	5	50	20	5	100	0	20	350	200	4	1	1	99	0	0	0	0	0	0	0	0	0	0	0	0	0	0	0	0	1	1	1	1	0	0	0	0	1	1	1	0	0	0	0	1000	0	1
15:51:51	2	运行	0	0	制冷	R410A	2	2	296	415	114	114	-27	-27	0	0	0	0	721	1123	721	1124	141	141	4095	2	2	228	281	124	122	-14	-16	0	0	0	0	703	1112	706	1113	138	138	4095	1	1	0	0	1	1	0	0	0	0	0	0	0	0	0	0	500	500	5	50	20	5	100	0	20	350	200	4	1	1	99	0	0	0	0	0	0	0	0	0	0	0	0	0	0	0	0	1	1	1	1	0	0	0	0	1	1	1	0	0	0	0	1000	0	1
15:51:53	2	运行	0	0	制冷	R410A	2	2	296	415	114	114	-27	-27	0	0	0	0	718	1121	721	1124	141	141	4095	2	2	228	281	124	122	-14	-16	0	0	0	0	703	1112	706	1113	138	138	4095	1	1	0	0	1	1	0	0	0	0	0	0	0	0	0	0	500	500	5	50	20	5	100	0	20	350	200	4	1	1	99	0	0	0	0	0	0	0	0	0	0	0	0	0	0	0	0	1	1	1	1	0	0	0	0	1	1	1	0	0	0	0	1000	0	1
15:51:55	2	运行	0	0	制冷	R410A	2	2	296	415	114	114	-27	-27	0	0	0	0	718	1121	721	1124	141	141	4095	2	2	228	281	124	122	-14	-16	0	0	0	0	703	1112	706	1113	138	138	4095	1	1	0	0	1	1	0	0	0	0	0	0	0	0	0	0	500	500	5	50	20	5	100	0	20	350	200	4	1	1	99	0	0	0	0	0	0	0	0	0	0	0	0	0	0	0	0	1	1	1	1	0	0	0	0	1	1	1	0	0	0	0	1000	0	1
15:51:57	2	运行	0	0	制冷	R410A	2	2	296	415	114	114	-27	-27	0	0	0	0	718	1121	721	1124	141	141	4095	2	2	228	281	124	122	-14	-16	0	0	0	0	703	1112	706	1113	138	138	4095	1	1	0	0	1	1	0	0	0	0	0	0	0	0	0	0	500	500	5	50	20	5	100	0	20	350	200	4	1	1	99	0	0	0	0	0	0	0	0	0	0	0	0	0	0	0	0	1	1	1	1	0	0	0	0	1	1	1	0	0	0	0	1000	0	1
15:51:59	2	运行	0	0	制冷	R410A	2	2	296	415	114	114	-27	-27	0	0	0	0	718	1121	721	1124	141	141	4095	2	2	228	281	124	122	-14	-16	0	0	0	0	703	1112	706	1113	138	138	4095	1	1	0	0	1	1	0	0	0	0	0	0	0	0	0	0	500	500	5	50	20	5	100	0	20	350	200	4	1	1	99	0	0	0	0	0	0	0	0	0	0	0	0	0	0	0	0	1	1	1	1	0	0	0	0	1	1	1	0	0	0	0	1000	0	1
15:52:01	2	运行	0	0	制冷	R410A	2	2	296	415	114	114	-27	-27	0	0	0	0	718	1121	721	1124	141	141	4095	2	2	228	281	124	122	-14	-16	0	0	0	0	703	1112	706	1113	138	138	4095	1	1	0	0	1	1	0	0	0	0	0	0	0	0	0	0	500	500	5	50	20	5	100	0	20	350	200	4	1	1	99	0	0	0	0	0	0	0	0	0	0	0	0	0	0	0	0	1	1	1	1	0	0	0	0	1	1	1	0	0	0	0	1000	0	1
15:52:03	2	运行	0	0	制冷	R410A	2	2	296	415	114	114	-27	-27	0	0	0	0	718	1121	721	1124	141	141	4095	2	2	228	281	124	122	-14	-16	0	0	0	0	703	1112	706	1113	138	138	4095	1	1	0	0	1	1	0	0	0	0	0	0	0	0	0	0	500	500	5	50	20	5	100	0	20	350	200	4	1	1	99	0	0	0	0	0	0	0	0	0	0	0	0	0	0	0	0	1	1	1	1	0	0	0	0	1	1	1	0	0	0	0	1000	0	1
15:52:05	2	运行	0	0	制冷	R410A	2	2	296	415	114	114	-27	-27	0	0	0	0	721	1123	721	1122	141	141	4095	2	2	228	281	124	122	-14	-16	0	0	0	0	703	1112	706	1113	138	138	4095	1	1	0	0	1	1	0	0	0	0	0	0	0	0	0	0	500	500	5	50	20	5	100	0	20	350	200	4	1	1	99	0	0	0	0	0	0	0	0	0	0	0	0	0	0	0	0	1	1	1	1	0	0	0	0	1	1	1	0	0	0	0	1000	0	1
15:52:07	2	运行	0	0	制冷	R410A	2	2	296	415	114	114	-27	-27	0	0	0	0	721	1123	721	1122	141	141	4095	2	2	228	281	124	122	-14	-16	0	0	0	0	703	1112	706	1113	138	138	4095	1	1	0	0	1	1	0	0	0	0	0	0	0	0	0	0	500	500	5	50	20	5	100	0	20	350	200	4	1	1	99	0	0	0	0	0	0	0	0	0	0	0	0	0	0	0	0	1	1	1	1	0	0	0	0	1	1	1	0	0	0	0	1000	0	1
15:52:09	2	运行	0	0	制冷	R410A	2	2	296	415	114	114	-27	-27	0	0	0	0	721	1123	721	1122	141	141	4095	2	2	228	281	124	122	-14	-16	0	0	0	0	703	1112	706	1113	138	138	4095	1	1	0	0	1	1	0	0	0	0	0	0	0	0	0	0	500	500	5	50	20	5	100	0	20	350	200	4	1	1	99	0	0	0	0	0	0	0	0	0	0	0	0	0	0	0	0	1	1	1	1	0	0	0	0	1	1	1	0	0	0	0	1000	0	1
15:52:11	2	运行	0	0	制冷	R410A	2	2	296	415	114	114	-27	-27	0	0	0	0	721	1123	721	1122	141	141	4095	2	2	228	281	124	122	-14	-16	0	0	0	0	703	1112	706	1113	138	138	4095	1	1	0	0	1	1	0	0	0	0	0	0	0	0	0	0	500	500	5	50	20	5	100	0	20	350	200	4	1	1	99	0	0	0	0	0	0	0	0	0	0	0	0	0	0	0	0	1	1	1	1	0	0	0	0	1	1	1	0	0	0	0	1000	0	1
15:52:13	2	运行	0	0	制冷	R410A	2	2	296	415	114	114	-27	-27	0	0	0	0	721	1123	721	1122	141	141	4095	2	2	228	281	124	122	-14	-16	0	0	0	0	703	1112	706	1113	138	138	4095	1	1	0	0	1	1	0	0	0	0	0	0	0	0	0	0	500	500	5	50	20	5	100	0	20	350	200	4	1	1	99	0	0	0	0	0	0	0	0	0	0	0	0	0	0	0	0	1	1	1	1	0	0	0	0	1	1	1	0	0	0	0	1000	0	1
15:52:15	2	运行	0	0	制冷	R410A	2	2	296	415	114	114	-27	-27	0	0	0	0	721	1123	721	1122	141	141	4095	2	2	228	281	124	122	-14	-16	0	0	0	0	703	1112	706	1113	138	138	4095	1	1	0	0	1	1	0	0	0	0	0	0	0	0	0	0	500	500	5	50	20	5	100	0	20	350	200	4	1	1	99	0	0	0	0	0	0	0	0	0	0	0	0	0	0	0	0	1	1	1	1	0	0	0	0	1	1	1	0	0	0	0	1000	0	1
15:52:17	2	运行	0	0	制冷	R410A	2	2	296	415	114	114	-27	-27	0	0	0	0	721	1123	721	1122	141	141	4095	2	2	228	281	124	122	-14	-16	0	0	0	0	703	1112	706	1113	138	138	4095	1	1	0	0	1	1	0	0	0	0	0	0	0	0	0	0	500	500	5	50	20	5	100	0	20	350	200	4	1	1	99	0	0	0	0	0	0	0	0	0	0	0	0	0	0	0	0	1	1	1	1	0	0	0	0	1	1	1	0	0	0	0	1000	0	1
15:52:19	2	运行	0	0	制冷	R410A	2	2	296	415	114	114	-27	-27	0	0	0	0	721	1123	721	1122	141	141	4095	2	2	228	281	124	122	-14	-16	0	0	0	0	703	1112	706	1113	138	138	4095	1	1	0	0	1	1	0	0	0	0	0	0	0	0	0	0	500	500	5	50	20	5	100	0	20	350	200	4	1	1	99	0	0	0	0	0	0	0	0	0	0	0	0	0	0	0	0	1	1	1	1	0	0	0	0	1	1	1	0	0	0	0	1000	0	1
15:52:21	2	运行	0	0	制冷	R410A	2	2	296	415	114	114	-27	-27	0	0	0	0	721	1123	721	1122	141	141	4095	2	2	228	281	124	122	-14	-16	0	0	0	0	703	1112	706	1113	138	138	4095	1	1	0	0	1	1	0	0	0	0	0	0	0	0	0	0	500	500	5	50	20	5	100	0	20	350	200	4	1	1	99	0	0	0	0	0	0	0	0	0	0	0	0	0	0	0	0	1	1	1	1	0	0	0	0	1	1	1	0	0	0	0	1000	0	1
15:52:23	2	运行	0	0	制冷	R410A	2	2	296	415	114	114	-27	-27	0	0	0	0	721	1123	721	1122	141	141	4095	2	2	228	281	124	122	-14	-16	0	0	0	0	703	1112	706	1113	138	138	4095	1	1	0	0	1	1	0	0	0	0	0	0	0	0	0	0	500	500	5	50	20	5	100	0	20	350	200	4	1	1	99	0	0	0	0	0	0	0	0	0	0	0	0	0	0	0	0	1	1	1	1	0	0	0	0	1	1	1	0	0	0	0	1000	0	1
15:52:25	2	运行	0	0	制冷	R410A	2	2	296	415	114	114	-27	-27	0	0	0	0	721	1123	721	1122	141	141	4095	2	2	228	281	124	122	-14	-16	0	0	0	0	703	1112	706	1113	138	138	4095	1	1	0	0	1	1	0	0	0	0	0	0	0	0	0	0	500	500	5	50	20	5	100	0	20	350	200	4	1	1	99	0	0	0	0	0	0	0	0	0	0	0	0	0	0	0	0	1	1	1	1	0	0	0	0	1	1	1	0	0	0	0	1000	0	1
15:52:27	2	运行	0	0	制冷	R410A	2	2	296	415	114	114	-27	-27	0	0	0	0	721	1123	721	1122	141	141	4095	2	2	228	281	124	122	-14	-16	0	0	0	0	703	1112	706	1113	138	138	4095	1	1	0	0	1	1	0	0	0	0	0	0	0	0	0	0	500	500	5	50	20	5	100	0	20	350	200	4	1	1	99	0	0	0	0	0	0	0	0	0	0	0	0	0	0	0	0	1	1	1	1	0	0	0	0	1	1	1	0	0	0	0	1000	0	1
15:52:29	2	运行	0	0	制冷	R410A	2	2	296	415	114	114	-27	-27	0	0	0	0	721	1123	721	1122	141	141	4095	2	2	228	281	124	122	-14	-16	0	0	0	0	703	1112	706	1113	138	138	4095	1	1	0	0	1	1	0	0	0	0	0	0	0	0	0	0	500	500	5	50	20	5	100	0	20	350	200	4	1	1	99	0	0	0	0	0	0	0	0	0	0	0	0	0	0	0	0	1	1	1	1	0	0	0	0	1	1	1	0	0	0	0	1000	0	1
15:52:31	2	运行	0	0	制冷	R410A	2	2	296	415	114	114	-27	-27	0	0	0	0	721	1123	721	1122	141	141	4095	2	2	228	281	124	122	-14	-16	0	0	0	0	703	1112	706	1113	138	138	4095	1	1	0	0	1	1	0	0	0	0	0	0	0	0	0	0	500	500	5	50	20	5	100	0	20	350	200	4	1	1	99	0	0	0	0	0	0	0	0	0	0	0	0	0	0	0	0	1	1	1	1	0	0	0	0	1	1	1	0	0	0	0	1000	0	1
15:52:33	2	运行	0	0	制冷	R410A	2	2	296	415	114	114	-27	-27	0	0	0	0	721	1123	721	1122	141	141	4095	2	2	228	281	124	122	-14	-16	0	0	0	0	703	1112	706	1113	138	138	4095	1	1	0	0	1	1	0	0	0	0	0	0	0	0	0	0	500	500	5	50	20	5	100	0	20	350	200	4	1	1	99	0	0	0	0	0	0	0	0	0	0	0	0	0	0	0	0	1	1	1	1	0	0	0	0	1	1	1	0	0	0	0	1000	0	1
15:52:35	2	运行	0	0	制冷	R410A	2	2	296	415	114	114	-27	-27	0	0	0	0	721	1123	721	1122	141	141	4095	2	2	228	281	124	122	-14	-16	0	0	0	0	703	1112	706	1113	138	138	4095	1	1	0	0	1	1	0	0	0	0	0	0	0	0	0	0	500	500	5	50	20	5	100	0	20	350	200	4	1	1	99	0	0	0	0	0	0	0	0	0	0	0	0	0	0	0	0	1	1	1	1	0	0	0	0	1	1	1	0	0	0	0	1000	0	1
15:52:37	2	运行	0	0	制冷	R410A	2	2	296	415	114	114	-27	-27	0	0	0	0	721	1123	721	1122	141	141	4095	2	2	228	281	124	122	-14	-16	0	0	0	0	703	1112	706	1113	138	138	4095	1	1	0	0	1	1	0	0	0	0	0	0	0	0	0	0	500	500	5	50	20	5	100	0	20	350	200	4	1	1	99	0	0	0	0	0	0	0	0	0	0	0	0	0	0	0	0	1	1	1	1	0	0	0	0	1	1	1	0	0	0	0	1000	0	1
15:52:39	2	运行	0	0	制冷	R410A	2	2	296	415	114	114	-27	-27	0	0	0	0	721	1123	721	1122	141	141	4095	2	2	228	281	124	122	-14	-16	0	0	0	0	703	1112	706	1113	138	138	4095	1	1	0	0	1	1	0	0	0	0	0	0	0	0	0	0	500	500	5	50	20	5	100	0	20	350	200	4	1	1	99	0	0	0	0	0	0	0	0	0	0	0	0	0	0	0	0	1	1	1	1	0	0	0	0	1	1	1	0	0	0	0	1000	0	1
15:52:41	2	运行	0	0	制冷	R410A	2	2	296	415	114	114	-27	-27	0	0	0	0	721	1123	721	1122	141	141	4095	2	2	228	281	124	122	-14	-16	0	0	0	0	703	1112	706	1113	138	138	4095	1	1	0	0	1	1	0	0	0	0	0	0	0	0	0	0	500	500	5	50	20	5	100	0	20	350	200	4	1	1	99	0	0	0	0	0	0	0	0	0	0	0	0	0	0	0	0	1	1	1	1	0	0	0	0	1	1	1	0	0	0	0	1000	0	1
15:52:43	2	运行	0	0	制冷	R410A	2	2	296	415	114	114	-27	-27	0	0	0	0	721	1123	721	1122	141	141	4095	2	2	228	281	124	122	-14	-16	0	0	0	0	703	1112	706	1113	138	138	4095	1	1	0	0	1	1	0	0	0	0	0	0	0	0	0	0	500	500	5	50	20	5	100	0	20	350	200	4	1	1	99	0	0	0	0	0	0	0	0	0	0	0	0	0	0	0	0	1	1	1	1	0	0	0	0	1	1	1	0	0	0	0	1000	0	1
15:52:45	2	运行	0	0	制冷	R410A	2	2	296	415	114	114	-27	-27	0	0	0	0	721	1123	721	1122	141	141	4095	2	2	228	281	124	122	-14	-16	0	0	0	0	703	1112	706	1113	138	138	4095	1	1	0	0	1	1	0	0	0	0	0	0	0	0	0	0	500	500	5	50	20	5	100	0	20	350	200	4	1	1	99	0	0	0	0	0	0	0	0	0	0	0	0	0	0	0	0	1	1	1	1	0	0	0	0	1	1	1	0	0	0	0	1000	0	1
15:52:47	2	运行	0	0	制冷	R410A	2	2	296	415	114	114	-27	-27	0	0	0	0	721	1123	721	1122	141	141	4095	2	2	228	281	124	122	-14	-16	0	0	0	0	703	1112	706	1113	138	138	4095	1	1	0	0	1	1	0	0	0	0	0	0	0	0	0	0	500	500	5	50	20	5	100	0	20	350	200	4	1	1	99	0	0	0	0	0	0	0	0	0	0	0	0	0	0	0	0	1	1	1	1	0	0	0	0	1	1	1	0	0	0	0	1000	0	1
15:52:49	2	运行	0	0	制冷	R410A	2	2	296	415	114	114	-27	-27	0	0	0	0	721	1123	721	1122	141	141	4095	2	2	228	281	124	122	-14	-16	0	0	0	0	703	1112	706	1113	138	138	4095	1	1	0	0	1	1	0	0	0	0	0	0	0	0	0	0	500	500	5	50	20	5	100	0	20	350	200	4	1	1	99	0	0	0	0	0	0	0	0	0	0	0	0	0	0	0	0	1	1	1	1	0	0	0	0	1	1	1	0	0	0	0	1000	0	1
15:52:51	2	运行	0	0	制冷	R410A	2	2	296	415	114	114	-27	-27	0	0	0	0	721	1123	721	1122	141	141	4095	2	2	228	281	124	122	-14	-16	0	0	0	0	703	1112	706	1113	138	138	4095	1	1	0	0	1	1	0	0	0	0	0	0	0	0	0	0	500	500	5	50	20	5	100	0	20	350	200	4	1	1	99	0	0	0	0	0	0	0	0	0	0	0	0	0	0	0	0	1	1	1	1	0	0	0	0	1	1	1	0	0	0	0	1000	0	1
15:52:53	2	运行	0	0	制冷	R410A	2	2	296	415	114	114	-27	-27	0	0	0	0	721	1123	721	1122	141	141	4095	2	2	228	281	124	122	-14	-16	0	0	0	0	703	1112	706	1113	138	138	4095	1	1	0	0	1	1	0	0	0	0	0	0	0	0	0	0	500	500	5	50	20	5	100	0	20	350	200	4	1	1	99	0	0	0	0	0	0	0	0	0	0	0	0	0	0	0	0	1	1	1	1	0	0	0	0	1	1	1	0	0	0	0	1000	0	1
15:52:55	2	运行	0	0	制冷	R410A	2	2	296	415	114	114	-27	-27	0	0	0	0	721	1123	721	1122	141	141	4095	2	2	228	281	124	122	-14	-16	0	0	0	0	703	1112	706	1113	138	138	4095	1	1	0	0	1	1	0	0	0	0	0	0	0	0	0	0	500	500	5	50	20	5	100	0	20	350	200	4	1	1	99	0	0	0	0	0	0	0	0	0	0	0	0	0	0	0	0	1	1	1	1	0	0	0	0	1	1	1	0	0	0	0	1000	0	1
15:52:57	2	运行	0	0	制冷	R410A	2	2	296	415	114	114	-27	-27	0	0	0	0	721	1123	721	1122	141	141	4095	2	2	228	281	124	122	-14	-16	0	0	0	0	703	1112	706	1113	138	138	4095	1	1	0	0	1	1	0	0	0	0	0	0	0	0	0	0	500	500	5	50	20	5	100	0	20	350	200	4	1	1	99	0	0	0	0	0	0	0	0	0	0	0	0	0	0	0	0	1	1	1	1	0	0	0	0	1	1	1	0	0	0	0	1000	0	1
15:52:59	2	运行	0	0	制冷	R410A	2	2	296	415	114	114	-27	-27	0	0	0	0	721	1123	721	1122	141	141	4095	2	2	228	281	124	122	-14	-16	0	0	0	0	703	1112	706	1113	138	138	4095	1	1	0	0	1	1	0	0	0	0	0	0	0	0	0	0	500	500	5	50	20	5	100	0	20	350	200	4	1	1	99	0	0	0	0	0	0	0	0	0	0	0	0	0	0	0	0	1	1	1	1	0	0	0	0	1	1	1	0	0	0	0	1000	0	1
15:53:01	2	运行	0	0	制冷	R410A	2	2	296	415	114	114	-27	-27	0	0	0	0	721	1123	721	1122	141	141	4095	2	2	228	281	124	122	-14	-16	0	0	0	0	703	1112	706	1113	138	138	4095	1	1	0	0	1	1	0	0	0	0	0	0	0	0	0	0	500	500	5	50	20	5	100	0	20	350	200	4	1	1	99	0	0	0	0	0	0	0	0	0	0	0	0	0	0	0	0	1	1	1	1	0	0	0	0	1	1	1	0	0	0	0	1000	0	1
15:53:03	2	运行	0	0	制冷	R410A	2	2	296	415	114	114	-27	-27	0	0	0	0	721	1123	721	1122	141	141	4095	2	2	228	281	124	122	-14	-16	0	0	0	0	703	1112	706	1113	138	138	4095	1	1	0	0	1	1	0	0	0	0	0	0	0	0	0	0	500	500	5	50	20	5	100	0	20	350	200	4	1	1	99	0	0	0	0	0	0	0	0	0	0	0	0	0	0	0	0	1	1	1	1	0	0	0	0	1	1	1	0	0	0	0	1000	0	1
15:53:05	2	运行	0	0	制冷	R410A	2	2	296	415	114	114	-27	-27	0	0	0	0	721	1123	721	1122	141	141	4095	2	2	228	281	124	122	-14	-16	0	0	0	0	703	1112	706	1113	138	138	4095	1	1	0	0	1	1	0	0	0	0	0	0	0	0	0	0	500	500	5	50	20	5	100	0	20	350	200	4	1	1	99	0	0	0	0	0	0	0	0	0	0	0	0	0	0	0	0	1	1	1	1	0	0	0	0	1	1	1	0	0	0	0	1000	0	1
15:53:07	2	运行	0	0	制冷	R410A	2	2	296	415	114	114	-27	-27	0	0	0	0	721	1123	721	1122	141	141	4095	2	2	228	281	124	122	-14	-16	0	0	0	0	703	1112	706	1113	138	138	4095	1	1	0	0	1	1	0	0	0	0	0	0	0	0	0	0	500	500	5	50	20	5	100	0	20	350	200	4	1	1	99	0	0	0	0	0	0	0	0	0	0	0	0	0	0	0	0	1	1	1	1	0	0	0	0	1	1	1	0	0	0	0	1000	0	1
15:53:09	2	运行	0	0	制冷	R410A	2	2	296	415	114	114	-27	-27	0	0	0	0	721	1123	721	1122	141	141	4095	2	2	228	281	124	122	-14	-16	0	0	0	0	703	1112	706	1113	138	138	4095	1	1	0	0	1	1	0	0	0	0	0	0	0	0	0	0	500	500	5	50	20	5	100	0	20	350	200	4	1	1	99	0	0	0	0	0	0	0	0	0	0	0	0	0	0	0	0	1	1	1	1	0	0	0	0	1	1	1	0	0	0	0	1000	0	1
15:53:11	2	运行	0	0	制冷	R410A	2	2	296	415	114	114	-27	-27	0	0	0	0	721	1123	721	1122	141	141	4095	2	2	228	281	124	122	-14	-16	0	0	0	0	703	1112	706	1113	138	138	4095	1	1	0	0	1	1	0	0	0	0	0	0	0	0	0	0	500	500	5	50	20	5	100	0	20	350	200	4	1	1	99	0	0	0	0	0	0	0	0	0	0	0	0	0	0	0	0	1	1	1	1	0	0	0	0	1	1	1	0	0	0	0	1000	0	1
15:53:13	2	运行	0	0	制冷	R410A	2	2	296	415	114	114	-27	-27	0	0	0	0	721	1123	721	1122	141	141	4095	2	2	228	281	124	122	-14	-16	0	0	0	0	703	1112	706	1113	138	138	4095	1	1	0	0	1	1	0	0	0	0	0	0	0	0	0	0	500	500	5	50	20	5	100	0	20	350	200	4	1	1	99	0	0	0	0	0	0	0	0	0	0	0	0	0	0	0	0	1	1	1	1	0	0	0	0	1	1	1	0	0	0	0	1000	0	1
15:53:15	2	运行	0	0	制冷	R410A	2	2	296	415	114	114	-27	-27	0	0	0	0	721	1123	721	1122	141	141	4095	2	2	228	281	124	122	-14	-16	0	0	0	0	703	1113	706	1113	138	138	4095	1	1	0	0	1	1	0	0	0	0	0	0	0	0	0	0	500	500	5	50	20	5	100	0	20	350	200	4	1	1	99	0	0	0	0	0	0	0	0	0	0	0	0	0	0	0	0	1	1	1	1	0	0	0	0	1	1	1	0	0	0	0	1000	0	1
15:53:17	2	运行	0	0	制冷	R410A	2	2	296	415	114	114	-27	-27	0	0	0	0	721	1123	721	1122	141	141	4095	2	2	228	281	124	122	-14	-16	0	0	0	0	703	1113	706	1113	138	138	4095	1	1	0	0	1	1	0	0	0	0	0	0	0	0	0	0	500	500	5	50	20	5	100	0	20	350	200	4	1	1	99	0	0	0	0	0	0	0	0	0	0	0	0	0	0	0	0	1	1	1	1	0	0	0	0	1	1	1	0	0	0	0	1000	0	1
15:53:19	2	运行	0	0	制冷	R410A	2	2	296	415	114	114	-27	-27	0	0	0	0	721	1123	721	1122	141	141	4095	2	2	228	281	124	122	-14	-16	0	0	0	0	703	1113	706	1113	138	138	4095	1	1	0	0	1	1	0	0	0	0	0	0	0	0	0	0	500	500	5	50	20	5	100	0	20	350	200	4	1	1	99	0	0	0	0	0	0	0	0	0	0	0	0	0	0	0	0	1	1	1	1	0	0	0	0	1	1	1	0	0	0	0	1000	0	1
15:53:21	2	运行	0	0	制冷	R410A	2	2	296	415	114	114	-27	-27	0	0	0	0	721	1123	721	1122	141	141	4095	2	2	228	281	124	122	-14	-16	0	0	0	0	703	1113	706	1113	138	138	4095	1	1	0	0	1	1	0	0	0	0	0	0	0	0	0	0	500	500	5	50	20	5	100	0	20	350	200	4	1	1	99	0	0	0	0	0	0	0	0	0	0	0	0	0	0	0	0	1	1	1	1	0	0	0	0	1	1	1	0	0	0	0	1000	0	1
15:53:23	2	运行	0	0	制冷	R410A	2	2	296	415	114	114	-27	-27	0	0	0	0	721	1123	721	1122	141	141	4095	2	2	228	281	124	122	-14	-16	0	0	0	0	703	1113	706	1113	138	138	4095	1	1	0	0	1	1	0	0	0	0	0	0	0	0	0	0	500	500	5	50	20	5	100	0	20	350	200	4	1	1	99	0	0	0	0	0	0	0	0	0	0	0	0	0	0	0	0	1	1	1	1	0	0	0	0	1	1	1	0	0	0	0	1000	0	1
15:53:25	2	运行	0	0	制冷	R410A	2	2	296	415	114	114	-27	-27	0	0	0	0	718	1121	721	1122	141	141	4095	2	2	228	281	124	122	-14	-16	0	0	0	0	703	1112	706	1113	138	138	4095	1	1	0	0	1	1	0	0	0	0	0	0	0	0	0	0	500	500	5	50	20	5	100	0	20	350	200	4	1	1	99	0	0	0	0	0	0	0	0	0	0	0	0	0	0	0	0	1	1	1	1	0	0	0	0	1	1	1	0	0	0	0	1000	0	1
15:53:27	2	运行	0	0	制冷	R410A	2	2	296	415	114	114	-27	-27	0	0	0	0	718	1121	721	1122	141	141	4095	2	2	228	281	124	122	-14	-16	0	0	0	0	703	1112	706	1113	138	138	4095	1	1	0	0	1	1	0	0	0	0	0	0	0	0	0	0	500	500	5	50	20	5	100	0	20	350	200	4	1	1	99	0	0	0	0	0	0	0	0	0	0	0	0	0	0	0	0	1	1	1	1	0	0	0	0	1	1	1	0	0	0	0	1000	0	1
15:53:29	2	运行	0	0	制冷	R410A	2	2	296	415	114	114	-27	-27	0	0	0	0	718	1121	721	1122	141	141	4095	2	2	228	281	124	122	-14	-16	0	0	0	0	703	1112	706	1113	138	138	4095	1	1	0	0	1	1	0	0	0	0	0	0	0	0	0	0	500	500	5	50	20	5	100	0	20	350	200	4	1	1	99	0	0	0	0	0	0	0	0	0	0	0	0	0	0	0	0	1	1	1	1	0	0	0	0	1	1	1	0	0	0	0	1000	0	1
15:53:31	2	运行	0	0	制冷	R410A	2	2	296	415	114	114	-27	-27	0	0	0	0	718	1121	721	1122	141	141	4095	2	2	228	281	124	122	-14	-16	0	0	0	0	703	1112	706	1113	138	138	4095	1	1	0	0	1	1	0	0	0	0	0	0	0	0	0	0	500	500	5	50	20	5	100	0	20	350	200	4	1	1	99	0	0	0	0	0	0	0	0	0	0	0	0	0	0	0	0	1	1	1	1	0	0	0	0	1	1	1	0	0	0	0	1000	0	1
15:53:33	2	运行	0	0	制冷	R410A	2	2	296	415	114	114	-27	-27	0	0	0	0	718	1121	721	1122	141	141	4095	2	2	228	281	124	122	-14	-16	0	0	0	0	703	1112	706	1113	138	138	4095	1	1	0	0	1	1	0	0	0	0	0	0	0	0	0	0	500	500	5	50	20	5	100	0	20	350	200	4	1	1	99	0	0	0	0	0	0	0	0	0	0	0	0	0	0	0	0	1	1	1	1	0	0	0	0	1	1	1	0	0	0	0	1000	0	1
15:53:35	2	运行	0	0	制冷	R410A	2	2	296	415	114	114	-27	-27	0	0	0	0	718	1121	721	1122	141	141	4095	2	2	228	281	124	122	-14	-16	0	0	0	0	703	1112	706	1113	138	138	4095	1	1	0	0	1	1	0	0	0	0	0	0	0	0	0	0	500	500	5	50	20	5	100	0	20	350	200	4	1	1	99	0	0	0	0	0	0	0	0	0	0	0	0	0	0	0	0	1	1	1	1	0	0	0	0	1	1	1	0	0	0	0	1000	0	1
15:53:37	2	运行	0	0	制冷	R410A	2	2	296	415	114	114	-27	-27	0	0	0	0	721	1123	721	1122	141	141	4095	2	2	228	281	124	122	-14	-16	0	0	0	0	703	1112	706	1113	138	138	4095	1	1	0	0	1	1	0	0	0	0	0	0	0	0	0	0	500	500	5	50	20	5	100	0	20	350	200	4	1	1	99	0	0	0	0	0	0	0	0	0	0	0	0	0	0	0	0	1	1	1	1	0	0	0	0	1	1	1	0	0	0	0	1000	0	1
15:53:39	2	运行	0	0	制冷	R410A	2	2	296	415	114	114	-27	-27	0	0	0	0	721	1123	721	1122	141	141	4095	2	2	228	281	124	122	-14	-16	0	0	0	0	703	1112	706	1113	138	138	4095	1	1	0	0	1	1	0	0	0	0	0	0	0	0	0	0	500	500	5	50	20	5	100	0	20	350	200	4	1	1	99	0	0	0	0	0	0	0	0	0	0	0	0	0	0	0	0	1	1	1	1	0	0	0	0	1	1	1	0	0	0	0	1000	0	1
15:53:41	2	运行	0	0	制冷	R410A	2	2	296	415	114	114	-27	-27	0	0	0	0	721	1123	721	1122	141	141	4095	2	2	228	281	124	122	-14	-16	0	0	0	0	703	1112	706	1113	138	138	4095	1	1	0	0	1	1	0	0	0	0	0	0	0	0	0	0	500	500	5	50	20	5	100	0	20	350	200	4	1	1	99	0	0	0	0	0	0	0	0	0	0	0	0	0	0	0	0	1	1	1	1	0	0	0	0	1	1	1	0	0	0	0	1000	0	1
15:53:43	2	运行	0	0	制冷	R410A	2	2	296	415	114	114	-27	-27	0	0	0	0	721	1123	721	1122	141	141	4095	2	2	228	281	124	122	-14	-16	0	0	0	0	703	1112	706	1113	138	138	4095	1	1	0	0	1	1	0	0	0	0	0	0	0	0	0	0	500	500	5	50	20	5	100	0	20	350	200	4	1	1	99	0	0	0	0	0	0	0	0	0	0	0	0	0	0	0	0	1	1	1	1	0	0	0	0	1	1	1	0	0	0	0	1000	0	1
15:53:45	2	运行	0	0	制冷	R410A	2	2	296	415	114	114	-27	-27	0	0	0	0	721	1123	721	1122	141	141	4095	2	2	228	281	124	122	-14	-16	0	0	0	0	703	1112	706	1113	138	138	4095	1	1	0	0	1	1	0	0	0	0	0	0	0	0	0	0	500	500	5	50	20	5	100	0	20	350	200	4	1	1	99	0	0	0	0	0	0	0	0	0	0	0	0	0	0	0	0	1	1	1	1	0	0	0	0	1	1	1	0	0	0	0	1000	0	1
15:53:47	2	运行	0	0	制冷	R410A	2	2	296	415	114	114	-27	-27	0	0	0	0	721	1123	721	1122	141	141	4095	2	2	228	281	124	122	-14	-16	0	0	0	0	703	1112	706	1113	138	138	4095	1	1	0	0	1	1	0	0	0	0	0	0	0	0	0	0	500	500	5	50	20	5	100	0	20	350	200	4	1	1	99	0	0	0	0	0	0	0	0	0	0	0	0	0	0	0	0	1	1	1	1	0	0	0	0	1	1	1	0	0	0	0	1000	0	1
15:53:49	2	运行	0	0	制冷	R410A	2	2	296	415	114	114	-27	-27	0	0	0	0	721	1123	721	1122	141	141	4095	2	2	228	281	124	122	-14	-16	0	0	0	0	703	1112	706	1113	138	138	4095	1	1	0	0	1	1	0	0	0	0	0	0	0	0	0	0	500	500	5	50	20	5	100	0	20	350	200	4	1	1	99	0	0	0	0	0	0	0	0	0	0	0	0	0	0	0	0	1	1	1	1	0	0	0	0	1	1	1	0	0	0	0	1000	0	1
15:53:51	2	运行	0	0	制冷	R410A	2	2	296	415	114	114	-27	-27	0	0	0	0	721	1123	721	1122	141	141	4095	2	2	228	281	124	122	-14	-16	0	0	0	0	703	1112	706	1113	138	138	4095	1	1	0	0	1	1	0	0	0	0	0	0	0	0	0	0	500	500	5	50	20	5	100	0	20	350	200	4	1	1	99	0	0	0	0	0	0	0	0	0	0	0	0	0	0	0	0	1	1	1	1	0	0	0	0	1	1	1	0	0	0	0	1000	0	1
15:53:53	2	运行	0	0	制冷	R410A	2	2	296	415	114	114	-27	-27	0	0	0	0	721	1123	721	1122	141	141	4095	2	2	228	281	124	122	-14	-16	0	0	0	0	703	1112	706	1113	138	138	4095	1	1	0	0	1	1	0	0	0	0	0	0	0	0	0	0	500	500	5	50	20	5	100	0	20	350	200	4	1	1	99	0	0	0	0	0	0	0	0	0	0	0	0	0	0	0	0	1	1	1	1	0	0	0	0	1	1	1	0	0	0	0	1000	0	1
15:53:55	2	运行	0	0	制冷	R410A	2	2	296	415	114	114	-27	-27	0	0	0	0	721	1123	721	1122	141	141	4095	2	2	228	281	124	122	-14	-16	0	0	0	0	703	1112	706	1113	138	138	4095	1	1	0	0	1	1	0	0	0	0	0	0	0	0	0	0	500	500	5	50	20	5	100	0	20	350	200	4	1	1	99	0	0	0	0	0	0	0	0	0	0	0	0	0	0	0	0	1	1	1	1	0	0	0	0	1	1	1	0	0	0	0	1000	0	1
15:53:57	2	运行	0	0	制冷	R410A	2	2	296	415	114	114	-27	-27	0	0	0	0	721	1123	721	1122	141	141	4095	2	2	228	281	124	122	-14	-16	0	0	0	0	703	1112	706	1113	138	138	4095	1	1	0	0	1	1	0	0	0	0	0	0	0	0	0	0	500	500	5	50	20	5	100	0	20	350	200	4	1	1	99	0	0	0	0	0	0	0	0	0	0	0	0	0	0	0	0	1	1	1	1	0	0	0	0	1	1	1	0	0	0	0	1000	0	1
15:53:59	2	运行	0	0	制冷	R410A	2	2	296	415	114	114	-27	-27	0	0	0	0	721	1123	721	1122	141	141	4095	2	2	228	281	124	122	-14	-16	0	0	0	0	703	1112	706	1113	138	138	4095	1	1	0	0	1	1	0	0	0	0	0	0	0	0	0	0	500	500	5	50	20	5	100	0	20	350	200	4	1	1	99	0	0	0	0	0	0	0	0	0	0	0	0	0	0	0	0	1	1	1	1	0	0	0	0	1	1	1	0	0	0	0	1000	0	1
15:54:01	2	运行	0	0	制冷	R410A	2	2	296	415	114	114	-27	-27	0	0	0	0	721	1123	721	1122	141	141	4095	2	2	228	281	124	122	-14	-16	0	0	0	0	703	1112	706	1113	138	138	4095	1	1	0	0	1	1	0	0	0	0	0	0	0	0	0	0	500	500	5	50	20	5	100	0	20	350	200	4	1	1	99	0	0	0	0	0	0	0	0	0	0	0	0	0	0	0	0	1	1	1	1	0	0	0	0	1	1	1	0	0	0	0	1000	0	1
15:54:03	2	运行	0	0	制冷	R410A	2	2	296	415	114	114	-27	-27	0	0	0	0	721	1123	721	1122	141	141	4095	2	2	228	281	124	122	-14	-16	0	0	0	0	703	1112	706	1113	138	138	4095	1	1	0	0	1	1	0	0	0	0	0	0	0	0	0	0	500	500	5	50	20	5	100	0	20	350	200	4	1	1	99	0	0	0	0	0	0	0	0	0	0	0	0	0	0	0	0	1	1	1	1	0	0	0	0	1	1	1	0	0	0	0	1000	0	1
15:54:05	2	运行	0	0	制冷	R410A	2	2	296	415	114	114	-27	-27	0	0	0	0	721	1123	721	1122	141	141	4095	2	2	228	281	124	122	-14	-16	0	0	0	0	703	1112	706	1113	138	138	4095	1	1	0	0	1	1	0	0	0	0	0	0	0	0	0	0	500	500	5	50	20	5	100	0	20	350	200	4	1	1	99	0	0	0	0	0	0	0	0	0	0	0	0	0	0	0	0	1	1	1	1	0	0	0	0	1	1	1	0	0	0	0	1000	0	1
15:54:07	2	运行	0	0	制冷	R410A	2	2	296	415	114	114	-27	-27	0	0	0	0	721	1123	721	1122	141	141	4095	2	2	228	281	124	122	-14	-16	0	0	0	0	703	1112	706	1113	138	138	4095	1	1	0	0	1	1	0	0	0	0	0	0	0	0	0	0	500	500	5	50	20	5	100	0	20	350	200	4	1	1	99	0	0	0	0	0	0	0	0	0	0	0	0	0	0	0	0	1	1	1	1	0	0	0	0	1	1	1	0	0	0	0	1000	0	1
15:54:09	2	运行	0	0	制冷	R410A	2	2	296	415	114	114	-27	-27	0	0	0	0	721	1123	721	1122	141	141	4095	2	2	228	281	124	122	-14	-16	0	0	0	0	703	1112	706	1113	138	138	4095	1	1	0	0	1	1	0	0	0	0	0	0	0	0	0	0	500	500	5	50	20	5	100	0	20	350	200	4	1	1	99	0	0	0	0	0	0	0	0	0	0	0	0	0	0	0	0	1	1	1	1	0	0	0	0	1	1	1	0	0	0	0	1000	0	1
15:54:11	2	运行	0	0	制冷	R410A	2	2	296	415	114	114	-27	-27	0	0	0	0	721	1123	721	1122	141	141	4095	2	2	228	281	124	122	-14	-16	0	0	0	0	703	1112	706	1114	138	138	4095	1	1	0	0	1	1	0	0	0	0	0	0	0	0	0	0	500	500	5	50	20	5	100	0	20	350	200	4	1	1	99	0	0	0	0	0	0	0	0	0	0	0	0	0	0	0	0	1	1	1	1	0	0	0	0	1	1	1	0	0	0	0	1000	0	1
15:54:13	2	运行	0	0	制冷	R410A	2	2	296	415	114	114	-27	-27	0	0	0	0	721	1123	721	1122	141	141	4095	2	2	228	281	124	122	-14	-16	0	0	0	0	703	1112	706	1114	138	138	4095	1	1	0	0	1	1	0	0	0	0	0	0	0	0	0	0	500	500	5	50	20	5	100	0	20	350	200	4	1	1	99	0	0	0	0	0	0	0	0	0	0	0	0	0	0	0	0	1	1	1	1	0	0	0	0	1	1	1	0	0	0	0	1000	0	1
15:54:15	2	运行	0	0	制冷	R410A	2	2	296	415	114	114	-27	-27	0	0	0	0	721	1123	721	1122	141	141	4095	2	2	228	281	124	122	-14	-16	0	0	0	0	703	1112	706	1114	138	138	4095	1	1	0	0	1	1	0	0	0	0	0	0	0	0	0	0	500	500	5	50	20	5	100	0	20	350	200	4	1	1	99	0	0	0	0	0	0	0	0	0	0	0	0	0	0	0	0	1	1	1	1	0	0	0	0	1	1	1	0	0	0	0	1000	0	1
15:54:17	2	运行	0	0	制冷	R410A	2	2	296	415	114	114	-27	-27	0	0	0	0	721	1123	721	1122	141	141	4095	2	2	228	281	124	122	-14	-16	0	0	0	0	703	1112	706	1114	138	138	4095	1	1	0	0	1	1	0	0	0	0	0	0	0	0	0	0	500	500	5	50	20	5	100	0	20	350	200	4	1	1	99	0	0	0	0	0	0	0	0	0	0	0	0	0	0	0	0	1	1	1	1	0	0	0	0	1	1	1	0	0	0	0	1000	0	1
15:54:19	2	运行	0	0	制冷	R410A	2	2	296	415	114	114	-27	-27	0	0	0	0	721	1123	721	1122	141	141	4095	2	2	228	281	124	122	-14	-16	0	0	0	0	703	1112	706	1114	138	138	4095	1	1	0	0	1	1	0	0	0	0	0	0	0	0	0	0	500	500	5	50	20	5	100	0	20	350	200	4	1	1	99	0	0	0	0	0	0	0	0	0	0	0	0	0	0	0	0	1	1	1	1	0	0	0	0	1	1	1	0	0	0	0	1000	0	1
15:54:21	2	运行	0	0	制冷	R410A	2	2	296	415	114	114	-27	-27	0	0	0	0	721	1123	721	1122	141	141	4095	2	2	228	281	124	122	-14	-16	0	0	0	0	703	1112	706	1114	138	138	4095	1	1	0	0	1	1	0	0	0	0	0	0	0	0	0	0	500	500	5	50	20	5	100	0	20	350	200	4	1	1	99	0	0	0	0	0	0	0	0	0	0	0	0	0	0	0	0	1	1	1	1	0	0	0	0	1	1	1	0	0	0	0	1000	0	1
15:54:23	2	运行	0	0	制冷	R410A	2	2	296	415	114	114	-27	-27	0	0	0	0	718	1121	721	1122	141	141	4095	2	2	228	281	124	122	-14	-16	0	0	0	0	706	1113	703	1113	138	138	4095	1	1	0	0	1	1	0	0	0	0	0	0	0	0	0	0	500	500	5	50	20	5	100	0	20	350	200	4	1	1	99	0	0	0	0	0	0	0	0	0	0	0	0	0	0	0	0	1	1	1	1	0	0	0	0	1	1	1	0	0	0	0	1000	0	1
15:54:25	2	运行	0	0	制冷	R410A	2	2	296	415	114	114	-27	-27	0	0	0	0	718	1121	721	1122	141	141	4095	2	2	228	281	124	122	-14	-16	0	0	0	0	706	1113	703	1113	138	138	4095	1	1	0	0	1	1	0	0	0	0	0	0	0	0	0	0	500	500	5	50	20	5	100	0	20	350	200	4	1	1	99	0	0	0	0	0	0	0	0	0	0	0	0	0	0	0	0	1	1	1	1	0	0	0	0	1	1	1	0	0	0	0	1000	0	1
15:54:27	2	运行	0	0	制冷	R410A	2	2	296	415	114	114	-27	-27	0	0	0	0	718	1121	721	1122	141	141	4095	2	2	228	281	124	122	-14	-16	0	0	0	0	706	1113	703	1113	138	138	4095	1	1	0	0	1	1	0	0	0	0	0	0	0	0	0	0	500	500	5	50	20	5	100	0	20	350	200	4	1	1	99	0	0	0	0	0	0	0	0	0	0	0	0	0	0	0	0	1	1	1	1	0	0	0	0	1	1	1	0	0	0	0	1000	0	1
15:54:29	2	运行	0	0	制冷	R410A	2	2	296	415	114	114	-27	-27	0	0	0	0	718	1121	721	1122	141	141	4095	2	2	228	281	124	122	-14	-16	0	0	0	0	706	1113	703	1113	138	138	4095	1	1	0	0	1	1	0	0	0	0	0	0	0	0	0	0	500	500	5	50	20	5	100	0	20	350	200	4	1	1	99	0	0	0	0	0	0	0	0	0	0	0	0	0	0	0	0	1	1	1	1	0	0	0	0	1	1	1	0	0	0	0	1000	0	1
15:54:31	2	运行	0	0	制冷	R410A	2	2	296	415	114	114	-27	-27	0	0	0	0	718	1121	721	1122	141	141	4095	2	2	228	281	124	122	-14	-16	0	0	0	0	706	1113	703	1113	138	138	4095	1	1	0	0	1	1	0	0	0	0	0	0	0	0	0	0	500	500	5	50	20	5	100	0	20	350	200	4	1	1	99	0	0	0	0	0	0	0	0	0	0	0	0	0	0	0	0	1	1	1	1	0	0	0	0	1	1	1	0	0	0	0	1000	0	1
15:54:33	2	运行	0	0	制冷	R410A	2	2	296	415	114	114	-27	-27	0	0	0	0	718	1121	721	1122	141	141	4095	2	2	228	281	124	122	-14	-16	0	0	0	0	706	1113	703	1113	138	138	4095	1	1	0	0	1	1	0	0	0	0	0	0	0	0	0	0	500	500	5	50	20	5	100	0	20	350	200	4	1	1	99	0	0	0	0	0	0	0	0	0	0	0	0	0	0	0	0	1	1	1	1	0	0	0	0	1	1	1	0	0	0	0	1000	0	1
15:54:35	2	运行	0	0	制冷	R410A	2	2	296	415	114	114	-27	-27	0	0	0	0	718	1123	721	1122	141	141	4095	2	2	228	281	124	122	-14	-16	0	0	0	0	703	1112	706	1113	138	138	4095	1	1	0	0	1	1	0	0	0	0	0	0	0	0	0	0	500	500	5	50	20	5	100	0	20	350	200	4	1	1	99	0	0	0	0	0	0	0	0	0	0	0	0	0	0	0	0	1	1	1	1	0	0	0	0	1	1	1	0	0	0	0	1000	0	1
15:54:37	2	运行	0	0	制冷	R410A	2	2	296	415	114	114	-27	-27	0	0	0	0	718	1123	721	1122	141	141	4095	2	2	228	281	124	122	-14	-16	0	0	0	0	703	1112	706	1113	138	138	4095	1	1	0	0	1	1	0	0	0	0	0	0	0	0	0	0	500	500	5	50	20	5	100	0	20	350	200	4	1	1	99	0	0	0	0	0	0	0	0	0	0	0	0	0	0	0	0	1	1	1	1	0	0	0	0	1	1	1	0	0	0	0	1000	0	1
15:54:39	2	运行	0	0	制冷	R410A	2	2	296	415	114	114	-27	-27	0	0	0	0	718	1123	721	1122	141	141	4095	2	2	228	281	124	122	-14	-16	0	0	0	0	703	1112	706	1113	138	138	4095	1	1	0	0	1	1	0	0	0	0	0	0	0	0	0	0	500	500	5	50	20	5	100	0	20	350	200	4	1	1	99	0	0	0	0	0	0	0	0	0	0	0	0	0	0	0	0	1	1	1	1	0	0	0	0	1	1	1	0	0	0	0	1000	0	1
15:54:41	2	运行	0	0	制冷	R410A	2	2	296	415	114	114	-27	-27	0	0	0	0	718	1123	721	1122	141	141	4095	2	2	228	281	124	122	-14	-16	0	0	0	0	703	1112	706	1113	138	138	4095	1	1	0	0	1	1	0	0	0	0	0	0	0	0	0	0	500	500	5	50	20	5	100	0	20	350	200	4	1	1	99	0	0	0	0	0	0	0	0	0	0	0	0	0	0	0	0	1	1	1	1	0	0	0	0	1	1	1	0	0	0	0	1000	0	1
15:54:43	2	运行	0	0	制冷	R410A	2	2	296	415	114	114	-27	-27	0	0	0	0	718	1123	721	1122	141	141	4095	2	2	228	281	124	122	-14	-16	0	0	0	0	703	1112	706	1113	138	138	4095	1	1	0	0	1	1	0	0	0	0	0	0	0	0	0	0	500	500	5	50	20	5	100	0	20	350	200	4	1	1	99	0	0	0	0	0	0	0	0	0	0	0	0	0	0	0	0	1	1	1	1	0	0	0	0	1	1	1	0	0	0	0	1000	0	1
15:54:45	2	运行	0	0	制冷	R410A	2	2	296	415	114	114	-27	-27	0	0	0	0	718	1123	721	1122	141	141	4095	2	2	228	281	124	122	-14	-16	0	0	0	0	703	1112	706	1113	138	138	4095	1	1	0	0	1	1	0	0	0	0	0	0	0	0	0	0	500	500	5	50	20	5	100	0	20	350	200	4	1	1	99	0	0	0	0	0	0	0	0	0	0	0	0	0	0	0	0	1	1	1	1	0	0	0	0	1	1	1	0	0	0	0	1000	0	1
15:54:47	2	运行	0	0	制冷	R410A	2	2	296	415	114	114	-27	-27	0	0	0	0	721	1123	721	1122	141	141	4095	2	2	228	281	124	122	-14	-16	0	0	0	0	703	1112	706	1113	138	138	4095	1	1	0	0	1	1	0	0	0	0	0	0	0	0	0	0	500	500	5	50	20	5	100	0	20	350	200	4	1	1	99	0	0	0	0	0	0	0	0	0	0	0	0	0	0	0	0	1	1	1	1	0	0	0	0	1	1	1	0	0	0	0	1000	0	1
15:54:49	2	运行	0	0	制冷	R410A	2	2	296	415	114	114	-27	-27	0	0	0	0	721	1123	721	1122	141	141	4095	2	2	228	281	124	122	-14	-16	0	0	0	0	703	1112	706	1113	138	138	4095	1	1	0	0	1	1	0	0	0	0	0	0	0	0	0	0	500	500	5	50	20	5	100	0	20	350	200	4	1	1	99	0	0	0	0	0	0	0	0	0	0	0	0	0	0	0	0	1	1	1	1	0	0	0	0	1	1	1	0	0	0	0	1000	0	1
15:54:51	2	运行	0	0	制冷	R410A	2	2	296	415	114	114	-27	-27	0	0	0	0	721	1123	721	1122	141	141	4095	2	2	228	281	124	122	-14	-16	0	0	0	0	703	1112	706	1113	138	138	4095	1	1	0	0	1	1	0	0	0	0	0	0	0	0	0	0	500	500	5	50	20	5	100	0	20	350	200	4	1	1	99	0	0	0	0	0	0	0	0	0	0	0	0	0	0	0	0	1	1	1	1	0	0	0	0	1	1	1	0	0	0	0	1000	0	1
15:54:53	2	运行	0	0	制冷	R410A	2	2	296	415	114	114	-27	-27	0	0	0	0	721	1123	721	1122	141	141	4095	2	2	228	281	124	122	-14	-16	0	0	0	0	703	1112	706	1113	138	138	4095	1	1	0	0	1	1	0	0	0	0	0	0	0	0	0	0	500	500	5	50	20	5	100	0	20	350	200	4	1	1	99	0	0	0	0	0	0	0	0	0	0	0	0	0	0	0	0	1	1	1	1	0	0	0	0	1	1	1	0	0	0	0	1000	0	1
15:54:55	2	运行	0	0	制冷	R410A	2	2	296	415	114	114	-27	-27	0	0	0	0	721	1123	721	1122	141	141	4095	2	2	228	281	124	122	-14	-16	0	0	0	0	703	1112	706	1113	138	138	4095	1	1	0	0	1	1	0	0	0	0	0	0	0	0	0	0	500	500	5	50	20	5	100	0	20	350	200	4	1	1	99	0	0	0	0	0	0	0	0	0	0	0	0	0	0	0	0	1	1	1	1	0	0	0	0	1	1	1	0	0	0	0	1000	0	1
15:54:57	2	运行	0	0	制冷	R410A	2	2	296	415	114	114	-27	-27	0	0	0	0	721	1123	721	1122	141	141	4095	2	2	228	281	124	122	-14	-16	0	0	0	0	703	1112	706	1113	138	138	4095	1	1	0	0	1	1	0	0	0	0	0	0	0	0	0	0	500	500	5	50	20	5	100	0	20	350	200	4	1	1	99	0	0	0	0	0	0	0	0	0	0	0	0	0	0	0	0	1	1	1	1	0	0	0	0	1	1	1	0	0	0	0	1000	0	1
15:54:59	2	运行	0	0	制冷	R410A	2	2	296	415	114	114	-27	-27	0	0	0	0	718	1121	725	1122	141	141	4095	2	2	228	281	124	122	-14	-16	0	0	0	0	703	1112	706	1114	138	138	4095	1	1	0	0	1	1	0	0	0	0	0	0	0	0	0	0	500	500	5	50	20	5	100	0	20	350	200	4	1	1	99	0	0	0	0	0	0	0	0	0	0	0	0	0	0	0	0	1	1	1	1	0	0	0	0	1	1	1	0	0	0	0	1000	0	1
15:55:01	2	运行	0	0	制冷	R410A	2	2	296	415	114	114	-27	-27	0	0	0	0	718	1121	725	1122	141	141	4095	2	2	228	281	124	122	-14	-16	0	0	0	0	703	1112	706	1114	138	138	4095	1	1	0	0	1	1	0	0	0	0	0	0	0	0	0	0	500	500	5	50	20	5	100	0	20	350	200	4	1	1	99	0	0	0	0	0	0	0	0	0	0	0	0	0	0	0	0	1	1	1	1	0	0	0	0	1	1	1	0	0	0	0	1000	0	1
15:55:03	2	运行	0	0	制冷	R410A	2	2	296	415	114	114	-27	-27	0	0	0	0	718	1121	725	1122	141	141	4095	2	2	228	281	124	122	-14	-16	0	0	0	0	703	1112	706	1114	138	138	4095	1	1	0	0	1	1	0	0	0	0	0	0	0	0	0	0	500	500	5	50	20	5	100	0	20	350	200	4	1	1	99	0	0	0	0	0	0	0	0	0	0	0	0	0	0	0	0	1	1	1	1	0	0	0	0	1	1	1	0	0	0	0	1000	0	1
15:55:05	2	运行	0	0	制冷	R410A	2	2	296	415	114	114	-27	-27	0	0	0	0	718	1121	725	1122	141	141	4095	2	2	228	281	124	122	-14	-16	0	0	0	0	703	1112	706	1114	138	138	4095	1	1	0	0	1	1	0	0	0	0	0	0	0	0	0	0	500	500	5	50	20	5	100	0	20	350	200	4	1	1	99	0	0	0	0	0	0	0	0	0	0	0	0	0	0	0	0	1	1	1	1	0	0	0	0	1	1	1	0	0	0	0	1000	0	1
15:55:07	2	运行	0	0	制冷	R410A	2	2	296	415	114	114	-27	-27	0	0	0	0	718	1121	725	1122	141	141	4095	2	2	228	281	124	122	-14	-16	0	0	0	0	703	1112	706	1114	138	138	4095	1	1	0	0	1	1	0	0	0	0	0	0	0	0	0	0	500	500	5	50	20	5	100	0	20	350	200	4	1	1	99	0	0	0	0	0	0	0	0	0	0	0	0	0	0	0	0	1	1	1	1	0	0	0	0	1	1	1	0	0	0	0	1000	0	1
15:55:09	2	运行	0	0	制冷	R410A	2	2	296	415	114	114	-27	-27	0	0	0	0	721	1123	721	1122	141	141	4095	2	2	228	281	124	122	-14	-16	0	0	0	0	703	1112	706	1113	138	138	4095	1	1	0	0	1	1	0	0	0	0	0	0	0	0	0	0	500	500	5	50	20	5	100	0	20	350	200	4	1	1	99	0	0	0	0	0	0	0	0	0	0	0	0	0	0	0	0	1	1	1	1	0	0	0	0	1	1	1	0	0	0	0	1000	0	1
15:55:11	2	运行	0	0	制冷	R410A	2	2	296	415	114	114	-27	-27	0	0	0	0	721	1123	721	1122	141	141	4095	2	2	228	281	124	122	-14	-16	0	0	0	0	703	1112	706	1113	138	138	4095	1	1	0	0	1	1	0	0	0	0	0	0	0	0	0	0	500	500	5	50	20	5	100	0	20	350	200	4	1	1	99	0	0	0	0	0	0	0	0	0	0	0	0	0	0	0	0	1	1	1	1	0	0	0	0	1	1	1	0	0	0	0	1000	0	1
15:55:13	2	运行	0	0	制冷	R410A	2	2	296	415	114	114	-27	-27	0	0	0	0	721	1123	721	1122	141	141	4095	2	2	228	281	124	122	-14	-16	0	0	0	0	703	1112	706	1113	138	138	4095	1	1	0	0	1	1	0	0	0	0	0	0	0	0	0	0	500	500	5	50	20	5	100	0	20	350	200	4	1	1	99	0	0	0	0	0	0	0	0	0	0	0	0	0	0	0	0	1	1	1	1	0	0	0	0	1	1	1	0	0	0	0	1000	0	1
15:55:15	2	运行	0	0	制冷	R410A	2	2	296	415	114	114	-27	-27	0	0	0	0	721	1123	721	1122	141	141	4095	2	2	228	281	124	122	-14	-16	0	0	0	0	703	1112	706	1113	138	138	4095	1	1	0	0	1	1	0	0	0	0	0	0	0	0	0	0	500	500	5	50	20	5	100	0	20	350	200	4	1	1	99	0	0	0	0	0	0	0	0	0	0	0	0	0	0	0	0	1	1	1	1	0	0	0	0	1	1	1	0	0	0	0	1000	0	1
15:55:17	2	运行	0	0	制冷	R410A	2	2	296	415	114	114	-27	-27	0	0	0	0	721	1123	721	1122	141	141	4095	2	2	228	281	124	122	-14	-16	0	0	0	0	703	1112	706	1113	138	138	4095	1	1	0	0	1	1	0	0	0	0	0	0	0	0	0	0	500	500	5	50	20	5	100	0	20	350	200	4	1	1	99	0	0	0	0	0	0	0	0	0	0	0	0	0	0	0	0	1	1	1	1	0	0	0	0	1	1	1	0	0	0	0	1000	0	1
15:55:19	2	运行	0	0	制冷	R410A	2	2	296	415	114	114	-27	-27	0	0	0	0	721	1123	721	1122	141	141	4095	2	2	228	281	124	122	-14	-16	0	0	0	0	703	1112	706	1113	138	138	4095	1	1	0	0	1	1	0	0	0	0	0	0	0	0	0	0	500	500	5	50	20	5	100	0	20	350	200	4	1	1	99	0	0	0	0	0	0	0	0	0	0	0	0	0	0	0	0	1	1	1	1	0	0	0	0	1	1	1	0	0	0	0	1000	0	1
15:55:21	2	运行	0	0	制冷	R410A	2	2	296	415	114	114	-27	-27	0	0	0	0	721	1123	721	1122	141	141	4095	2	2	228	281	124	122	-14	-16	0	0	0	0	703	1112	706	1113	138	138	4095	1	1	0	0	1	1	0	0	0	0	0	0	0	0	0	0	500	500	5	50	20	5	100	0	20	350	200	4	1	1	99	0	0	0	0	0	0	0	0	0	0	0	0	0	0	0	0	1	1	1	1	0	0	0	0	1	1	1	0	0	0	0	1000	0	1
15:55:23	2	运行	0	0	制冷	R410A	2	2	296	415	114	114	-27	-27	0	0	0	0	721	1123	721	1122	141	141	4095	2	2	228	281	124	122	-14	-16	0	0	0	0	703	1112	706	1113	138	138	4095	1	1	0	0	1	1	0	0	0	0	0	0	0	0	0	0	500	500	5	50	20	5	100	0	20	350	200	4	1	1	99	0	0	0	0	0	0	0	0	0	0	0	0	0	0	0	0	1	1	1	1	0	0	0	0	1	1	1	0	0	0	0	1000	0	1
15:55:25	2	运行	0	0	制冷	R410A	2	2	296	415	114	114	-27	-27	0	0	0	0	721	1123	721	1122	141	141	4095	2	2	228	281	124	122	-14	-16	0	0	0	0	703	1112	706	1113	138	138	4095	1	1	0	0	1	1	0	0	0	0	0	0	0	0	0	0	500	500	5	50	20	5	100	0	20	350	200	4	1	1	99	0	0	0	0	0	0	0	0	0	0	0	0	0	0	0	0	1	1	1	1	0	0	0	0	1	1	1	0	0	0	0	1000	0	1
15:55:27	2	运行	0	0	制冷	R410A	2	2	296	415	114	114	-27	-27	0	0	0	0	721	1123	721	1122	141	141	4095	2	2	228	281	124	122	-14	-16	0	0	0	0	703	1112	706	1113	138	138	4095	1	1	0	0	1	1	0	0	0	0	0	0	0	0	0	0	500	500	5	50	20	5	100	0	20	350	200	4	1	1	99	0	0	0	0	0	0	0	0	0	0	0	0	0	0	0	0	1	1	1	1	0	0	0	0	1	1	1	0	0	0	0	1000	0	1
15:55:29	2	运行	0	0	制冷	R410A	2	2	296	415	114	114	-27	-27	0	0	0	0	721	1123	721	1122	141	141	4095	2	2	228	281	124	122	-14	-16	0	0	0	0	703	1112	706	1113	138	138	4095	1	1	0	0	1	1	0	0	0	0	0	0	0	0	0	0	500	500	5	50	20	5	100	0	20	350	200	4	1	1	99	0	0	0	0	0	0	0	0	0	0	0	0	0	0	0	0	1	1	1	1	0	0	0	0	1	1	1	0	0	0	0	1000	0	1
15:55:31	2	运行	0	0	制冷	R410A	2	2	296	415	114	114	-27	-27	0	0	0	0	721	1123	721	1122	141	141	4095	2	2	228	281	124	122	-14	-16	0	0	0	0	703	1112	706	1113	138	138	4095	1	1	0	0	1	1	0	0	0	0	0	0	0	0	0	0	500	500	5	50	20	5	100	0	20	350	200	4	1	1	99	0	0	0	0	0	0	0	0	0	0	0	0	0	0	0	0	1	1	1	1	0	0	0	0	1	1	1	0	0	0	0	1000	0	1
15:55:33	2	运行	0	0	制冷	R410A	2	2	296	415	114	114	-27	-27	0	0	0	0	718	1123	725	1124	141	141	4095	2	2	228	281	124	122	-14	-16	0	0	0	0	703	1113	706	1113	138	138	4095	1	1	0	0	1	1	0	0	0	0	0	0	0	0	0	0	500	500	5	50	20	5	100	0	20	350	200	4	1	1	99	0	0	0	0	0	0	0	0	0	0	0	0	0	0	0	0	1	1	1	1	0	0	0	0	1	1	1	0	0	0	0	1000	0	1
15:55:35	2	运行	0	0	制冷	R410A	2	2	296	415	114	114	-27	-27	0	0	0	0	718	1123	725	1124	141	141	4095	2	2	228	281	124	122	-14	-16	0	0	0	0	703	1113	706	1113	138	138	4095	1	1	0	0	1	1	0	0	0	0	0	0	0	0	0	0	500	500	5	50	20	5	100	0	20	350	200	4	1	1	99	0	0	0	0	0	0	0	0	0	0	0	0	0	0	0	0	1	1	1	1	0	0	0	0	1	1	1	0	0	0	0	1000	0	1
15:55:37	2	运行	0	0	制冷	R410A	2	2	296	415	114	114	-27	-27	0	0	0	0	718	1123	725	1124	141	141	4095	2	2	228	281	124	122	-14	-16	0	0	0	0	703	1113	706	1113	138	138	4095	1	1	0	0	1	1	0	0	0	0	0	0	0	0	0	0	500	500	5	50	20	5	100	0	20	350	200	4	1	1	99	0	0	0	0	0	0	0	0	0	0	0	0	0	0	0	0	1	1	1	1	0	0	0	0	1	1	1	0	0	0	0	1000	0	1
15:55:39	2	运行	0	0	制冷	R410A	2	2	296	415	114	114	-27	-27	0	0	0	0	718	1123	725	1124	141	141	4095	2	2	228	281	124	122	-14	-16	0	0	0	0	703	1113	706	1113	138	138	4095	1	1	0	0	1	1	0	0	0	0	0	0	0	0	0	0	500	500	5	50	20	5	100	0	20	350	200	4	1	1	99	0	0	0	0	0	0	0	0	0	0	0	0	0	0	0	0	1	1	1	1	0	0	0	0	1	1	1	0	0	0	0	1000	0	1
15:55:41	2	运行	0	0	制冷	R410A	2	2	296	415	114	114	-27	-27	0	0	0	0	718	1123	725	1124	141	141	4095	2	2	228	281	124	122	-14	-16	0	0	0	0	703	1113	706	1113	138	138	4095	1	1	0	0	1	1	0	0	0	0	0	0	0	0	0	0	500	500	5	50	20	5	100	0	20	350	200	4	1	1	99	0	0	0	0	0	0	0	0	0	0	0	0	0	0	0	0	1	1	1	1	0	0	0	0	1	1	1	0	0	0	0	1000	0	1
15:55:43	2	运行	0	0	制冷	R410A	2	2	296	415	114	114	-27	-27	0	0	0	0	718	1123	725	1124	141	141	4095	2	2	228	281	124	122	-14	-16	0	0	0	0	703	1113	706	1113	138	138	4095	1	1	0	0	1	1	0	0	0	0	0	0	0	0	0	0	500	500	5	50	20	5	100	0	20	350	200	4	1	1	99	0	0	0	0	0	0	0	0	0	0	0	0	0	0	0	0	1	1	1	1	0	0	0	0	1	1	1	0	0	0	0	1000	0	1
15:55:45	2	运行	0	0	制冷	R410A	2	2	296	415	114	114	-27	-27	0	0	0	0	721	1123	725	1124	141	141	4095	2	2	228	281	124	122	-14	-16	0	0	0	0	703	1112	706	1113	138	138	4095	1	1	0	0	1	1	0	0	0	0	0	0	0	0	0	0	500	500	5	50	20	5	100	0	20	350	200	4	1	1	99	0	0	0	0	0	0	0	0	0	0	0	0	0	0	0	0	1	1	1	1	0	0	0	0	1	1	1	0	0	0	0	1000	0	1
15:55:47	2	运行	0	0	制冷	R410A	2	2	296	415	114	114	-27	-27	0	0	0	0	721	1123	725	1124	141	141	4095	2	2	228	281	124	122	-14	-16	0	0	0	0	703	1112	706	1113	138	138	4095	1	1	0	0	1	1	0	0	0	0	0	0	0	0	0	0	500	500	5	50	20	5	100	0	20	350	200	4	1	1	99	0	0	0	0	0	0	0	0	0	0	0	0	0	0	0	0	1	1	1	1	0	0	0	0	1	1	1	0	0	0	0	1000	0	1
15:55:49	2	运行	0	0	制冷	R410A	2	2	296	415	114	114	-27	-27	0	0	0	0	721	1123	725	1124	141	141	4095	2	2	228	281	124	122	-14	-16	0	0	0	0	703	1112	706	1113	138	138	4095	1	1	0	0	1	1	0	0	0	0	0	0	0	0	0	0	500	500	5	50	20	5	100	0	20	350	200	4	1	1	99	0	0	0	0	0	0	0	0	0	0	0	0	0	0	0	0	1	1	1	1	0	0	0	0	1	1	1	0	0	0	0	1000	0	1
15:55:51	2	运行	0	0	制冷	R410A	2	2	296	415	114	114	-27	-27	0	0	0	0	721	1123	725	1124	141	141	4095	2	2	228	281	124	122	-14	-16	0	0	0	0	703	1112	706	1113	138	138	4095	1	1	0	0	1	1	0	0	0	0	0	0	0	0	0	0	500	500	5	50	20	5	100	0	20	350	200	4	1	1	99	0	0	0	0	0	0	0	0	0	0	0	0	0	0	0	0	1	1	1	1	0	0	0	0	1	1	1	0	0	0	0	1000	0	1
15:55:53	2	运行	0	0	制冷	R410A	2	2	296	415	114	114	-27	-27	0	0	0	0	721	1123	725	1124	141	141	4095	2	2	228	281	124	122	-14	-16	0	0	0	0	703	1112	706	1113	138	138	4095	1	1	0	0	1	1	0	0	0	0	0	0	0	0	0	0	500	500	5	50	20	5	100	0	20	350	200	4	1	1	99	0	0	0	0	0	0	0	0	0	0	0	0	0	0	0	0	1	1	1	1	0	0	0	0	1	1	1	0	0	0	0	1000	0	1
15:55:55	2	运行	0	0	制冷	R410A	2	2	296	415	114	114	-27	-27	0	0	0	0	721	1121	721	1122	141	141	4095	2	2	228	281	124	122	-14	-16	0	0	0	0	703	1112	706	1113	138	138	4095	1	1	0	0	1	1	0	0	0	0	0	0	0	0	0	0	500	500	5	50	20	5	100	0	20	350	200	4	1	1	99	0	0	0	0	0	0	0	0	0	0	0	0	0	0	0	0	1	1	1	1	0	0	0	0	1	1	1	0	0	0	0	1000	0	1
15:55:57	2	运行	0	0	制冷	R410A	2	2	296	415	114	114	-27	-27	0	0	0	0	721	1121	721	1122	141	141	4095	2	2	228	281	124	122	-14	-16	0	0	0	0	703	1112	706	1114	138	138	4095	1	1	0	0	1	1	0	0	0	0	0	0	0	0	0	0	500	500	5	50	20	5	100	0	20	350	200	4	1	1	99	0	0	0	0	0	0	0	0	0	0	0	0	0	0	0	0	1	1	1	1	0	0	0	0	1	1	1	0	0	0	0	1000	0	1
15:55:59	2	运行	0	0	制冷	R410A	2	2	296	415	114	114	-27	-27	0	0	0	0	721	1121	721	1122	141	141	4095	2	2	228	281	124	122	-14	-16	0	0	0	0	703	1112	706	1114	138	138	4095	1	1	0	0	1	1	0	0	0	0	0	0	0	0	0	0	500	500	5	50	20	5	100	0	20	350	200	4	1	1	99	0	0	0	0	0	0	0	0	0	0	0	0	0	0	0	0	1	1	1	1	0	0	0	0	1	1	1	0	0	0	0	1000	0	1
15:56:01	2	运行	0	0	制冷	R410A	2	2	296	415	114	114	-27	-27	0	0	0	0	721	1121	721	1122	141	141	4095	2	2	228	281	124	122	-14	-16	0	0	0	0	703	1112	706	1114	138	138	4095	1	1	0	0	1	1	0	0	0	0	0	0	0	0	0	0	500	500	5	50	20	5	100	0	20	350	200	4	1	1	99	0	0	0	0	0	0	0	0	0	0	0	0	0	0	0	0	1	1	1	1	0	0	0	0	1	1	1	0	0	0	0	1000	0	1
15:56:03	2	运行	0	0	制冷	R410A	2	2	296	415	114	114	-27	-27	0	0	0	0	721	1121	721	1122	141	141	4095	2	2	228	281	124	122	-14	-16	0	0	0	0	703	1112	706	1114	138	138	4095	1	1	0	0	1	1	0	0	0	0	0	0	0	0	0	0	500	500	5	50	20	5	100	0	20	350	200	4	1	1	99	0	0	0	0	0	0	0	0	0	0	0	0	0	0	0	0	1	1	1	1	0	0	0	0	1	1	1	0	0	0	0	1000	0	1
15:56:05	2	运行	0	0	制冷	R410A	2	2	296	415	114	114	-27	-27	0	0	0	0	721	1121	721	1122	141	141	4095	2	2	228	281	124	122	-14	-16	0	0	0	0	703	1112	706	1114	138	138	4095	1	1	0	0	1	1	0	0	0	0	0	0	0	0	0	0	500	500	5	50	20	5	100	0	20	350	200	4	1	1	99	0	0	0	0	0	0	0	0	0	0	0	0	0	0	0	0	1	1	1	1	0	0	0	0	1	1	1	0	0	0	0	1000	0	1
15:56:07	2	运行	0	0	制冷	R410A	2	2	296	415	114	114	-27	-27	0	0	0	0	721	1121	721	1122	141	141	4095	2	2	228	281	124	122	-14	-16	0	0	0	0	703	1112	706	1113	138	138	4095	1	1	0	0	1	1	0	0	0	0	0	0	0	0	0	0	500	500	5	50	20	5	100	0	20	350	200	4	1	1	99	0	0	0	0	0	0	0	0	0	0	0	0	0	0	0	0	1	1	1	1	0	0	0	0	1	1	1	0	0	0	0	1000	0	1
15:56:09	2	运行	0	0	制冷	R410A	2	2	296	415	114	114	-27	-27	0	0	0	0	721	1121	721	1122	141	141	4095	2	2	228	281	124	122	-14	-16	0	0	0	0	703	1112	706	1113	138	138	4095	1	1	0	0	1	1	0	0	0	0	0	0	0	0	0	0	500	500	5	50	20	5	100	0	20	350	200	4	1	1	99	0	0	0	0	0	0	0	0	0	0	0	0	0	0	0	0	1	1	1	1	0	0	0	0	1	1	1	0	0	0	0	1000	0	1
15:56:11	2	运行	0	0	制冷	R410A	2	2	296	415	114	114	-27	-27	0	0	0	0	721	1121	721	1122	141	141	4095	2	2	228	281	124	122	-14	-16	0	0	0	0	703	1112	706	1113	138	138	4095	1	1	0	0	1	1	0	0	0	0	0	0	0	0	0	0	500	500	5	50	20	5	100	0	20	350	200	4	1	1	99	0	0	0	0	0	0	0	0	0	0	0	0	0	0	0	0	1	1	1	1	0	0	0	0	1	1	1	0	0	0	0	1000	0	1
15:56:13	2	运行	0	0	制冷	R410A	2	2	296	415	114	114	-27	-27	0	0	0	0	721	1121	721	1122	141	141	4095	2	2	228	281	124	122	-14	-16	0	0	0	0	703	1112	706	1113	138	138	4095	1	1	0	0	1	1	0	0	0	0	0	0	0	0	0	0	500	500	5	50	20	5	100	0	20	350	200	4	1	1	99	0	0	0	0	0	0	0	0	0	0	0	0	0	0	0	0	1	1	1	1	0	0	0	0	1	1	1	0	0	0	0	1000	0	1
15:56:15	2	运行	0	0	制冷	R410A	2	2	296	415	114	114	-27	-27	0	0	0	0	721	1121	721	1122	141	141	4095	2	2	228	281	124	122	-14	-16	0	0	0	0	703	1112	706	1113	138	138	4095	1	1	0	0	1	1	0	0	0	0	0	0	0	0	0	0	500	500	5	50	20	5	100	0	20	350	200	4	1	1	99	0	0	0	0	0	0	0	0	0	0	0	0	0	0	0	0	1	1	1	1	0	0	0	0	1	1	1	0	0	0	0	1000	0	1
15:56:17	2	运行	0	0	制冷	R410A	2	2	296	415	114	114	-27	-27	0	0	0	0	721	1121	721	1122	141	141	4095	2	2	228	281	124	122	-14	-16	0	0	0	0	703	1112	706	1113	138	138	4095	1	1	0	0	1	1	0	0	0	0	0	0	0	0	0	0	500	500	5	50	20	5	100	0	20	350	200	4	1	1	99	0	0	0	0	0	0	0	0	0	0	0	0	0	0	0	0	1	1	1	1	0	0	0	0	1	1	1	0	0	0	0	1000	0	1
15:56:19	2	运行	0	0	制冷	R410A	2	2	296	415	114	114	-27	-27	0	0	0	0	721	1123	721	1122	141	141	4095	2	2	228	281	124	122	-14	-16	0	0	0	0	703	1112	706	1113	138	138	4095	1	1	0	0	1	1	0	0	0	0	0	0	0	0	0	0	500	500	5	50	20	5	100	0	20	350	200	4	1	1	99	0	0	0	0	0	0	0	0	0	0	0	0	0	0	0	0	1	1	1	1	0	0	0	0	1	1	1	0	0	0	0	1000	0	1
15:56:21	2	运行	0	0	制冷	R410A	2	2	296	415	114	114	-27	-27	0	0	0	0	721	1123	721	1122	141	141	4095	2	2	228	281	124	122	-14	-16	0	0	0	0	703	1112	706	1113	138	138	4095	1	1	0	0	1	1	0	0	0	0	0	0	0	0	0	0	500	500	5	50	20	5	100	0	20	350	200	4	1	1	99	0	0	0	0	0	0	0	0	0	0	0	0	0	0	0	0	1	1	1	1	0	0	0	0	1	1	1	0	0	0	0	1000	0	1
15:56:23	2	运行	0	0	制冷	R410A	2	2	296	415	114	114	-27	-27	0	0	0	0	721	1123	721	1122	141	141	4095	2	2	228	281	124	122	-14	-16	0	0	0	0	703	1112	706	1113	138	138	4095	1	1	0	0	1	1	0	0	0	0	0	0	0	0	0	0	500	500	5	50	20	5	100	0	20	350	200	4	1	1	99	0	0	0	0	0	0	0	0	0	0	0	0	0	0	0	0	1	1	1	1	0	0	0	0	1	1	1	0	0	0	0	1000	0	1
15:56:25	2	运行	0	0	制冷	R410A	2	2	296	415	114	114	-27	-27	0	0	0	0	721	1123	721	1122	141	141	4095	2	2	228	281	124	122	-14	-16	0	0	0	0	703	1112	706	1113	138	138	4095	1	1	0	0	1	1	0	0	0	0	0	0	0	0	0	0	500	500	5	50	20	5	100	0	20	350	200	4	1	1	99	0	0	0	0	0	0	0	0	0	0	0	0	0	0	0	0	1	1	1	1	0	0	0	0	1	1	1	0	0	0	0	1000	0	1
15:56:27	2	运行	0	0	制冷	R410A	2	2	296	415	114	114	-27	-27	0	0	0	0	721	1123	721	1122	141	141	4095	2	2	228	281	124	122	-14	-16	0	0	0	0	703	1112	706	1113	138	138	4095	1	1	0	0	1	1	0	0	0	0	0	0	0	0	0	0	500	500	5	50	20	5	100	0	20	350	200	4	1	1	99	0	0	0	0	0	0	0	0	0	0	0	0	0	0	0	0	1	1	1	1	0	0	0	0	1	1	1	0	0	0	0	1000	0	1
15:56:29	2	运行	0	0	制冷	R410A	2	2	296	415	114	114	-27	-27	0	0	0	0	721	1123	721	1122	141	141	4095	2	2	228	281	124	122	-14	-16	0	0	0	0	703	1112	706	1113	138	138	4095	1	1	0	0	1	1	0	0	0	0	0	0	0	0	0	0	500	500	5	50	20	5	100	0	20	350	200	4	1	1	99	0	0	0	0	0	0	0	0	0	0	0	0	0	0	0	0	1	1	1	1	0	0	0	0	1	1	1	0	0	0	0	1000	0	1
15:56:31	2	运行	0	0	制冷	R410A	2	2	296	415	114	114	-27	-27	0	0	0	0	718	1123	721	1122	141	141	4095	2	2	228	281	124	122	-14	-16	0	0	0	0	703	1112	706	1113	138	138	4095	1	1	0	0	1	1	0	0	0	0	0	0	0	0	0	0	500	500	5	50	20	5	100	0	20	350	200	4	1	1	99	0	0	0	0	0	0	0	0	0	0	0	0	0	0	0	0	1	1	1	1	0	0	0	0	1	1	1	0	0	0	0	1000	0	1
15:56:33	2	运行	0	0	制冷	R410A	2	2	296	415	114	114	-27	-27	0	0	0	0	718	1123	721	1122	141	141	4095	2	2	228	281	124	122	-14	-16	0	0	0	0	703	1112	706	1113	138	138	4095	1	1	0	0	1	1	0	0	0	0	0	0	0	0	0	0	500	500	5	50	20	5	100	0	20	350	200	4	1	1	99	0	0	0	0	0	0	0	0	0	0	0	0	0	0	0	0	1	1	1	1	0	0	0	0	1	1	1	0	0	0	0	1000	0	1
15:56:35	2	运行	0	0	制冷	R410A	2	2	296	415	114	114	-27	-27	0	0	0	0	718	1123	721	1122	141	141	4095	2	2	228	281	124	122	-14	-16	0	0	0	0	703	1112	706	1113	138	138	4095	1	1	0	0	1	1	0	0	0	0	0	0	0	0	0	0	500	500	5	50	20	5	100	0	20	350	200	4	1	1	99	0	0	0	0	0	0	0	0	0	0	0	0	0	0	0	0	1	1	1	1	0	0	0	0	1	1	1	0	0	0	0	1000	0	1
15:56:37	2	运行	0	0	制冷	R410A	2	2	296	415	114	114	-27	-27	0	0	0	0	718	1123	721	1122	141	141	4095	2	2	228	281	124	122	-14	-16	0	0	0	0	703	1112	706	1113	138	138	4095	1	1	0	0	1	1	0	0	0	0	0	0	0	0	0	0	500	500	5	50	20	5	100	0	20	350	200	4	1	1	99	0	0	0	0	0	0	0	0	0	0	0	0	0	0	0	0	1	1	1	1	0	0	0	0	1	1	1	0	0	0	0	1000	0	1
15:56:39	2	运行	0	0	制冷	R410A	2	2	296	415	114	114	-27	-27	0	0	0	0	718	1123	721	1122	141	141	4095	2	2	228	281	124	122	-14	-16	0	0	0	0	703	1112	706	1113	138	138	4095	1	1	0	0	1	1	0	0	0	0	0	0	0	0	0	0	500	500	5	50	20	5	100	0	20	350	200	4	1	1	99	0	0	0	0	0	0	0	0	0	0	0	0	0	0	0	0	1	1	1	1	0	0	0	0	1	1	1	0	0	0	0	1000	0	1
15:56:41	2	运行	0	0	制冷	R410A	2	2	296	415	114	114	-27	-27	0	0	0	0	718	1123	721	1122	141	141	4095	2	2	228	281	124	122	-14	-16	0	0	0	0	703	1112	706	1113	138	138	4095	1	1	0	0	1	1	0	0	0	0	0	0	0	0	0	0	500	500	5	50	20	5	100	0	20	350	200	4	1	1	99	0	0	0	0	0	0	0	0	0	0	0	0	0	0	0	0	1	1	1	1	0	0	0	0	1	1	1	0	0	0	0	1000	0	1
15:56:43	2	运行	0	0	制冷	R410A	2	2	296	415	114	114	-27	-27	0	0	0	0	721	1121	721	1122	141	141	4095	2	2	228	281	124	122	-14	-16	0	0	0	0	703	1112	706	1113	138	138	4095	1	1	0	0	1	1	0	0	0	0	0	0	0	0	0	0	500	500	5	50	20	5	100	0	20	350	200	4	1	1	99	0	0	0	0	0	0	0	0	0	0	0	0	0	0	0	0	1	1	1	1	0	0	0	0	1	1	1	0	0	0	0	1000	0	1
15:56:45	2	运行	0	0	制冷	R410A	2	2	296	415	114	114	-27	-27	0	0	0	0	721	1121	721	1122	141	141	4095	2	2	228	281	124	122	-14	-16	0	0	0	0	703	1112	706	1113	138	138	4095	1	1	0	0	1	1	0	0	0	0	0	0	0	0	0	0	500	500	5	50	20	5	100	0	20	350	200	4	1	1	99	0	0	0	0	0	0	0	0	0	0	0	0	0	0	0	0	1	1	1	1	0	0	0	0	1	1	1	0	0	0	0	1000	0	1
15:56:47	2	运行	0	0	制冷	R410A	2	2	296	415	114	114	-27	-27	0	0	0	0	721	1121	721	1122	141	141	4095	2	2	228	281	124	122	-14	-16	0	0	0	0	703	1112	706	1113	138	138	4095	1	1	0	0	1	1	0	0	0	0	0	0	0	0	0	0	500	500	5	50	20	5	100	0	20	350	200	4	1	1	99	0	0	0	0	0	0	0	0	0	0	0	0	0	0	0	0	1	1	1	1	0	0	0	0	1	1	1	0	0	0	0	1000	0	1
15:56:49	2	运行	0	0	制冷	R410A	2	2	296	415	114	114	-27	-27	0	0	0	0	721	1121	721	1122	141	141	4095	2	2	228	281	124	122	-14	-16	0	0	0	0	703	1112	706	1113	138	138	4095	1	1	0	0	1	1	0	0	0	0	0	0	0	0	0	0	500	500	5	50	20	5	100	0	20	350	200	4	1	1	99	0	0	0	0	0	0	0	0	0	0	0	0	0	0	0	0	1	1	1	1	0	0	0	0	1	1	1	0	0	0	0	1000	0	1
15:56:51	2	运行	0	0	制冷	R410A	2	2	296	415	114	114	-27	-27	0	0	0	0	721	1121	721	1122	141	141	4095	2	2	228	281	124	122	-14	-16	0	0	0	0	703	1112	706	1113	138	138	4095	1	1	0	0	1	1	0	0	0	0	0	0	0	0	0	0	500	500	5	50	20	5	100	0	20	350	200	4	1	1	99	0	0	0	0	0	0	0	0	0	0	0	0	0	0	0	0	1	1	1	1	0	0	0	0	1	1	1	0	0	0	0	1000	0	1
15:56:53	2	运行	0	0	制冷	R410A	2	2	296	415	114	114	-27	-27	0	0	0	0	721	1123	721	1122	141	141	4095	2	2	228	281	124	122	-14	-16	0	0	0	0	703	1112	706	1114	138	138	4095	1	1	0	0	1	1	0	0	0	0	0	0	0	0	0	0	500	500	5	50	20	5	100	0	20	350	200	4	1	1	99	0	0	0	0	0	0	0	0	0	0	0	0	0	0	0	0	1	1	1	1	0	0	0	0	1	1	1	0	0	0	0	1000	0	1
15:56:55	2	运行	0	0	制冷	R410A	2	2	296	415	114	114	-27	-27	0	0	0	0	721	1123	721	1122	141	141	4095	2	2	228	281	124	122	-14	-16	0	0	0	0	703	1112	706	1114	138	138	4095	1	1	0	0	1	1	0	0	0	0	0	0	0	0	0	0	500	500	5	50	20	5	100	0	20	350	200	4	1	1	99	0	0	0	0	0	0	0	0	0	0	0	0	0	0	0	0	1	1	1	1	0	0	0	0	1	1	1	0	0	0	0	1000	0	1
15:56:57	2	运行	0	0	制冷	R410A	2	2	296	415	114	114	-27	-27	0	0	0	0	721	1123	721	1122	141	141	4095	2	2	228	281	124	122	-14	-16	0	0	0	0	703	1112	706	1114	138	138	4095	1	1	0	0	1	1	0	0	0	0	0	0	0	0	0	0	500	500	5	50	20	5	100	0	20	350	200	4	1	1	99	0	0	0	0	0	0	0	0	0	0	0	0	0	0	0	0	1	1	1	1	0	0	0	0	1	1	1	0	0	0	0	1000	0	1
15:56:59	2	运行	0	0	制冷	R410A	2	2	296	415	114	114	-27	-27	0	0	0	0	721	1123	721	1122	141	141	4095	2	2	228	281	124	122	-14	-16	0	0	0	0	703	1112	706	1114	138	138	4095	1	1	0	0	1	1	0	0	0	0	0	0	0	0	0	0	500	500	5	50	20	5	100	0	20	350	200	4	1	1	99	0	0	0	0	0	0	0	0	0	0	0	0	0	0	0	0	1	1	1	1	0	0	0	0	1	1	1	0	0	0	0	1000	0	1
15:57:01	2	运行	0	0	制冷	R410A	2	2	296	415	114	114	-27	-27	0	0	0	0	721	1123	721	1122	141	141	4095	2	2	228	281	124	122	-14	-16	0	0	0	0	703	1112	706	1114	138	138	4095	1	1	0	0	1	1	0	0	0	0	0	0	0	0	0	0	500	500	5	50	20	5	100	0	20	350	200	4	1	1	99	0	0	0	0	0	0	0	0	0	0	0	0	0	0	0	0	1	1	1	1	0	0	0	0	1	1	1	0	0	0	0	1000	0	1
15:57:03	2	运行	0	0	制冷	R410A	2	2	296	415	114	114	-27	-27	0	0	0	0	721	1123	721	1122	141	141	4095	2	2	228	281	124	122	-14	-16	0	0	0	0	703	1112	706	1114	138	138	4095	1	1	0	0	1	1	0	0	0	0	0	0	0	0	0	0	500	500	5	50	20	5	100	0	20	350	200	4	1	1	99	0	0	0	0	0	0	0	0	0	0	0	0	0	0	0	0	1	1	1	1	0	0	0	0	1	1	1	0	0	0	0	1000	0	1
15:57:05	2	运行	0	0	制冷	R410A	2	2	296	415	114	114	-27	-27	0	0	0	0	721	1121	721	1122	141	141	4095	2	2	228	281	124	122	-14	-16	0	0	0	0	703	1112	706	1113	138	138	4095	1	1	0	0	1	1	0	0	0	0	0	0	0	0	0	0	500	500	5	50	20	5	100	0	20	350	200	4	1	1	99	0	0	0	0	0	0	0	0	0	0	0	0	0	0	0	0	1	1	1	1	0	0	0	0	1	1	1	0	0	0	0	1000	0	1
15:57:07	2	运行	0	0	制冷	R410A	2	2	296	415	114	114	-27	-27	0	0	0	0	721	1121	721	1122	141	141	4095	2	2	228	281	124	122	-14	-16	0	0	0	0	703	1112	706	1113	138	138	4095	1	1	0	0	1	1	0	0	0	0	0	0	0	0	0	0	500	500	5	50	20	5	100	0	20	350	200	4	1	1	99	0	0	0	0	0	0	0	0	0	0	0	0	0	0	0	0	1	1	1	1	0	0	0	0	1	1	1	0	0	0	0	1000	0	1
15:57:09	2	运行	0	0	制冷	R410A	2	2	296	415	114	114	-27	-27	0	0	0	0	721	1121	721	1122	141	141	4095	2	2	228	281	124	122	-14	-16	0	0	0	0	703	1112	706	1113	138	138	4095	1	1	0	0	1	1	0	0	0	0	0	0	0	0	0	0	500	500	5	50	20	5	100	0	20	350	200	4	1	1	99	0	0	0	0	0	0	0	0	0	0	0	0	0	0	0	0	1	1	1	1	0	0	0	0	1	1	1	0	0	0	0	1000	0	1
15:57:11	2	运行	0	0	制冷	R410A	2	2	296	415	114	114	-27	-27	0	0	0	0	721	1121	721	1122	141	141	4095	2	2	228	281	124	122	-14	-16	0	0	0	0	703	1112	706	1113	138	138	4095	1	1	0	0	1	1	0	0	0	0	0	0	0	0	0	0	500	500	5	50	20	5	100	0	20	350	200	4	1	1	99	0	0	0	0	0	0	0	0	0	0	0	0	0	0	0	0	1	1	1	1	0	0	0	0	1	1	1	0	0	0	0	1000	0	1
15:57:13	2	运行	0	0	制冷	R410A	2	2	296	415	114	114	-27	-27	0	0	0	0	721	1121	721	1122	141	141	4095	2	2	228	281	124	122	-14	-16	0	0	0	0	703	1112	706	1113	138	138	4095	1	1	0	0	1	1	0	0	0	0	0	0	0	0	0	0	500	500	5	50	20	5	100	0	20	350	200	4	1	1	99	0	0	0	0	0	0	0	0	0	0	0	0	0	0	0	0	1	1	1	1	0	0	0	0	1	1	1	0	0	0	0	1000	0	1
15:57:15	2	运行	0	0	制冷	R410A	2	2	296	415	114	114	-27	-27	0	0	0	0	721	1121	721	1122	141	141	4095	2	2	228	281	124	122	-14	-16	0	0	0	0	703	1112	706	1113	138	138	4095	1	1	0	0	1	1	0	0	0	0	0	0	0	0	0	0	500	500	5	50	20	5	100	0	20	350	200	4	1	1	99	0	0	0	0	0	0	0	0	0	0	0	0	0	0	0	0	1	1	1	1	0	0	0	0	1	1	1	0	0	0	0	1000	0	1
15:57:17	2	运行	0	0	制冷	R410A	2	2	296	415	114	114	-27	-27	0	0	0	0	721	1123	721	1122	141	141	4095	2	2	228	281	124	122	-14	-16	0	0	0	0	703	1112	706	1113	138	138	4095	1	1	0	0	1	1	0	0	0	0	0	0	0	0	0	0	500	500	5	50	20	5	100	0	20	350	200	4	1	1	99	0	0	0	0	0	0	0	0	0	0	0	0	0	0	0	0	1	1	1	1	0	0	0	0	1	1	1	0	0	0	0	1000	0	1
15:57:19	2	运行	0	0	制冷	R410A	2	2	296	415	114	114	-27	-27	0	0	0	0	721	1123	721	1122	141	141	4095	2	2	228	281	124	122	-14	-16	0	0	0	0	703	1112	706	1113	138	138	4095	1	1	0	0	1	1	0	0	0	0	0	0	0	0	0	0	500	500	5	50	20	5	100	0	20	350	200	4	1	1	99	0	0	0	0	0	0	0	0	0	0	0	0	0	0	0	0	1	1	1	1	0	0	0	0	1	1	1	0	0	0	0	1000	0	1
15:57:21	2	运行	0	0	制冷	R410A	2	2	296	415	114	114	-27	-27	0	0	0	0	721	1123	721	1122	141	141	4095	2	2	228	281	124	122	-14	-16	0	0	0	0	703	1112	706	1113	138	138	4095	1	1	0	0	1	1	0	0	0	0	0	0	0	0	0	0	500	500	5	50	20	5	100	0	20	350	200	4	1	1	99	0	0	0	0	0	0	0	0	0	0	0	0	0	0	0	0	1	1	1	1	0	0	0	0	1	1	1	0	0	0	0	1000	0	1
15:57:23	2	运行	0	0	制冷	R410A	2	2	296	415	114	114	-27	-27	0	0	0	0	721	1123	721	1122	141	141	4095	2	2	228	281	124	122	-14	-16	0	0	0	0	703	1112	706	1113	138	138	4095	1	1	0	0	1	1	0	0	0	0	0	0	0	0	0	0	500	500	5	50	20	5	100	0	20	350	200	4	1	1	99	0	0	0	0	0	0	0	0	0	0	0	0	0	0	0	0	1	1	1	1	0	0	0	0	1	1	1	0	0	0	0	1000	0	1
15:57:25	2	运行	0	0	制冷	R410A	2	2	296	415	114	114	-27	-27	0	0	0	0	721	1123	721	1122	141	141	4095	2	2	228	281	124	122	-14	-16	0	0	0	0	703	1112	706	1113	138	138	4095	1	1	0	0	1	1	0	0	0	0	0	0	0	0	0	0	500	500	5	50	20	5	100	0	20	350	200	4	1	1	99	0	0	0	0	0	0	0	0	0	0	0	0	0	0	0	0	1	1	1	1	0	0	0	0	1	1	1	0	0	0	0	1000	0	1
15:57:27	2	运行	0	0	制冷	R410A	2	2	296	415	114	114	-27	-27	0	0	0	0	721	1123	721	1122	141	141	4095	2	2	228	281	124	122	-14	-16	0	0	0	0	703	1112	706	1113	138	138	4095	1	1	0	0	1	1	0	0	0	0	0	0	0	0	0	0	500	500	5	50	20	5	100	0	20	350	200	4	1	1	99	0	0	0	0	0	0	0	0	0	0	0	0	0	0	0	0	1	1	1	1	0	0	0	0	1	1	1	0	0	0	0	1000	0	1
15:57:29	2	运行	0	0	制冷	R410A	2	2	296	415	114	114	-27	-27	0	0	0	0	721	1123	721	1122	141	141	4095	2	2	228	281	124	122	-14	-16	0	0	0	0	703	1112	706	1113	138	138	4095	1	1	0	0	1	1	0	0	0	0	0	0	0	0	0	0	500	500	5	50	20	5	100	0	20	350	200	4	1	1	99	0	0	0	0	0	0	0	0	0	0	0	0	0	0	0	0	1	1	1	1	0	0	0	0	1	1	1	0	0	0	0	1000	0	1
15:57:31	2	运行	0	0	制冷	R410A	2	2	296	415	114	114	-27	-27	0	0	0	0	721	1123	721	1122	141	141	4095	2	2	228	281	124	122	-14	-16	0	0	0	0	703	1112	706	1113	138	138	4095	1	1	0	0	1	1	0	0	0	0	0	0	0	0	0	0	500	500	5	50	20	5	100	0	20	350	200	4	1	1	99	0	0	0	0	0	0	0	0	0	0	0	0	0	0	0	0	1	1	1	1	0	0	0	0	1	1	1	0	0	0	0	1000	0	1
15:57:33	2	运行	0	0	制冷	R410A	2	2	296	415	114	114	-27	-27	0	0	0	0	721	1123	721	1122	141	141	4095	2	2	228	281	124	122	-14	-16	0	0	0	0	703	1112	706	1113	138	138	4095	1	1	0	0	1	1	0	0	0	0	0	0	0	0	0	0	500	500	5	50	20	5	100	0	20	350	200	4	1	1	99	0	0	0	0	0	0	0	0	0	0	0	0	0	0	0	0	1	1	1	1	0	0	0	0	1	1	1	0	0	0	0	1000	0	1
15:57:35	2	运行	0	0	制冷	R410A	2	2	296	415	114	114	-27	-27	0	0	0	0	721	1123	721	1122	141	141	4095	2	2	228	281	124	122	-14	-16	0	0	0	0	703	1112	706	1113	138	138	4095	1	1	0	0	1	1	0	0	0	0	0	0	0	0	0	0	500	500	5	50	20	5	100	0	20	350	200	4	1	1	99	0	0	0	0	0	0	0	0	0	0	0	0	0	0	0	0	1	1	1	1	0	0	0	0	1	1	1	0	0	0	0	1000	0	1
15:57:37	2	运行	0	0	制冷	R410A	2	2	296	415	114	114	-27	-27	0	0	0	0	721	1123	721	1122	141	141	4095	2	2	228	281	124	122	-14	-16	0	0	0	0	703	1112	706	1113	138	138	4095	1	1	0	0	1	1	0	0	0	0	0	0	0	0	0	0	500	500	5	50	20	5	100	0	20	350	200	4	1	1	99	0	0	0	0	0	0	0	0	0	0	0	0	0	0	0	0	1	1	1	1	0	0	0	0	1	1	1	0	0	0	0	1000	0	1
15:57:39	2	运行	0	0	制冷	R410A	2	2	296	415	114	114	-27	-27	0	0	0	0	721	1123	721	1122	141	141	4095	2	2	228	281	124	122	-14	-16	0	0	0	0	703	1112	706	1113	138	138	4095	1	1	0	0	1	1	0	0	0	0	0	0	0	0	0	0	500	500	5	50	20	5	100	0	20	350	200	4	1	1	99	0	0	0	0	0	0	0	0	0	0	0	0	0	0	0	0	1	1	1	1	0	0	0	0	1	1	1	0	0	0	0	1000	0	1
15:57:41	2	运行	0	0	制冷	R410A	2	2	296	415	114	114	-27	-27	0	0	0	0	721	1123	721	1122	141	141	4095	2	2	228	281	124	122	-14	-16	0	0	0	0	703	1112	706	1113	138	138	4095	1	1	0	0	1	1	0	0	0	0	0	0	0	0	0	0	500	500	5	50	20	5	100	0	20	350	200	4	1	1	99	0	0	0	0	0	0	0	0	0	0	0	0	0	0	0	0	1	1	1	1	0	0	0	0	1	1	1	0	0	0	0	1000	0	1
15:57:43	2	运行	0	0	制冷	R410A	2	2	296	415	114	114	-27	-27	0	0	0	0	721	1123	721	1122	141	141	4095	2	2	228	281	124	122	-14	-16	0	0	0	0	703	1112	706	1113	138	138	4095	1	1	0	0	1	1	0	0	0	0	0	0	0	0	0	0	500	500	5	50	20	5	100	0	20	350	200	4	1	1	99	0	0	0	0	0	0	0	0	0	0	0	0	0	0	0	0	1	1	1	1	0	0	0	0	1	1	1	0	0	0	0	1000	0	1
15:57:45	2	运行	0	0	制冷	R410A	2	2	296	415	114	114	-27	-27	0	0	0	0	721	1123	721	1122	141	141	4095	2	2	228	281	124	122	-14	-16	0	0	0	0	703	1112	706	1113	138	138	4095	1	1	0	0	1	1	0	0	0	0	0	0	0	0	0	0	500	500	5	50	20	5	100	0	20	350	200	4	1	1	99	0	0	0	0	0	0	0	0	0	0	0	0	0	0	0	0	1	1	1	1	0	0	0	0	1	1	1	0	0	0	0	1000	0	1
15:57:47	2	运行	0	0	制冷	R410A	2	2	296	415	114	114	-27	-27	0	0	0	0	721	1123	721	1122	141	141	4095	2	2	228	281	124	122	-14	-16	0	0	0	0	703	1112	706	1113	138	138	4095	1	1	0	0	1	1	0	0	0	0	0	0	0	0	0	0	500	500	5	50	20	5	100	0	20	350	200	4	1	1	99	0	0	0	0	0	0	0	0	0	0	0	0	0	0	0	0	1	1	1	1	0	0	0	0	1	1	1	0	0	0	0	1000	0	1
15:57:49	2	运行	0	0	制冷	R410A	2	2	296	415	114	114	-27	-27	0	0	0	0	721	1123	721	1122	141	141	4095	2	2	228	281	124	122	-14	-16	0	0	0	0	703	1112	706	1113	138	138	4095	1	1	0	0	1	1	0	0	0	0	0	0	0	0	0	0	500	500	5	50	20	5	100	0	20	350	200	4	1	1	99	0	0	0	0	0	0	0	0	0	0	0	0	0	0	0	0	1	1	1	1	0	0	0	0	1	1	1	0	0	0	0	1000	0	1
15:57:51	2	运行	0	0	制冷	R410A	2	2	296	415	114	114	-27	-27	0	0	0	0	721	1121	721	1122	141	141	4095	2	2	228	281	124	122	-14	-16	0	0	0	0	703	1112	706	1113	138	138	4095	1	1	0	0	1	1	0	0	0	0	0	0	0	0	0	0	500	500	5	50	20	5	100	0	20	350	200	4	1	1	99	0	0	0	0	0	0	0	0	0	0	0	0	0	0	0	0	1	1	1	1	0	0	0	0	1	1	1	0	0	0	0	1000	0	1
15:57:53	2	运行	0	0	制冷	R410A	2	2	296	415	114	114	-27	-27	0	0	0	0	721	1121	721	1122	141	141	4095	2	2	228	281	124	122	-14	-16	0	0	0	0	703	1112	706	1113	138	138	4095	1	1	0	0	1	1	0	0	0	0	0	0	0	0	0	0	500	500	5	50	20	5	100	0	20	350	200	4	1	1	99	0	0	0	0	0	0	0	0	0	0	0	0	0	0	0	0	1	1	1	1	0	0	0	0	1	1	1	0	0	0	0	1000	0	1
15:57:55	2	运行	0	0	制冷	R410A	2	2	296	415	114	114	-27	-27	0	0	0	0	721	1121	721	1122	141	141	4095	2	2	228	281	124	122	-14	-16	0	0	0	0	703	1112	706	1113	138	138	4095	1	1	0	0	1	1	0	0	0	0	0	0	0	0	0	0	500	500	5	50	20	5	100	0	20	350	200	4	1	1	99	0	0	0	0	0	0	0	0	0	0	0	0	0	0	0	0	1	1	1	1	0	0	0	0	1	1	1	0	0	0	0	1000	0	1
15:57:57	2	运行	0	0	制冷	R410A	2	2	296	415	114	114	-27	-27	0	0	0	0	721	1121	721	1122	141	141	4095	2	2	228	281	124	122	-14	-16	0	0	0	0	703	1112	706	1113	138	138	4095	1	1	0	0	1	1	0	0	0	0	0	0	0	0	0	0	500	500	5	50	20	5	100	0	20	350	200	4	1	1	99	0	0	0	0	0	0	0	0	0	0	0	0	0	0	0	0	1	1	1	1	0	0	0	0	1	1	1	0	0	0	0	1000	0	1
15:57:59	2	运行	0	0	制冷	R410A	2	2	296	415	114	114	-27	-27	0	0	0	0	721	1121	721	1122	141	141	4095	2	2	228	281	124	122	-14	-16	0	0	0	0	703	1112	706	1113	138	138	4095	1	1	0	0	1	1	0	0	0	0	0	0	0	0	0	0	500	500	5	50	20	5	100	0	20	350	200	4	1	1	99	0	0	0	0	0	0	0	0	0	0	0	0	0	0	0	0	1	1	1	1	0	0	0	0	1	1	1	0	0	0	0	1000	0	1
15:58:01	2	运行	0	0	制冷	R410A	2	2	296	415	114	114	-27	-27	0	0	0	0	721	1121	721	1122	141	141	4095	2	2	228	281	124	122	-14	-16	0	0	0	0	703	1112	706	1113	138	138	4095	1	1	0	0	1	1	0	0	0	0	0	0	0	0	0	0	500	500	5	50	20	5	100	0	20	350	200	4	1	1	99	0	0	0	0	0	0	0	0	0	0	0	0	0	0	0	0	1	1	1	1	0	0	0	0	1	1	1	0	0	0	0	1000	0	1
15:58:03	2	运行	0	0	制冷	R410A	2	2	296	415	114	114	-27	-27	0	0	0	0	721	1123	721	1122	141	141	4095	2	2	228	281	124	122	-14	-16	0	0	0	0	703	1112	706	1113	138	138	4095	1	1	0	0	1	1	0	0	0	0	0	0	0	0	0	0	500	500	5	50	20	5	100	0	20	350	200	4	1	1	99	0	0	0	0	0	0	0	0	0	0	0	0	0	0	0	0	1	1	1	1	0	0	0	0	1	1	1	0	0	0	0	1000	0	1
15:58:05	2	运行	0	0	制冷	R410A	2	2	296	415	114	114	-27	-27	0	0	0	0	721	1123	721	1122	141	141	4095	2	2	228	281	124	122	-14	-16	0	0	0	0	703	1112	706	1113	138	138	4095	1	1	0	0	1	1	0	0	0	0	0	0	0	0	0	0	500	500	5	50	20	5	100	0	20	350	200	4	1	1	99	0	0	0	0	0	0	0	0	0	0	0	0	0	0	0	0	1	1	1	1	0	0	0	0	1	1	1	0	0	0	0	1000	0	1
15:58:07	2	运行	0	0	制冷	R410A	2	2	296	415	114	114	-27	-27	0	0	0	0	721	1123	721	1122	141	141	4095	2	2	228	281	124	122	-14	-16	0	0	0	0	703	1112	706	1113	138	138	4095	1	1	0	0	1	1	0	0	0	0	0	0	0	0	0	0	500	500	5	50	20	5	100	0	20	350	200	4	1	1	99	0	0	0	0	0	0	0	0	0	0	0	0	0	0	0	0	1	1	1	1	0	0	0	0	1	1	1	0	0	0	0	1000	0	1
15:58:09	2	运行	0	0	制冷	R410A	2	2	296	415	114	114	-27	-27	0	0	0	0	721	1123	721	1122	141	141	4095	2	2	228	281	124	122	-14	-16	0	0	0	0	703	1112	706	1113	138	138	4095	1	1	0	0	1	1	0	0	0	0	0	0	0	0	0	0	500	500	5	50	20	5	100	0	20	350	200	4	1	1	99	0	0	0	0	0	0	0	0	0	0	0	0	0	0	0	0	1	1	1	1	0	0	0	0	1	1	1	0	0	0	0	1000	0	1
15:58:11	2	运行	0	0	制冷	R410A	2	2	296	415	114	114	-27	-27	0	0	0	0	721	1123	721	1122	141	141	4095	2	2	228	281	124	122	-14	-16	0	0	0	0	703	1112	706	1113	138	138	4095	1	1	0	0	1	1	0	0	0	0	0	0	0	0	0	0	500	500	5	50	20	5	100	0	20	350	200	4	1	1	99	0	0	0	0	0	0	0	0	0	0	0	0	0	0	0	0	1	1	1	1	0	0	0	0	1	1	1	0	0	0	0	1000	0	1
15:58:13	2	运行	0	0	制冷	R410A	2	2	296	415	114	114	-27	-27	0	0	0	0	721	1123	721	1122	141	141	4095	2	2	228	281	124	122	-14	-16	0	0	0	0	703	1112	706	1113	138	138	4095	1	1	0	0	1	1	0	0	0	0	0	0	0	0	0	0	500	500	5	50	20	5	100	0	20	350	200	4	1	1	99	0	0	0	0	0	0	0	0	0	0	0	0	0	0	0	0	1	1	1	1	0	0	0	0	1	1	1	0	0	0	0	1000	0	1
15:58:15	2	运行	0	0	制冷	R410A	2	2	296	415	114	114	-27	-27	0	0	0	0	725	1123	721	1122	141	141	4095	2	2	228	281	124	122	-14	-16	0	0	0	0	703	1112	706	1113	138	138	4095	1	1	0	0	1	1	0	0	0	0	0	0	0	0	0	0	500	500	5	50	20	5	100	0	20	350	200	4	1	1	99	0	0	0	0	0	0	0	0	0	0	0	0	0	0	0	0	1	1	1	1	0	0	0	0	1	1	1	0	0	0	0	1000	0	1
15:58:17	2	运行	0	0	制冷	R410A	2	2	296	415	114	114	-27	-27	0	0	0	0	725	1123	721	1122	141	141	4095	2	2	228	281	124	122	-14	-16	0	0	0	0	703	1112	706	1113	138	138	4095	1	1	0	0	1	1	0	0	0	0	0	0	0	0	0	0	500	500	5	50	20	5	100	0	20	350	200	4	1	1	99	0	0	0	0	0	0	0	0	0	0	0	0	0	0	0	0	1	1	1	1	0	0	0	0	1	1	1	0	0	0	0	1000	0	1
15:58:19	2	运行	0	0	制冷	R410A	2	2	296	415	114	114	-27	-27	0	0	0	0	725	1123	721	1122	141	141	4095	2	2	228	281	124	122	-14	-16	0	0	0	0	703	1112	706	1113	138	138	4095	1	1	0	0	1	1	0	0	0	0	0	0	0	0	0	0	500	500	5	50	20	5	100	0	20	350	200	4	1	1	99	0	0	0	0	0	0	0	0	0	0	0	0	0	0	0	0	1	1	1	1	0	0	0	0	1	1	1	0	0	0	0	1000	0	1
15:58:21	2	运行	0	0	制冷	R410A	2	2	296	415	114	114	-27	-27	0	0	0	0	725	1123	721	1122	141	141	4095	2	2	228	281	124	122	-14	-16	0	0	0	0	703	1112	706	1113	138	138	4095	1	1	0	0	1	1	0	0	0	0	0	0	0	0	0	0	500	500	5	50	20	5	100	0	20	350	200	4	1	1	99	0	0	0	0	0	0	0	0	0	0	0	0	0	0	0	0	1	1	1	1	0	0	0	0	1	1	1	0	0	0	0	1000	0	1
15:58:23	2	运行	0	0	制冷	R410A	2	2	296	415	114	114	-27	-27	0	0	0	0	725	1123	721	1122	141	141	4095	2	2	228	281	124	122	-14	-16	0	0	0	0	703	1112	706	1113	138	138	4095	1	1	0	0	1	1	0	0	0	0	0	0	0	0	0	0	500	500	5	50	20	5	100	0	20	350	200	4	1	1	99	0	0	0	0	0	0	0	0	0	0	0	0	0	0	0	0	1	1	1	1	0	0	0	0	1	1	1	0	0	0	0	1000	0	1
15:58:25	2	运行	0	0	制冷	R410A	2	2	296	415	114	114	-27	-27	0	0	0	0	725	1123	721	1122	141	141	4095	2	2	228	281	124	122	-14	-16	0	0	0	0	703	1112	706	1113	138	138	4095	1	1	0	0	1	1	0	0	0	0	0	0	0	0	0	0	500	500	5	50	20	5	100	0	20	350	200	4	1	1	99	0	0	0	0	0	0	0	0	0	0	0	0	0	0	0	0	1	1	1	1	0	0	0	0	1	1	1	0	0	0	0	1000	0	1
15:58:27	2	运行	0	0	制冷	R410A	2	2	296	415	114	114	-27	-27	0	0	0	0	725	1123	721	1122	141	141	4095	2	2	228	281	124	122	-14	-16	0	0	0	0	703	1112	706	1113	138	138	4095	1	1	0	0	1	1	0	0	0	0	0	0	0	0	0	0	500	500	5	50	20	5	100	0	20	350	200	4	1	1	99	0	0	0	0	0	0	0	0	0	0	0	0	0	0	0	0	1	1	1	1	0	0	0	0	1	1	1	0	0	0	0	1000	0	1
15:58:29	2	运行	0	0	制冷	R410A	2	2	296	415	114	114	-27	-27	0	0	0	0	725	1123	721	1122	141	141	4095	2	2	228	281	124	122	-14	-16	0	0	0	0	703	1112	706	1113	138	138	4095	1	1	0	0	1	1	0	0	0	0	0	0	0	0	0	0	500	500	5	50	20	5	100	0	20	350	200	4	1	1	99	0	0	0	0	0	0	0	0	0	0	0	0	0	0	0	0	1	1	1	1	0	0	0	0	1	1	1	0	0	0	0	1000	0	1
15:58:31	2	运行	0	0	制冷	R410A	2	2	296	415	114	114	-27	-27	0	0	0	0	725	1123	721	1122	141	141	4095	2	2	228	281	124	122	-14	-16	0	0	0	0	703	1112	706	1113	138	138	4095	1	1	0	0	1	1	0	0	0	0	0	0	0	0	0	0	500	500	5	50	20	5	100	0	20	350	200	4	1	1	99	0	0	0	0	0	0	0	0	0	0	0	0	0	0	0	0	1	1	1	1	0	0	0	0	1	1	1	0	0	0	0	1000	0	1
15:58:33	2	运行	0	0	制冷	R410A	2	2	296	415	114	114	-27	-27	0	0	0	0	725	1123	721	1122	141	141	4095	2	2	228	281	124	122	-14	-16	0	0	0	0	703	1112	706	1113	138	138	4095	1	1	0	0	1	1	0	0	0	0	0	0	0	0	0	0	500	500	5	50	20	5	100	0	20	350	200	4	1	1	99	0	0	0	0	0	0	0	0	0	0	0	0	0	0	0	0	1	1	1	1	0	0	0	0	1	1	1	0	0	0	0	1000	0	1
15:58:35	2	运行	0	0	制冷	R410A	2	2	296	415	114	114	-27	-27	0	0	0	0	725	1123	721	1122	141	141	4095	2	2	228	281	124	122	-14	-16	0	0	0	0	703	1112	706	1113	138	138	4095	1	1	0	0	1	1	0	0	0	0	0	0	0	0	0	0	500	500	5	50	20	5	100	0	20	350	200	4	1	1	99	0	0	0	0	0	0	0	0	0	0	0	0	0	0	0	0	1	1	1	1	0	0	0	0	1	1	1	0	0	0	0	1000	0	1
15:58:37	2	运行	0	0	制冷	R410A	2	2	296	415	114	114	-27	-27	0	0	0	0	721	1123	721	1122	141	141	4095	2	2	228	281	124	122	-14	-16	0	0	0	0	703	1112	706	1113	138	138	4095	1	1	0	0	1	1	0	0	0	0	0	0	0	0	0	0	500	500	5	50	20	5	100	0	20	350	200	4	1	1	99	0	0	0	0	0	0	0	0	0	0	0	0	0	0	0	0	1	1	1	1	0	0	0	0	1	1	1	0	0	0	0	1000	0	1
15:58:39	2	运行	0	0	制冷	R410A	2	2	296	415	114	114	-27	-27	0	0	0	0	721	1123	721	1122	141	141	4095	2	2	228	281	124	122	-14	-16	0	0	0	0	703	1112	706	1113	138	138	4095	1	1	0	0	1	1	0	0	0	0	0	0	0	0	0	0	500	500	5	50	20	5	100	0	20	350	200	4	1	1	99	0	0	0	0	0	0	0	0	0	0	0	0	0	0	0	0	1	1	1	1	0	0	0	0	1	1	1	0	0	0	0	1000	0	1
15:58:41	2	运行	0	0	制冷	R410A	2	2	296	415	114	114	-27	-27	0	0	0	0	721	1123	721	1122	141	141	4095	2	2	228	281	124	122	-14	-16	0	0	0	0	703	1112	706	1113	138	138	4095	1	1	0	0	1	1	0	0	0	0	0	0	0	0	0	0	500	500	5	50	20	5	100	0	20	350	200	4	1	1	99	0	0	0	0	0	0	0	0	0	0	0	0	0	0	0	0	1	1	1	1	0	0	0	0	1	1	1	0	0	0	0	1000	0	1
15:58:43	2	运行	0	0	制冷	R410A	2	2	296	415	114	114	-27	-27	0	0	0	0	721	1123	721	1122	141	141	4095	2	2	228	281	124	122	-14	-16	0	0	0	0	703	1112	706	1113	138	138	4095	1	1	0	0	1	1	0	0	0	0	0	0	0	0	0	0	500	500	5	50	20	5	100	0	20	350	200	4	1	1	99	0	0	0	0	0	0	0	0	0	0	0	0	0	0	0	0	1	1	1	1	0	0	0	0	1	1	1	0	0	0	0	1000	0	1
15:58:45	2	运行	0	0	制冷	R410A	2	2	296	415	114	114	-27	-27	0	0	0	0	721	1123	721	1122	141	141	4095	2	2	228	281	124	122	-14	-16	0	0	0	0	703	1112	706	1113	138	138	4095	1	1	0	0	1	1	0	0	0	0	0	0	0	0	0	0	500	500	5	50	20	5	100	0	20	350	200	4	1	1	99	0	0	0	0	0	0	0	0	0	0	0	0	0	0	0	0	1	1	1	1	0	0	0	0	1	1	1	0	0	0	0	1000	0	1
15:58:47	2	运行	0	0	制冷	R410A	2	2	296	415	114	114	-27	-27	0	0	0	0	721	1123	721	1122	141	141	4095	2	2	228	281	124	122	-14	-16	0	0	0	0	703	1112	706	1113	138	138	4095	1	1	0	0	1	1	0	0	0	0	0	0	0	0	0	0	500	500	5	50	20	5	100	0	20	350	200	4	1	1	99	0	0	0	0	0	0	0	0	0	0	0	0	0	0	0	0	1	1	1	1	0	0	0	0	1	1	1	0	0	0	0	1000	0	1
15:58:49	2	运行	0	0	制冷	R410A	2	2	296	415	114	114	-27	-27	0	0	0	0	721	1123	721	1122	141	141	4095	2	2	228	281	124	122	-14	-16	0	0	0	0	703	1112	706	1113	138	138	4095	1	1	0	0	1	1	0	0	0	0	0	0	0	0	0	0	500	500	5	50	20	5	100	0	20	350	200	4	1	1	99	0	0	0	0	0	0	0	0	0	0	0	0	0	0	0	0	1	1	1	1	0	0	0	0	1	1	1	0	0	0	0	1000	0	1
15:58:51	2	运行	0	0	制冷	R410A	2	2	296	415	114	114	-27	-27	0	0	0	0	721	1123	721	1122	141	141	4095	2	2	228	281	124	122	-14	-16	0	0	0	0	703	1112	706	1113	138	138	4095	1	1	0	0	1	1	0	0	0	0	0	0	0	0	0	0	500	500	5	50	20	5	100	0	20	350	200	4	1	1	99	0	0	0	0	0	0	0	0	0	0	0	0	0	0	0	0	1	1	1	1	0	0	0	0	1	1	1	0	0	0	0	1000	0	1
15:58:53	2	运行	0	0	制冷	R410A	2	2	296	415	114	114	-27	-27	0	0	0	0	721	1123	721	1122	141	141	4095	2	2	228	281	124	122	-14	-16	0	0	0	0	703	1112	706	1113	138	138	4095	1	1	0	0	1	1	0	0	0	0	0	0	0	0	0	0	500	500	5	50	20	5	100	0	20	350	200	4	1	1	99	0	0	0	0	0	0	0	0	0	0	0	0	0	0	0	0	1	1	1	1	0	0	0	0	1	1	1	0	0	0	0	1000	0	1
15:58:55	2	运行	0	0	制冷	R410A	2	2	296	415	114	114	-27	-27	0	0	0	0	721	1123	721	1122	141	141	4095	2	2	228	281	124	122	-14	-16	0	0	0	0	703	1112	706	1113	138	138	4095	1	1	0	0	1	1	0	0	0	0	0	0	0	0	0	0	500	500	5	50	20	5	100	0	20	350	200	4	1	1	99	0	0	0	0	0	0	0	0	0	0	0	0	0	0	0	0	1	1	1	1	0	0	0	0	1	1	1	0	0	0	0	1000	0	1
15:58:57	2	运行	0	0	制冷	R410A	2	2	296	415	114	114	-27	-27	0	0	0	0	721	1123	721	1122	141	141	4095	2	2	228	281	124	122	-14	-16	0	0	0	0	703	1112	706	1113	138	138	4095	1	1	0	0	1	1	0	0	0	0	0	0	0	0	0	0	500	500	5	50	20	5	100	0	20	350	200	4	1	1	99	0	0	0	0	0	0	0	0	0	0	0	0	0	0	0	0	1	1	1	1	0	0	0	0	1	1	1	0	0	0	0	1000	0	1
15:58:59	2	运行	0	0	制冷	R410A	2	2	296	415	114	114	-27	-27	0	0	0	0	721	1123	721	1122	141	141	4095	2	2	228	281	124	122	-14	-16	0	0	0	0	703	1112	706	1113	138	138	4095	1	1	0	0	1	1	0	0	0	0	0	0	0	0	0	0	500	500	5	50	20	5	100	0	20	350	200	4	1	1	99	0	0	0	0	0	0	0	0	0	0	0	0	0	0	0	0	1	1	1	1	0	0	0	0	1	1	1	0	0	0	0	1000	0	1
15:59:01	2	运行	0	0	制冷	R410A	2	2	296	415	114	114	-27	-27	0	0	0	0	718	1123	721	1122	141	141	4095	2	2	228	281	124	122	-14	-16	0	0	0	0	703	1112	706	1113	138	138	4095	1	1	0	0	1	1	0	0	0	0	0	0	0	0	0	0	500	500	5	50	20	5	100	0	20	350	200	4	1	1	99	0	0	0	0	0	0	0	0	0	0	0	0	0	0	0	0	1	1	1	1	0	0	0	0	1	1	1	0	0	0	0	1000	0	1
15:59:03	2	运行	0	0	制冷	R410A	2	2	296	415	114	114	-27	-27	0	0	0	0	718	1123	721	1122	141	141	4095	2	2	228	281	124	122	-14	-16	0	0	0	0	703	1112	706	1113	138	138	4095	1	1	0	0	1	1	0	0	0	0	0	0	0	0	0	0	500	500	5	50	20	5	100	0	20	350	200	4	1	1	99	0	0	0	0	0	0	0	0	0	0	0	0	0	0	0	0	1	1	1	1	0	0	0	0	1	1	1	0	0	0	0	1000	0	1
15:59:05	2	运行	0	0	制冷	R410A	2	2	296	415	114	114	-27	-27	0	0	0	0	718	1123	721	1122	141	141	4095	2	2	228	281	124	122	-14	-16	0	0	0	0	703	1112	706	1113	138	138	4095	1	1	0	0	1	1	0	0	0	0	0	0	0	0	0	0	500	500	5	50	20	5	100	0	20	350	200	4	1	1	99	0	0	0	0	0	0	0	0	0	0	0	0	0	0	0	0	1	1	1	1	0	0	0	0	1	1	1	0	0	0	0	1000	0	1
15:59:07	2	运行	0	0	制冷	R410A	2	2	296	415	114	114	-27	-27	0	0	0	0	718	1123	721	1122	141	141	4095	2	2	228	281	124	122	-14	-16	0	0	0	0	703	1112	706	1113	138	138	4095	1	1	0	0	1	1	0	0	0	0	0	0	0	0	0	0	500	500	5	50	20	5	100	0	20	350	200	4	1	1	99	0	0	0	0	0	0	0	0	0	0	0	0	0	0	0	0	1	1	1	1	0	0	0	0	1	1	1	0	0	0	0	1000	0	1
15:59:09	2	运行	0	0	制冷	R410A	2	2	296	415	114	114	-27	-27	0	0	0	0	718	1123	721	1122	141	141	4095	2	2	228	281	124	122	-14	-16	0	0	0	0	703	1112	706	1113	138	138	4095	1	1	0	0	1	1	0	0	0	0	0	0	0	0	0	0	500	500	5	50	20	5	100	0	20	350	200	4	1	1	99	0	0	0	0	0	0	0	0	0	0	0	0	0	0	0	0	1	1	1	1	0	0	0	0	1	1	1	0	0	0	0	1000	0	1
15:59:11	2	运行	0	0	制冷	R410A	2	2	296	415	114	114	-27	-27	0	0	0	0	718	1123	721	1122	141	141	4095	2	2	228	281	124	122	-14	-16	0	0	0	0	703	1112	706	1113	138	138	4095	1	1	0	0	1	1	0	0	0	0	0	0	0	0	0	0	500	500	5	50	20	5	100	0	20	350	200	4	1	1	99	0	0	0	0	0	0	0	0	0	0	0	0	0	0	0	0	1	1	1	1	0	0	0	0	1	1	1	0	0	0	0	1000	0	1
15:59:13	2	运行	0	0	制冷	R410A	2	2	296	415	114	114	-27	-27	0	0	0	0	718	1121	725	1122	141	141	4095	2	2	228	281	124	122	-14	-16	0	0	0	0	703	1112	706	1113	138	138	4095	1	1	0	0	1	1	0	0	0	0	0	0	0	0	0	0	500	500	5	50	20	5	100	0	20	350	200	4	1	1	99	0	0	0	0	0	0	0	0	0	0	0	0	0	0	0	0	1	1	1	1	0	0	0	0	1	1	1	0	0	0	0	1000	0	1
15:59:15	2	运行	0	0	制冷	R410A	2	2	296	415	114	114	-27	-27	0	0	0	0	718	1121	725	1122	141	141	4095	2	2	228	281	124	122	-14	-16	0	0	0	0	703	1112	706	1113	138	138	4095	1	1	0	0	1	1	0	0	0	0	0	0	0	0	0	0	500	500	5	50	20	5	100	0	20	350	200	4	1	1	99	0	0	0	0	0	0	0	0	0	0	0	0	0	0	0	0	1	1	1	1	0	0	0	0	1	1	1	0	0	0	0	1000	0	1
15:59:17	2	运行	0	0	制冷	R410A	2	2	296	415	114	114	-27	-27	0	0	0	0	718	1121	725	1122	141	141	4095	2	2	228	281	124	122	-14	-16	0	0	0	0	703	1112	706	1113	138	138	4095	1	1	0	0	1	1	0	0	0	0	0	0	0	0	0	0	500	500	5	50	20	5	100	0	20	350	200	4	1	1	99	0	0	0	0	0	0	0	0	0	0	0	0	0	0	0	0	1	1	1	1	0	0	0	0	1	1	1	0	0	0	0	1000	0	1
15:59:19	2	运行	0	0	制冷	R410A	2	2	296	415	114	114	-27	-27	0	0	0	0	718	1121	725	1122	141	141	4095	2	2	228	281	124	122	-14	-16	0	0	0	0	703	1112	706	1113	138	138	4095	1	1	0	0	1	1	0	0	0	0	0	0	0	0	0	0	500	500	5	50	20	5	100	0	20	350	200	4	1	1	99	0	0	0	0	0	0	0	0	0	0	0	0	0	0	0	0	1	1	1	1	0	0	0	0	1	1	1	0	0	0	0	1000	0	1
15:59:21	2	运行	0	0	制冷	R410A	2	2	296	415	114	114	-27	-27	0	0	0	0	718	1121	725	1122	141	141	4095	2	2	228	281	124	122	-14	-16	0	0	0	0	703	1112	706	1113	138	138	4095	1	1	0	0	1	1	0	0	0	0	0	0	0	0	0	0	500	500	5	50	20	5	100	0	20	350	200	4	1	1	99	0	0	0	0	0	0	0	0	0	0	0	0	0	0	0	0	1	1	1	1	0	0	0	0	1	1	1	0	0	0	0	1000	0	1
15:59:23	2	运行	0	0	制冷	R410A	2	2	296	415	114	114	-27	-27	0	0	0	0	718	1121	725	1122	141	141	4095	2	2	228	281	124	122	-14	-16	0	0	0	0	703	1112	706	1113	138	138	4095	1	1	0	0	1	1	0	0	0	0	0	0	0	0	0	0	500	500	5	50	20	5	100	0	20	350	200	4	1	1	99	0	0	0	0	0	0	0	0	0	0	0	0	0	0	0	0	1	1	1	1	0	0	0	0	1	1	1	0	0	0	0	1000	0	1
15:59:25	2	运行	0	0	制冷	R410A	2	2	296	415	114	114	-27	-27	0	0	0	0	718	1123	721	1122	141	141	4095	2	2	228	281	124	122	-14	-16	0	0	0	0	703	1112	706	1113	138	138	4095	1	1	0	0	1	1	0	0	0	0	0	0	0	0	0	0	500	500	5	50	20	5	100	0	20	350	200	4	1	1	99	0	0	0	0	0	0	0	0	0	0	0	0	0	0	0	0	1	1	1	1	0	0	0	0	1	1	1	0	0	0	0	1000	0	1
15:59:27	2	运行	0	0	制冷	R410A	2	2	296	415	114	114	-27	-27	0	0	0	0	718	1123	721	1122	141	141	4095	2	2	228	281	124	122	-14	-16	0	0	0	0	703	1112	706	1113	138	138	4095	1	1	0	0	1	1	0	0	0	0	0	0	0	0	0	0	500	500	5	50	20	5	100	0	20	350	200	4	1	1	99	0	0	0	0	0	0	0	0	0	0	0	0	0	0	0	0	1	1	1	1	0	0	0	0	1	1	1	0	0	0	0	1000	0	1
15:59:29	2	运行	0	0	制冷	R410A	2	2	296	415	114	114	-27	-27	0	0	0	0	718	1123	721	1122	141	141	4095	2	2	228	281	124	122	-14	-16	0	0	0	0	703	1112	706	1113	138	138	4095	1	1	0	0	1	1	0	0	0	0	0	0	0	0	0	0	500	500	5	50	20	5	100	0	20	350	200	4	1	1	99	0	0	0	0	0	0	0	0	0	0	0	0	0	0	0	0	1	1	1	1	0	0	0	0	1	1	1	0	0	0	0	1000	0	1
15:59:31	2	运行	0	0	制冷	R410A	2	2	296	415	114	114	-27	-27	0	0	0	0	718	1123	721	1122	141	141	4095	2	2	228	281	124	122	-14	-16	0	0	0	0	703	1112	706	1113	138	138	4095	1	1	0	0	1	1	0	0	0	0	0	0	0	0	0	0	500	500	5	50	20	5	100	0	20	350	200	4	1	1	99	0	0	0	0	0	0	0	0	0	0	0	0	0	0	0	0	1	1	1	1	0	0	0	0	1	1	1	0	0	0	0	1000	0	1
15:59:33	2	运行	0	0	制冷	R410A	2	2	296	415	114	114	-27	-27	0	0	0	0	718	1123	721	1122	141	141	4095	2	2	228	281	124	122	-14	-16	0	0	0	0	703	1112	706	1113	138	138	4095	1	1	0	0	1	1	0	0	0	0	0	0	0	0	0	0	500	500	5	50	20	5	100	0	20	350	200	4	1	1	99	0	0	0	0	0	0	0	0	0	0	0	0	0	0	0	0	1	1	1	1	0	0	0	0	1	1	1	0	0	0	0	1000	0	1
15:59:35	2	运行	0	0	制冷	R410A	2	2	296	415	114	114	-27	-27	0	0	0	0	721	1123	721	1124	141	141	4095	2	2	228	281	124	122	-14	-16	0	0	0	0	703	1113	703	1113	138	138	4095	1	1	0	0	1	1	0	0	0	0	0	0	0	0	0	0	500	500	5	50	20	5	100	0	20	350	200	4	1	1	99	0	0	0	0	0	0	0	0	0	0	0	0	0	0	0	0	1	1	1	1	0	0	0	0	1	1	1	0	0	0	0	1000	0	1
15:59:37	2	运行	0	0	制冷	R410A	2	2	296	415	114	114	-27	-27	0	0	0	0	721	1123	721	1124	141	141	4095	2	2	228	281	124	122	-14	-16	0	0	0	0	703	1113	703	1113	138	138	4095	1	1	0	0	1	1	0	0	0	0	0	0	0	0	0	0	500	500	5	50	20	5	100	0	20	350	200	4	1	1	99	0	0	0	0	0	0	0	0	0	0	0	0	0	0	0	0	1	1	1	1	0	0	0	0	1	1	1	0	0	0	0	1000	0	1
15:59:39	2	运行	0	0	制冷	R410A	2	2	296	415	114	114	-27	-27	0	0	0	0	721	1123	721	1124	141	141	4095	2	2	228	281	124	122	-14	-16	0	0	0	0	703	1113	703	1113	138	138	4095	1	1	0	0	1	1	0	0	0	0	0	0	0	0	0	0	500	500	5	50	20	5	100	0	20	350	200	4	1	1	99	0	0	0	0	0	0	0	0	0	0	0	0	0	0	0	0	1	1	1	1	0	0	0	0	1	1	1	0	0	0	0	1000	0	1
15:59:41	2	运行	0	0	制冷	R410A	2	2	296	415	114	114	-27	-27	0	0	0	0	721	1123	721	1124	141	141	4095	2	2	228	281	124	122	-14	-16	0	0	0	0	703	1113	703	1113	138	138	4095	1	1	0	0	1	1	0	0	0	0	0	0	0	0	0	0	500	500	5	50	20	5	100	0	20	350	200	4	1	1	99	0	0	0	0	0	0	0	0	0	0	0	0	0	0	0	0	1	1	1	1	0	0	0	0	1	1	1	0	0	0	0	1000	0	1
15:59:43	2	运行	0	0	制冷	R410A	2	2	296	415	114	114	-27	-27	0	0	0	0	721	1123	721	1124	141	141	4095	2	2	228	281	124	122	-14	-16	0	0	0	0	703	1113	703	1113	138	138	4095	1	1	0	0	1	1	0	0	0	0	0	0	0	0	0	0	500	500	5	50	20	5	100	0	20	350	200	4	1	1	99	0	0	0	0	0	0	0	0	0	0	0	0	0	0	0	0	1	1	1	1	0	0	0	0	1	1	1	0	0	0	0	1000	0	1
15:59:45	2	运行	0	0	制冷	R410A	2	2	296	415	114	114	-27	-27	0	0	0	0	721	1123	721	1124	141	141	4095	2	2	228	281	124	122	-14	-16	0	0	0	0	703	1113	703	1113	138	138	4095	1	1	0	0	1	1	0	0	0	0	0	0	0	0	0	0	500	500	5	50	20	5	100	0	20	350	200	4	1	1	99	0	0	0	0	0	0	0	0	0	0	0	0	0	0	0	0	1	1	1	1	0	0	0	0	1	1	1	0	0	0	0	1000	0	1
15:59:47	2	运行	0	0	制冷	R410A	2	2	296	415	114	114	-27	-27	0	0	0	0	721	1123	721	1122	141	141	4095	2	2	228	281	124	122	-14	-16	0	0	0	0	703	1112	706	1113	138	138	4095	1	1	0	0	1	1	0	0	0	0	0	0	0	0	0	0	500	500	5	50	20	5	100	0	20	350	200	4	1	1	99	0	0	0	0	0	0	0	0	0	0	0	0	0	0	0	0	1	1	1	1	0	0	0	0	1	1	1	0	0	0	0	1000	0	1
15:59:49	2	运行	0	0	制冷	R410A	2	2	296	415	114	114	-27	-27	0	0	0	0	721	1123	721	1122	141	141	4095	2	2	228	281	124	122	-14	-16	0	0	0	0	703	1112	706	1113	138	138	4095	1	1	0	0	1	1	0	0	0	0	0	0	0	0	0	0	500	500	5	50	20	5	100	0	20	350	200	4	1	1	99	0	0	0	0	0	0	0	0	0	0	0	0	0	0	0	0	1	1	1	1	0	0	0	0	1	1	1	0	0	0	0	1000	0	1
15:59:51	2	运行	0	0	制冷	R410A	2	2	296	415	114	114	-27	-27	0	0	0	0	721	1123	721	1122	141	141	4095	2	2	228	281	124	122	-14	-16	0	0	0	0	703	1112	706	1113	138	138	4095	1	1	0	0	1	1	0	0	0	0	0	0	0	0	0	0	500	500	5	50	20	5	100	0	20	350	200	4	1	1	99	0	0	0	0	0	0	0	0	0	0	0	0	0	0	0	0	1	1	1	1	0	0	0	0	1	1	1	0	0	0	0	1000	0	1
15:59:53	2	运行	0	0	制冷	R410A	2	2	296	415	114	114	-27	-27	0	0	0	0	721	1123	721	1122	141	141	4095	2	2	228	281	124	122	-14	-16	0	0	0	0	703	1112	706	1113	138	138	4095	1	1	0	0	1	1	0	0	0	0	0	0	0	0	0	0	500	500	5	50	20	5	100	0	20	350	200	4	1	1	99	0	0	0	0	0	0	0	0	0	0	0	0	0	0	0	0	1	1	1	1	0	0	0	0	1	1	1	0	0	0	0	1000	0	1
15:59:55	2	运行	0	0	制冷	R410A	2	2	296	415	114	114	-27	-27	0	0	0	0	721	1123	721	1122	141	141	4095	2	2	228	281	124	122	-14	-16	0	0	0	0	703	1112	706	1113	138	138	4095	1	1	0	0	1	1	0	0	0	0	0	0	0	0	0	0	500	500	5	50	20	5	100	0	20	350	200	4	1	1	99	0	0	0	0	0	0	0	0	0	0	0	0	0	0	0	0	1	1	1	1	0	0	0	0	1	1	1	0	0	0	0	1000	0	1
15:59:57	2	运行	0	0	制冷	R410A	2	2	296	415	114	114	-27	-27	0	0	0	0	721	1123	721	1122	141	141	4095	2	2	228	281	124	122	-14	-16	0	0	0	0	703	1112	706	1113	138	138	4095	1	1	0	0	1	1	0	0	0	0	0	0	0	0	0	0	500	500	5	50	20	5	100	0	20	350	200	4	1	1	99	0	0	0	0	0	0	0	0	0	0	0	0	0	0	0	0	1	1	1	1	0	0	0	0	1	1	1	0	0	0	0	1000	0	1
15:59:59	2	运行	0	0	制冷	R410A	2	2	296	415	114	114	-27	-27	0	0	0	0	721	1121	721	1122	141	141	4095	2	2	228	281	124	122	-14	-16	0	0	0	0	703	1113	706	1113	138	138	4095	1	1	0	0	1	1	0	0	0	0	0	0	0	0	0	0	500	500	5	50	20	5	100	0	20	350	200	4	1	1	99	0	0	0	0	0	0	0	0	0	0	0	0	0	0	0	0	1	1	1	1	0	0	0	0	1	1	1	0	0	0	0	1000	0	1
16:00:01	2	运行	0	0	制冷	R410A	2	2	296	415	114	114	-27	-27	0	0	0	0	721	1121	721	1122	141	141	4095	2	2	228	281	124	122	-14	-16	0	0	0	0	703	1113	706	1113	138	138	4095	1	1	0	0	1	1	0	0	0	0	0	0	0	0	0	0	500	500	5	50	20	5	100	0	20	350	200	4	1	1	99	0	0	0	0	0	0	0	0	0	0	0	0	0	0	0	0	1	1	1	1	0	0	0	0	1	1	1	0	0	0	0	1000	0	1
16:00:03	2	运行	0	0	制冷	R410A	2	2	296	415	114	114	-27	-27	0	0	0	0	721	1121	721	1122	141	141	4095	2	2	228	281	124	122	-14	-16	0	0	0	0	703	1113	706	1113	138	138	4095	1	1	0	0	1	1	0	0	0	0	0	0	0	0	0	0	500	500	5	50	20	5	100	0	20	350	200	4	1	1	99	0	0	0	0	0	0	0	0	0	0	0	0	0	0	0	0	1	1	1	1	0	0	0	0	1	1	1	0	0	0	0	1000	0	1
16:00:05	2	运行	0	0	制冷	R410A	2	2	296	415	114	114	-27	-27	0	0	0	0	721	1121	721	1122	141	141	4095	2	2	228	281	124	122	-14	-16	0	0	0	0	703	1113	706	1113	138	138	4095	1	1	0	0	1	1	0	0	0	0	0	0	0	0	0	0	500	500	5	50	20	5	100	0	20	350	200	4	1	1	99	0	0	0	0	0	0	0	0	0	0	0	0	0	0	0	0	1	1	1	1	0	0	0	0	1	1	1	0	0	0	0	1000	0	1
16:00:07	2	运行	0	0	制冷	R410A	2	2	296	415	114	114	-27	-27	0	0	0	0	721	1121	721	1122	141	141	4095	2	2	228	281	124	122	-14	-16	0	0	0	0	703	1113	706	1113	138	138	4095	1	1	0	0	1	1	0	0	0	0	0	0	0	0	0	0	500	500	5	50	20	5	100	0	20	350	200	4	1	1	99	0	0	0	0	0	0	0	0	0	0	0	0	0	0	0	0	1	1	1	1	0	0	0	0	1	1	1	0	0	0	0	1000	0	1
16:00:09	2	运行	0	0	制冷	R410A	2	2	296	415	114	114	-27	-27	0	0	0	0	721	1121	721	1122	141	141	4095	2	2	228	281	124	122	-14	-16	0	0	0	0	703	1113	706	1113	138	138	4095	1	1	0	0	1	1	0	0	0	0	0	0	0	0	0	0	500	500	5	50	20	5	100	0	20	350	200	4	1	1	99	0	0	0	0	0	0	0	0	0	0	0	0	0	0	0	0	1	1	1	1	0	0	0	0	1	1	1	0	0	0	0	1000	0	1
16:00:11	2	运行	0	0	制冷	R410A	2	2	296	415	114	114	-27	-27	0	0	0	0	721	1123	721	1122	141	141	4095	2	2	228	281	124	122	-14	-16	0	0	0	0	703	1112	706	1113	138	138	4095	1	1	0	0	1	1	0	0	0	0	0	0	0	0	0	0	500	500	5	50	20	5	100	0	20	350	200	4	1	1	99	0	0	0	0	0	0	0	0	0	0	0	0	0	0	0	0	1	1	1	1	0	0	0	0	1	1	1	0	0	0	0	1000	0	1
16:00:13	2	运行	0	0	制冷	R410A	2	2	296	415	114	114	-27	-27	0	0	0	0	721	1123	721	1122	141	141	4095	2	2	228	281	124	122	-14	-16	0	0	0	0	703	1112	706	1113	138	138	4095	1	1	0	0	1	1	0	0	0	0	0	0	0	0	0	0	500	500	5	50	20	5	100	0	20	350	200	4	1	1	99	0	0	0	0	0	0	0	0	0	0	0	0	0	0	0	0	1	1	1	1	0	0	0	0	1	1	1	0	0	0	0	1000	0	1
16:00:15	2	运行	0	0	制冷	R410A	2	2	296	415	114	114	-27	-27	0	0	0	0	721	1123	721	1122	141	141	4095	2	2	228	281	124	122	-14	-16	0	0	0	0	703	1112	706	1113	138	138	4095	1	1	0	0	1	1	0	0	0	0	0	0	0	0	0	0	500	500	5	50	20	5	100	0	20	350	200	4	1	1	99	0	0	0	0	0	0	0	0	0	0	0	0	0	0	0	0	1	1	1	1	0	0	0	0	1	1	1	0	0	0	0	1000	0	1
16:00:17	2	运行	0	0	制冷	R410A	2	2	296	415	114	114	-27	-27	0	0	0	0	721	1123	721	1122	141	141	4095	2	2	228	281	124	122	-14	-16	0	0	0	0	703	1112	706	1113	138	138	4095	1	1	0	0	1	1	0	0	0	0	0	0	0	0	0	0	500	500	5	50	20	5	100	0	20	350	200	4	1	1	99	0	0	0	0	0	0	0	0	0	0	0	0	0	0	0	0	1	1	1	1	0	0	0	0	1	1	1	0	0	0	0	1000	0	1
16:00:19	2	运行	0	0	制冷	R410A	2	2	296	415	114	114	-27	-27	0	0	0	0	721	1123	721	1122	141	141	4095	2	2	228	281	124	122	-14	-16	0	0	0	0	703	1112	706	1113	138	138	4095	1	1	0	0	1	1	0	0	0	0	0	0	0	0	0	0	500	500	5	50	20	5	100	0	20	350	200	4	1	1	99	0	0	0	0	0	0	0	0	0	0	0	0	0	0	0	0	1	1	1	1	0	0	0	0	1	1	1	0	0	0	0	1000	0	1
16:00:21	2	运行	0	0	制冷	R410A	2	2	296	415	114	114	-27	-27	0	0	0	0	721	1121	721	1122	141	141	4095	2	2	228	281	124	122	-14	-16	0	0	0	0	703	1112	706	1113	138	138	4095	1	1	0	0	1	1	0	0	0	0	0	0	0	0	0	0	500	500	5	50	20	5	100	0	20	350	200	4	1	1	99	0	0	0	0	0	0	0	0	0	0	0	0	0	0	0	0	1	1	1	1	0	0	0	0	1	1	1	0	0	0	0	1000	0	1
16:00:23	2	运行	0	0	制冷	R410A	2	2	296	415	114	114	-27	-27	0	0	0	0	721	1121	721	1122	141	141	4095	2	2	228	281	124	122	-14	-16	0	0	0	0	703	1112	706	1113	138	138	4095	1	1	0	0	1	1	0	0	0	0	0	0	0	0	0	0	500	500	5	50	20	5	100	0	20	350	200	4	1	1	99	0	0	0	0	0	0	0	0	0	0	0	0	0	0	0	0	1	1	1	1	0	0	0	0	1	1	1	0	0	0	0	1000	0	1
16:00:25	2	运行	0	0	制冷	R410A	2	2	296	415	114	114	-27	-27	0	0	0	0	721	1121	721	1122	141	141	4095	2	2	228	281	124	122	-14	-16	0	0	0	0	703	1112	706	1113	138	138	4095	1	1	0	0	1	1	0	0	0	0	0	0	0	0	0	0	500	500	5	50	20	5	100	0	20	350	200	4	1	1	99	0	0	0	0	0	0	0	0	0	0	0	0	0	0	0	0	1	1	1	1	0	0	0	0	1	1	1	0	0	0	0	1000	0	1
16:00:27	2	运行	0	0	制冷	R410A	2	2	296	415	114	114	-27	-27	0	0	0	0	721	1121	721	1122	141	141	4095	2	2	228	281	124	122	-14	-16	0	0	0	0	703	1112	706	1113	138	138	4095	1	1	0	0	1	1	0	0	0	0	0	0	0	0	0	0	500	500	5	50	20	5	100	0	20	350	200	4	1	1	99	0	0	0	0	0	0	0	0	0	0	0	0	0	0	0	0	1	1	1	1	0	0	0	0	1	1	1	0	0	0	0	1000	0	1
16:00:29	2	运行	0	0	制冷	R410A	2	2	296	415	114	114	-27	-27	0	0	0	0	721	1121	721	1122	141	141	4095	2	2	228	281	124	122	-14	-16	0	0	0	0	703	1112	706	1113	138	138	4095	1	1	0	0	1	1	0	0	0	0	0	0	0	0	0	0	500	500	5	50	20	5	100	0	20	350	200	4	1	1	99	0	0	0	0	0	0	0	0	0	0	0	0	0	0	0	0	1	1	1	1	0	0	0	0	1	1	1	0	0	0	0	1000	0	1
16:00:31	2	运行	0	0	制冷	R410A	2	2	296	415	114	114	-27	-27	0	0	0	0	721	1121	721	1122	141	141	4095	2	2	228	281	124	122	-14	-16	0	0	0	0	703	1112	706	1113	138	138	4095	1	1	0	0	1	1	0	0	0	0	0	0	0	0	0	0	500	500	5	50	20	5	100	0	20	350	200	4	1	1	99	0	0	0	0	0	0	0	0	0	0	0	0	0	0	0	0	1	1	1	1	0	0	0	0	1	1	1	0	0	0	0	1000	0	1
16:00:33	2	运行	0	0	制冷	R410A	2	2	296	415	114	114	-27	-27	0	0	0	0	721	1121	721	1122	141	141	4095	2	2	228	281	124	122	-14	-16	0	0	0	0	703	1112	706	1113	138	138	4095	1	1	0	0	1	1	0	0	0	0	0	0	0	0	0	0	500	500	5	50	20	5	100	0	20	350	200	4	1	1	99	0	0	0	0	0	0	0	0	0	0	0	0	0	0	0	0	1	1	1	1	0	0	0	0	1	1	1	0	0	0	0	1000	0	1
16:00:35	2	运行	0	0	制冷	R410A	2	2	296	415	114	114	-27	-27	0	0	0	0	721	1121	721	1122	141	141	4095	2	2	228	281	124	122	-14	-16	0	0	0	0	703	1112	706	1113	138	138	4095	1	1	0	0	1	1	0	0	0	0	0	0	0	0	0	0	500	500	5	50	20	5	100	0	20	350	200	4	1	1	99	0	0	0	0	0	0	0	0	0	0	0	0	0	0	0	0	1	1	1	1	0	0	0	0	1	1	1	0	0	0	0	1000	0	1
16:00:37	2	运行	0	0	制冷	R410A	2	2	296	415	114	114	-27	-27	0	0	0	0	721	1121	721	1122	141	141	4095	2	2	228	281	124	122	-14	-16	0	0	0	0	703	1112	706	1113	138	138	4095	1	1	0	0	1	1	0	0	0	0	0	0	0	0	0	0	500	500	5	50	20	5	100	0	20	350	200	4	1	1	99	0	0	0	0	0	0	0	0	0	0	0	0	0	0	0	0	1	1	1	1	0	0	0	0	1	1	1	0	0	0	0	1000	0	1
16:00:39	2	运行	0	0	制冷	R410A	2	2	296	415	114	114	-27	-27	0	0	0	0	721	1121	721	1122	141	141	4095	2	2	228	281	124	122	-14	-16	0	0	0	0	703	1112	706	1113	138	138	4095	1	1	0	0	1	1	0	0	0	0	0	0	0	0	0	0	500	500	5	50	20	5	100	0	20	350	200	4	1	1	99	0	0	0	0	0	0	0	0	0	0	0	0	0	0	0	0	1	1	1	1	0	0	0	0	1	1	1	0	0	0	0	1000	0	1
16:00:41	2	运行	0	0	制冷	R410A	2	2	296	415	114	114	-27	-27	0	0	0	0	721	1121	721	1122	141	141	4095	2	2	228	281	124	122	-14	-16	0	0	0	0	703	1112	706	1113	138	138	4095	1	1	0	0	1	1	0	0	0	0	0	0	0	0	0	0	500	500	5	50	20	5	100	0	20	350	200	4	1	1	99	0	0	0	0	0	0	0	0	0	0	0	0	0	0	0	0	1	1	1	1	0	0	0	0	1	1	1	0	0	0	0	1000	0	1
16:00:43	2	运行	0	0	制冷	R410A	2	2	296	415	114	114	-27	-27	0	0	0	0	721	1121	721	1122	141	141	4095	2	2	228	281	124	122	-14	-16	0	0	0	0	703	1112	706	1113	138	138	4095	1	1	0	0	1	1	0	0	0	0	0	0	0	0	0	0	500	500	5	50	20	5	100	0	20	350	200	4	1	1	99	0	0	0	0	0	0	0	0	0	0	0	0	0	0	0	0	1	1	1	1	0	0	0	0	1	1	1	0	0	0	0	1000	0	1
16:00:45	2	运行	0	0	制冷	R410A	2	2	296	415	114	114	-27	-27	0	0	0	0	721	1123	721	1122	141	141	4095	2	2	228	281	124	122	-14	-16	0	0	0	0	703	1112	706	1113	138	138	4095	1	1	0	0	1	1	0	0	0	0	0	0	0	0	0	0	500	500	5	50	20	5	100	0	20	350	200	4	1	1	99	0	0	0	0	0	0	0	0	0	0	0	0	0	0	0	0	1	1	1	1	0	0	0	0	1	1	1	0	0	0	0	1000	0	1
16:00:47	2	运行	0	0	制冷	R410A	2	2	296	415	114	114	-27	-27	0	0	0	0	721	1123	721	1122	141	141	4095	2	2	228	281	124	122	-14	-16	0	0	0	0	703	1112	706	1113	138	138	4095	1	1	0	0	1	1	0	0	0	0	0	0	0	0	0	0	500	500	5	50	20	5	100	0	20	350	200	4	1	1	99	0	0	0	0	0	0	0	0	0	0	0	0	0	0	0	0	1	1	1	1	0	0	0	0	1	1	1	0	0	0	0	1000	0	1
16:00:49	2	运行	0	0	制冷	R410A	2	2	296	415	114	114	-27	-27	0	0	0	0	721	1123	721	1122	141	141	4095	2	2	228	281	124	122	-14	-16	0	0	0	0	703	1112	706	1113	138	138	4095	1	1	0	0	1	1	0	0	0	0	0	0	0	0	0	0	500	500	5	50	20	5	100	0	20	350	200	4	1	1	99	0	0	0	0	0	0	0	0	0	0	0	0	0	0	0	0	1	1	1	1	0	0	0	0	1	1	1	0	0	0	0	1000	0	1
16:00:51	2	运行	0	0	制冷	R410A	2	2	296	415	114	114	-27	-27	0	0	0	0	721	1123	721	1122	141	141	4095	2	2	228	281	124	122	-14	-16	0	0	0	0	703	1112	706	1113	138	138	4095	1	1	0	0	1	1	0	0	0	0	0	0	0	0	0	0	500	500	5	50	20	5	100	0	20	350	200	4	1	1	99	0	0	0	0	0	0	0	0	0	0	0	0	0	0	0	0	1	1	1	1	0	0	0	0	1	1	1	0	0	0	0	1000	0	1
16:00:53	2	运行	0	0	制冷	R410A	2	2	296	415	114	114	-27	-27	0	0	0	0	721	1123	721	1122	141	141	4095	2	2	228	281	124	122	-14	-16	0	0	0	0	703	1112	706	1113	138	138	4095	1	1	0	0	1	1	0	0	0	0	0	0	0	0	0	0	500	500	5	50	20	5	100	0	20	350	200	4	1	1	99	0	0	0	0	0	0	0	0	0	0	0	0	0	0	0	0	1	1	1	1	0	0	0	0	1	1	1	0	0	0	0	1000	0	1
16:00:55	2	运行	0	0	制冷	R410A	2	2	296	415	114	114	-27	-27	0	0	0	0	721	1123	721	1122	141	141	4095	2	2	228	281	124	122	-14	-16	0	0	0	0	703	1112	706	1113	138	138	4095	1	1	0	0	1	1	0	0	0	0	0	0	0	0	0	0	500	500	5	50	20	5	100	0	20	350	200	4	1	1	99	0	0	0	0	0	0	0	0	0	0	0	0	0	0	0	0	1	1	1	1	0	0	0	0	1	1	1	0	0	0	0	1000	0	1
16:00:57	2	运行	0	0	制冷	R410A	2	2	296	415	114	114	-27	-27	0	0	0	0	721	1123	721	1124	141	141	4095	2	2	228	281	124	122	-14	-16	0	0	0	0	703	1112	706	1113	138	138	4095	1	1	0	0	1	1	0	0	0	0	0	0	0	0	0	0	500	500	5	50	20	5	100	0	20	350	200	4	1	1	99	0	0	0	0	0	0	0	0	0	0	0	0	0	0	0	0	1	1	1	1	0	0	0	0	1	1	1	0	0	0	0	1000	0	1
16:00:59	2	运行	0	0	制冷	R410A	2	2	296	415	114	114	-27	-27	0	0	0	0	721	1123	721	1124	141	141	4095	2	2	228	281	124	122	-14	-16	0	0	0	0	703	1112	706	1113	138	138	4095	1	1	0	0	1	1	0	0	0	0	0	0	0	0	0	0	500	500	5	50	20	5	100	0	20	350	200	4	1	1	99	0	0	0	0	0	0	0	0	0	0	0	0	0	0	0	0	1	1	1	1	0	0	0	0	1	1	1	0	0	0	0	1000	0	1
16:01:01	2	运行	0	0	制冷	R410A	2	2	296	415	114	114	-27	-27	0	0	0	0	721	1123	721	1124	141	141	4095	2	2	228	281	124	122	-14	-16	0	0	0	0	703	1112	706	1113	138	138	4095	1	1	0	0	1	1	0	0	0	0	0	0	0	0	0	0	500	500	5	50	20	5	100	0	20	350	200	4	1	1	99	0	0	0	0	0	0	0	0	0	0	0	0	0	0	0	0	1	1	1	1	0	0	0	0	1	1	1	0	0	0	0	1000	0	1
16:01:03	2	运行	0	0	制冷	R410A	2	2	296	415	114	114	-27	-27	0	0	0	0	721	1123	721	1124	141	141	4095	2	2	228	281	124	122	-14	-16	0	0	0	0	703	1112	706	1113	138	138	4095	1	1	0	0	1	1	0	0	0	0	0	0	0	0	0	0	500	500	5	50	20	5	100	0	20	350	200	4	1	1	99	0	0	0	0	0	0	0	0	0	0	0	0	0	0	0	0	1	1	1	1	0	0	0	0	1	1	1	0	0	0	0	1000	0	1
16:01:05	2	运行	0	0	制冷	R410A	2	2	296	415	114	114	-27	-27	0	0	0	0	721	1123	721	1124	141	141	4095	2	2	228	281	124	122	-14	-16	0	0	0	0	703	1112	706	1113	138	138	4095	1	1	0	0	1	1	0	0	0	0	0	0	0	0	0	0	500	500	5	50	20	5	100	0	20	350	200	4	1	1	99	0	0	0	0	0	0	0	0	0	0	0	0	0	0	0	0	1	1	1	1	0	0	0	0	1	1	1	0	0	0	0	1000	0	1
16:01:07	2	运行	0	0	制冷	R410A	2	2	296	415	114	114	-27	-27	0	0	0	0	721	1123	721	1124	141	141	4095	2	2	228	281	124	122	-14	-16	0	0	0	0	703	1112	706	1113	138	138	4095	1	1	0	0	1	1	0	0	0	0	0	0	0	0	0	0	500	500	5	50	20	5	100	0	20	350	200	4	1	1	99	0	0	0	0	0	0	0	0	0	0	0	0	0	0	0	0	1	1	1	1	0	0	0	0	1	1	1	0	0	0	0	1000	0	1
16:01:09	2	运行	0	0	制冷	R410A	2	2	296	415	114	114	-27	-27	0	0	0	0	721	1123	721	1122	141	141	4095	2	2	228	281	124	122	-14	-16	0	0	0	0	703	1113	706	1113	138	138	4095	1	1	0	0	1	1	0	0	0	0	0	0	0	0	0	0	500	500	5	50	20	5	100	0	20	350	200	4	1	1	99	0	0	0	0	0	0	0	0	0	0	0	0	0	0	0	0	1	1	1	1	0	0	0	0	1	1	1	0	0	0	0	1000	0	1
16:01:11	2	运行	0	0	制冷	R410A	2	2	296	415	114	114	-27	-27	0	0	0	0	721	1123	721	1122	141	141	4095	2	2	228	281	124	122	-14	-16	0	0	0	0	703	1113	706	1113	138	138	4095	1	1	0	0	1	1	0	0	0	0	0	0	0	0	0	0	500	500	5	50	20	5	100	0	20	350	200	4	1	1	99	0	0	0	0	0	0	0	0	0	0	0	0	0	0	0	0	1	1	1	1	0	0	0	0	1	1	1	0	0	0	0	1000	0	1
16:01:13	2	运行	0	0	制冷	R410A	2	2	296	415	114	114	-27	-27	0	0	0	0	721	1123	721	1122	141	141	4095	2	2	228	281	124	122	-14	-16	0	0	0	0	703	1113	706	1113	138	138	4095	1	1	0	0	1	1	0	0	0	0	0	0	0	0	0	0	500	500	5	50	20	5	100	0	20	350	200	4	1	1	99	0	0	0	0	0	0	0	0	0	0	0	0	0	0	0	0	1	1	1	1	0	0	0	0	1	1	1	0	0	0	0	1000	0	1
16:01:15	2	运行	0	0	制冷	R410A	2	2	296	415	114	114	-27	-27	0	0	0	0	721	1123	721	1122	141	141	4095	2	2	228	281	124	122	-14	-16	0	0	0	0	703	1113	706	1113	138	138	4095	1	1	0	0	1	1	0	0	0	0	0	0	0	0	0	0	500	500	5	50	20	5	100	0	20	350	200	4	1	1	99	0	0	0	0	0	0	0	0	0	0	0	0	0	0	0	0	1	1	1	1	0	0	0	0	1	1	1	0	0	0	0	1000	0	1
16:01:17	2	运行	0	0	制冷	R410A	2	2	296	415	114	114	-27	-27	0	0	0	0	721	1123	721	1122	141	141	4095	2	2	228	281	124	122	-14	-16	0	0	0	0	703	1113	706	1113	138	138	4095	1	1	0	0	1	1	0	0	0	0	0	0	0	0	0	0	500	500	5	50	20	5	100	0	20	350	200	4	1	1	99	0	0	0	0	0	0	0	0	0	0	0	0	0	0	0	0	1	1	1	1	0	0	0	0	1	1	1	0	0	0	0	1000	0	1
16:01:19	2	运行	0	0	制冷	R410A	2	2	296	415	114	114	-27	-27	0	0	0	0	721	1123	721	1122	141	141	4095	2	2	228	281	124	122	-14	-16	0	0	0	0	703	1112	706	1113	138	138	4095	1	1	0	0	1	1	0	0	0	0	0	0	0	0	0	0	500	500	5	50	20	5	100	0	20	350	200	4	1	1	99	0	0	0	0	0	0	0	0	0	0	0	0	0	0	0	0	1	1	1	1	0	0	0	0	1	1	1	0	0	0	0	1000	0	1
