=== 316 室外 EEV + 化霜（外机1）===
版本 = [316, 12, 14, 2026, 9, 17]   机型=2 风机=2   BoardAddressSet=1
环温 = 5.0C   翅片1 = 11.0C
**EEVCtrlNum[804] = 99**  <- 本机实际控制几路电磁头；第 99 路之后是未用通道

  ⚠ 室外 EEV 在制热时**应该是有开度的**（按过热度控制）；
     化霜一开始必须归 0 —— 那就是 #2 的判据。

   t | St Tmd | Comp Four Fan | DefC0 | EEV1..4 目标/当前/跑 | CanDef DSig | f1410 Gap0 DefRT | 环温 翅片1 | 动作
      0 |  0   0 | [1, 1] [1, 1] [1, 1] |     0 | 286/286/0 238/238/0 0/530/0 0/530/0 | [0, 0] [0, 0] |    0  477     0 |   5.0  11.0 |
      0 |  0   0 | [1, 1] [1, 1] [1, 1] |     0 | 286/286/0 238/238/0 0/530/0 0/530/0 | [0, 0] [0, 0] |    0  478     0 |   5.0  11.0 |
      1 |  0   0 | [1, 1] [1, 1] [1, 1] |     0 | 286/286/0 238/238/0 0/530/0 0/530/0 | [0, 0] [0, 0] |    0  479     0 |   5.0  11.0 |
      2 |  0   0 | [1, 1] [1, 1] [1, 1] |     0 | 286/286/0 238/238/0 0/530/0 0/530/0 | [0, 0] [0, 0] |    0  480     0 |   5.0  11.0 |
      3 |  0   0 | [1, 1] [1, 1] [1, 1] |     0 | 287/287/0 238/238/0 0/530/0 0/530/0 | [0, 0] [0, 0] |    0  480     0 |   5.0  11.0 |
      3 |  0   0 | [1, 1] [1, 1] [1, 1] |     0 | 287/287/0 238/238/0 0/530/0 0/530/0 | [0, 0] [0, 0] |    0  481     0 |   5.0  11.0 |
      4 |  0   0 | [1, 1] [1, 1] [1, 1] |     0 | 287/287/0 238/238/0 0/530/0 0/530/0 | [0, 0] [0, 0] |    0  482     0 |   5.0  11.0 |
      5 |  0   0 | [1, 1] [1, 1] [1, 1] |     0 | 287/287/0 238/238/0 0/530/0 0/530/0 | [0, 0] [0, 0] |    0  483     0 |   5.0  11.0 |
      6 |  0   0 | [1, 1] [1, 1] [1, 1] |     0 | 287/287/0 238/238/0 0/530/0 0/530/0 | [0, 0] [0, 0] |    0  484     0 |   5.0  11.0 |
      7 |  0   0 | [1, 1] [1, 1] [1, 1] |     0 | 287/287/0 238/238/0 0/530/0 0/530/0 | [0, 0] [0, 0] |    0  485     0 |   5.0  11.0 |
      8 |  0   0 | [1, 1] [1, 1] [1, 1] |     0 | 288/288/0 238/238/0 0/530/0 0/530/0 | [0, 0] [0, 0] |    0  485     0 |   5.0  11.0 |
      8 |  0   0 | [1, 1] [1, 1] [1, 1] |     0 | 288/288/0 238/238/0 0/530/0 0/530/0 | [0, 0] [0, 0] |    0  486     0 |   5.0  11.0 |
      9 |  0   0 | [1, 1] [1, 1] [1, 1] |     0 | 288/288/0 239/239/0 0/530/0 0/530/0 | [0, 0] [0, 0] |    0  486     0 |   5.0  11.0 |
      9 |  0   0 | [1, 1] [1, 1] [1, 1] |     0 | 288/288/0 239/239/0 0/530/0 0/530/0 | [0, 0] [0, 0] |    0  487     0 |   5.0  11.0 |
     10 |  0   0 | [1, 1] [1, 1] [1, 1] |     0 | 288/288/0 239/239/0 0/530/0 0/530/0 | [0, 0] [0, 0] |    0  488     0 |   5.0  11.0 |
     11 |  0   0 | [1, 1] [1, 1] [1, 1] |     0 | 288/288/0 239/239/0 0/530/0 0/530/0 | [0, 0] [0, 0] |    0  489     0 |   5.0  11.0 |
     12 |  0   0 | [1, 1] [1, 1] [1, 1] |     0 | 288/288/0 239/239/0 0/530/0 0/530/0 | [0, 0] [0, 0] |    0  490     0 |   5.0  11.0 |
     13 |  0   0 | [1, 1] [1, 1] [1, 1] |     0 | 289/289/0 239/239/0 0/530/0 0/530/0 | [0, 0] [0, 0] |    0  490     0 |   5.0  11.0 |
     13 |  0   0 | [1, 1] [1, 1] [1, 1] |     0 | 289/289/0 239/239/0 0/530/0 0/530/0 | [0, 0] [0, 0] |    0  491     0 |   5.0  11.0 |
     14 |  0   0 | [1, 1] [1, 1] [1, 1] |     0 | 289/289/0 239/239/0 0/530/0 0/530/0 | [0, 0] [0, 0] |    0  492     0 |   5.0  11.0 |
     15 |  0   0 | [1, 1] [1, 1] [1, 1] |     0 | 289/289/0 239/239/0 0/530/0 0/530/0 | [0, 0] [0, 0] |    0  493     0 |   5.0  11.0 |
     16 |  0   0 | [1, 1] [1, 1] [1, 1] |     0 | 289/289/0 239/239/0 0/530/0 0/530/0 | [0, 0] [0, 0] |    0  494     0 |   5.0  11.0 |
     17 |  0   0 | [1, 1] [1, 1] [1, 1] |     0 | 289/289/0 239/239/0 0/530/0 0/530/0 | [0, 0] [0, 0] |    0  495     0 |   5.0  11.0 |
     18 |  0   0 | [1, 1] [1, 1] [1, 1] |     0 | 290/290/0 239/239/0 0/530/0 0/530/0 | [0, 0] [0, 0] |    0  495     0 |   5.0  11.0 |
     18 |  0   0 | [1, 1] [1, 1] [1, 1] |     0 | 290/290/0 239/239/0 0/530/0 0/530/0 | [0, 0] [0, 0] |    0  496     0 |   5.0  11.0 |
     19 |  0   0 | [1, 1] [1, 1] [1, 1] |     0 | 290/290/0 240/240/0 0/530/0 0/530/0 | [0, 0] [0, 0] |    0  496     0 |   5.0  11.0 |
     19 |  0   0 | [1, 1] [1, 1] [1, 1] |     0 | 290/290/0 240/240/0 0/530/0 0/530/0 | [0, 0] [0, 0] |    0  497     0 |   5.0  11.0 |
     20 |  0   0 | [1, 1] [1, 1] [1, 1] |     0 | 290/290/0 240/240/0 0/530/0 0/530/0 | [0, 0] [0, 0] |    0  498     0 |   5.0  11.0 |
     21 |  0   0 | [1, 1] [1, 1] [1, 1] |     0 | 290/290/0 240/240/0 0/530/0 0/530/0 | [0, 0] [0, 0] |    0  499     0 |   5.0  11.0 |
     22 |  0   0 | [1, 1] [1, 1] [1, 1] |     0 | 290/290/0 240/240/0 0/530/0 0/530/0 | [0, 0] [0, 0] |    0  500     0 |   5.0  11.0 |
     23 |  0   0 | [1, 1] [1, 1] [1, 1] |     0 | 291/291/0 240/240/0 0/530/0 0/530/0 | [0, 0] [0, 0] |    0  500     0 |   5.0  11.0 |
     23 |  0   0 | [1, 1] [1, 1] [1, 1] |     0 | 291/291/0 240/240/0 0/530/0 0/530/0 | [0, 0] [0, 0] |    0  501     0 |   5.0  11.0 |
     24 |  0   0 | [1, 1] [1, 1] [1, 1] |     0 | 291/291/0 240/240/0 0/530/0 0/530/0 | [0, 0] [0, 0] |    0  502     0 |   5.0  11.0 |
     25 |  0   0 | [1, 1] [1, 1] [1, 1] |     0 | 291/291/0 240/240/0 0/530/0 0/530/0 | [0, 0] [0, 0] |    0  503     0 |   5.0  11.0 |
     26 |  0   0 | [1, 1] [1, 1] [1, 1] |     0 | 291/291/0 240/240/0 0/530/0 0/530/0 | [0, 0] [0, 0] |    0  504     0 |   5.0  11.0 |
     27 |  0   0 | [1, 1] [1, 1] [1, 1] |     0 | 291/291/0 240/240/0 0/530/0 0/530/0 | [0, 0] [0, 0] |    0  505     0 |   5.0  11.0 |
     28 |  0   0 | [1, 1] [1, 1] [1, 1] |     0 | 292/292/0 240/240/0 0/530/0 0/530/0 | [0, 0] [0, 0] |    0  505     0 |   5.0  11.0 |
     28 |  0   0 | [1, 1] [1, 1] [1, 1] |     0 | 292/292/0 240/240/0 0/530/0 0/530/0 | [0, 0] [0, 0] |    0  506     0 |   5.0  11.0 |
     29 |  0   0 | [1, 1] [1, 1] [1, 1] |     0 | 292/292/0 240/240/0 0/530/0 0/530/0 | [0, 0] [0, 0] |    0  507     0 |   5.0  11.0 |
     30 |  0   0 | [1, 1] [1, 1] [1, 1] |     0 | 292/292/0 240/240/0 0/530/0 0/530/0 | [0, 0] [0, 0] |    0  508     0 |   5.0  11.0 |
     31 |  0   0 | [1, 1] [1, 1] [1, 1] |     0 | 292/292/0 240/240/0 0/530/0 0/530/0 | [0, 0] [0, 0] |    0  509     0 |   5.0  11.0 |
     32 |  0   0 | [1, 1] [1, 1] [1, 1] |     0 | 292/292/0 240/240/0 0/530/0 0/530/0 | [0, 0] [0, 0] |    0  510     0 |   5.0  11.0 |
     33 |  0   0 | [1, 1] [1, 1] [1, 1] |     0 | 292/292/1 240/240/0 0/530/0 0/530/0 | [0, 0] [0, 0] |    0  510     0 |   5.0  11.0 |
     33 |  0   0 | [1, 1] [1, 1] [1, 1] |     0 | 293/293/0 240/240/0 0/530/0 0/530/0 | [0, 0] [0, 0] |    0  510     0 |   5.0  11.0 |
     33 |  0   0 | [1, 1] [1, 1] [1, 1] |     0 | 293/293/0 240/240/0 0/530/0 0/530/0 | [0, 0] [0, 0] |    0  511     0 |   5.0  11.0 |
     34 |  0   0 | [1, 1] [1, 1] [1, 1] |     0 | 293/293/0 241/241/0 0/530/0 0/530/0 | [0, 0] [0, 0] |    0  511     0 |   5.0  11.0 |
     34 |  0   0 | [1, 1] [1, 1] [1, 1] |     0 | 293/293/0 241/241/0 0/530/0 0/530/0 | [0, 0] [0, 0] |    0  512     0 |   5.0  11.0 |
     35 |  0   0 | [1, 1] [1, 1] [1, 1] |     0 | 293/293/0 241/241/0 0/530/0 0/530/0 | [0, 0] [0, 0] |    0  513     0 |   5.0  11.0 |
     36 |  0   0 | [1, 1] [1, 1] [1, 1] |     0 | 293/293/0 241/241/0 0/530/0 0/530/0 | [0, 0] [0, 0] |    0  514     0 |   5.0  11.0 |
     37 |  0   0 | [1, 1] [1, 1] [1, 1] |     0 | 293/293/0 241/241/0 0/530/0 0/530/0 | [0, 0] [0, 0] |    0  515     0 |   5.0  11.0 |
     38 |  0   0 | [1, 1] [1, 1] [1, 1] |     0 | 294/294/0 241/241/0 0/530/0 0/530/0 | [0, 0] [0, 0] |    0  515     0 |   5.0  11.0 |
     38 |  0   0 | [1, 1] [1, 1] [1, 1] |     0 | 294/294/0 241/241/0 0/530/0 0/530/0 | [0, 0] [0, 0] |    0  516     0 |   5.0  11.0 |
     39 |  0   0 | [1, 1] [1, 1] [1, 1] |     0 | 294/294/0 241/241/0 0/530/0 0/530/0 | [0, 0] [0, 0] |    0  517     0 |   5.0  11.0 |
     40 |  0   0 | [1, 1] [1, 1] [1, 1] |     0 | 294/294/0 241/241/0 0/530/0 0/530/0 | [0, 0] [0, 0] |    0  518     0 |   5.0  11.0 |
     41 |  0   0 | [1, 1] [1, 1] [1, 1] |     0 | 294/294/0 241/241/0 0/530/0 0/530/0 | [0, 0] [0, 0] |    0  519     0 |   5.0  11.0 |
     42 |  0   0 | [1, 1] [1, 1] [1, 1] |     0 | 294/294/0 241/241/0 0/530/0 0/530/0 | [0, 0] [0, 0] |    0  520     0 |   5.0  11.0 |
     43 |  0   0 | [1, 1] [1, 1] [1, 1] |     0 | 295/295/0 241/241/0 0/530/0 0/530/0 | [0, 0] [0, 0] |    0  520     0 |   5.0  11.0 |
     43 |  0   0 | [1, 1] [1, 1] [1, 1] |     0 | 295/295/0 241/241/0 0/530/0 0/530/0 | [0, 0] [0, 0] |    0  521     0 |   5.0  11.0 |
     44 |  0   0 | [1, 1] [1, 1] [1, 1] |     0 | 295/295/0 242/242/0 0/530/0 0/530/0 | [0, 0] [0, 0] |    0  521     0 |   5.0  11.0 |
     44 |  0   0 | [1, 1] [1, 1] [1, 1] |     0 | 295/295/0 242/242/0 0/530/0 0/530/0 | [0, 0] [0, 0] |    0  522     0 |   5.0  11.0 |
     45 |  0   0 | [1, 1] [1, 1] [1, 1] |     0 | 295/295/0 242/242/0 0/530/0 0/530/0 | [0, 0] [0, 0] |    0  523     0 |   5.0  11.0 |
     46 |  0   0 | [1, 1] [1, 1] [1, 1] |     0 | 295/295/0 242/242/0 0/530/0 0/530/0 | [0, 0] [0, 0] |    0  524     0 |   5.0  11.0 |
     47 |  0   0 | [1, 1] [1, 1] [1, 1] |     0 | 295/295/0 242/242/0 0/530/0 0/530/0 | [0, 0] [0, 0] |    0  525     0 |   5.0  11.0 |
     48 |  0   0 | [1, 1] [1, 1] [1, 1] |     0 | 295/295/0 242/242/0 0/530/0 0/530/0 | [0, 0] [0, 0] |    0  526     0 |   5.0  11.0 |
     49 |  0   0 | [1, 1] [1, 1] [1, 1] |     0 | 295/295/0 242/242/0 0/530/0 0/530/0 | [0, 0] [0, 0] |    0  527     0 |   5.0  11.0 |
     50 |  0   0 | [1, 1] [1, 1] [1, 1] |     0 | 295/295/0 242/242/0 0/530/0 0/530/0 | [0, 0] [0, 0] |    0  528     0 |   5.0  11.0 |
     51 |  0   0 | [1, 1] [1, 1] [1, 1] |     0 | 295/295/0 242/242/0 0/530/0 0/530/0 | [0, 0] [0, 0] |    0  529     0 |   5.0  11.0 |
     52 |  0   0 | [1, 1] [1, 1] [1, 1] |     0 | 295/295/0 242/242/0 0/530/0 0/530/0 | [0, 0] [0, 0] |    0  530     0 |   5.0  11.0 |
     53 |  0   0 | [1, 1] [1, 1] [1, 1] |     0 | 296/296/0 242/242/0 0/530/0 0/530/0 | [0, 0] [0, 0] |    0  530     0 |   5.0  11.0 |
     53 |  0   0 | [1, 1] [1, 1] [1, 1] |     0 | 296/296/0 242/242/0 0/530/0 0/530/0 | [0, 0] [0, 0] |    0  531     0 |   5.0  11.0 |
     54 |  0   0 | [1, 1] [1, 1] [1, 1] |     0 | 296/296/0 243/243/0 0/530/0 0/530/0 | [0, 0] [0, 0] |    0  532     0 |   5.0  11.0 |
     55 |  0   0 | [1, 1] [1, 1] [1, 1] |     0 | 296/296/0 243/243/0 0/530/0 0/530/0 | [0, 0] [0, 0] |    0  533     0 |   5.0  11.0 |
     56 |  0   0 | [1, 1] [1, 1] [1, 1] |     0 | 296/296/0 243/243/0 0/530/0 0/530/0 | [0, 0] [0, 0] |    0  534     0 |   5.0  11.0 |
     57 |  0   0 | [1, 1] [1, 1] [1, 1] |     0 | 296/296/0 243/243/0 0/530/0 0/530/0 | [0, 0] [0, 0] |    0  535     0 |   5.0  11.0 |
     58 |  0   0 | [1, 1] [1, 1] [1, 1] |     0 | 297/297/0 243/243/0 0/530/0 0/530/0 | [0, 0] [0, 0] |    0  535     0 |   5.0  11.0 |
     58 |  0   0 | [1, 1] [1, 1] [1, 1] |     0 | 297/297/0 243/243/0 0/530/0 0/530/0 | [0, 0] [0, 0] |    0  536     0 |   5.0  11.0 |
     59 |  0   0 | [1, 1] [1, 1] [1, 1] |     0 | 297/297/0 243/243/0 0/530/0 0/530/0 | [0, 0] [0, 0] |    0  537     0 |   5.0  11.0 |
     60 |  0   0 | [1, 1] [1, 1] [1, 1] |     0 | 297/297/0 243/243/0 0/530/0 0/530/0 | [0, 0] [0, 0] |    0  538     0 |   5.0  11.0 |
     61 |  0   0 | [1, 1] [1, 1] [1, 1] |     0 | 297/297/0 243/243/0 0/530/0 0/530/0 | [0, 0] [0, 0] |    0  539     0 |   5.0  11.0 |
     62 |  0   0 | [1, 1] [1, 1] [1, 1] |     0 | 297/297/0 243/243/0 0/530/0 0/530/0 | [0, 0] [0, 0] |    0  540     0 |   5.0  11.0 |
     63 |  0   0 | [1, 1] [1, 1] [1, 1] |     0 | 298/298/0 243/243/0 0/530/0 0/530/0 | [0, 0] [0, 0] |    0  540     0 |   5.0  11.0 |
     63 |  0   0 | [1, 1] [1, 1] [1, 1] |     0 | 298/298/0 243/243/0 0/530/0 0/530/0 | [0, 0] [0, 0] |    0  541     0 |   5.0  11.0 |
     64 |  0   0 | [1, 1] [1, 1] [1, 1] |     0 | 298/298/0 243/243/0 0/530/0 0/530/0 | [0, 0] [0, 0] |    0  542     0 |   5.0  11.0 |
     65 |  0   0 | [1, 1] [1, 1] [1, 1] |     0 | 298/298/0 244/244/0 0/530/0 0/530/0 | [0, 0] [0, 0] |    0  542     0 |   5.0  11.0 |
     65 |  0   0 | [1, 1] [1, 1] [1, 1] |     0 | 298/298/0 244/244/0 0/530/0 0/530/0 | [0, 0] [0, 0] |    0  543     0 |   5.0  11.0 |
     66 |  0   0 | [1, 1] [1, 1] [1, 1] |     0 | 298/298/0 244/244/0 0/530/0 0/530/0 | [0, 0] [0, 0] |    0  544     0 |   5.0  11.0 |
     67 |  0   0 | [1, 1] [1, 1] [1, 1] |     0 | 298/298/0 244/244/0 0/530/0 0/530/0 | [0, 0] [0, 0] |    0  545     0 |   5.0  11.0 |
     68 |  0   0 | [1, 1] [1, 1] [1, 1] |     0 | 299/299/0 244/244/0 0/530/0 0/530/0 | [0, 0] [0, 0] |    0  545     0 |   5.0  11.0 |
     68 |  0   0 | [1, 1] [1, 1] [1, 1] |     0 | 299/299/0 244/244/0 0/530/0 0/530/0 | [0, 0] [0, 0] |    0  546     0 |   5.0  11.0 |
     69 |  0   0 | [1, 1] [1, 1] [1, 1] |     0 | 299/299/0 244/244/0 0/530/0 0/530/0 | [0, 0] [0, 0] |    0  547     0 |   5.0  11.0 |
     70 |  0   0 | [1, 1] [1, 1] [1, 1] |     0 | 299/299/0 244/244/0 0/530/0 0/530/0 | [0, 0] [0, 0] |    0  548     0 |   5.0  11.0 |
     71 |  0   0 | [1, 1] [1, 1] [1, 1] |     0 | 299/299/0 244/244/0 0/530/0 0/530/0 | [0, 0] [0, 0] |    0  549     0 |   5.0  11.0 |
     72 |  0   0 | [1, 1] [1, 1] [1, 1] |     0 | 299/299/0 244/244/0 0/530/0 0/530/0 | [0, 0] [0, 0] |    0  550     0 |   5.0  11.0 |
     73 |  0   0 | [1, 1] [1, 1] [1, 1] |     0 | 300/300/0 244/244/0 0/530/0 0/530/0 | [0, 0] [0, 0] |    0  551     0 |   5.0  11.0 |
     74 |  0   0 | [1, 1] [1, 1] [1, 1] |     0 | 300/300/0 244/244/0 0/530/0 0/530/0 | [0, 0] [0, 0] |    0  552     0 |   5.0  11.0 |
     75 |  0   0 | [1, 1] [1, 1] [1, 1] |     0 | 300/300/0 245/245/0 0/530/0 0/530/0 | [0, 0] [0, 0] |    0  552     0 |   5.0  11.0 |
     75 |  0   0 | [1, 1] [1, 1] [1, 1] |     0 | 300/300/0 245/245/0 0/530/0 0/530/0 | [0, 0] [0, 0] |    0  553     0 |   5.0  11.0 |
     76 |  0   0 | [1, 1] [1, 1] [1, 1] |     2 | 300/300/0 245/245/0 0/530/0 0/530/0 | [5, 0] [0, 0] |    0  553     0 |   5.0  11.0 |
     76 |  0   0 | [1, 1] [1, 1] [1, 1] |     2 | 300/300/0 245/245/0 0/530/0 0/530/0 | [5, 0] [0, 0] |    0  554     0 |   5.0  11.0 |
     77 |  0   0 | [1, 1] [1, 1] [1, 1] |     2 | 300/300/0 245/245/0 0/530/0 0/530/0 | [5, 0] [0, 0] |    0  555     0 |   5.0  11.0 |
     78 |  0   0 | [1, 1] [1, 1] [1, 1] |     2 | 301/301/0 245/245/0 0/530/0 0/530/0 | [5, 0] [0, 0] |    0  555     0 |   5.0  11.0 |
     78 |  0   0 | [1, 1] [1, 1] [1, 1] |     2 | 301/301/0 245/245/0 0/530/0 0/530/0 | [5, 0] [0, 0] |    0  556     0 |   5.0  11.0 |
     79 |  0   0 | [1, 1] [1, 1] [1, 1] |     2 | 301/301/0 245/245/0 0/530/0 0/530/0 | [5, 0] [0, 0] |    0  557     0 |   5.0  11.0 |
     80 |  0   0 | [1, 1] [1, 1] [1, 1] |     2 | 301/301/0 245/245/0 0/530/0 0/530/0 | [5, 0] [0, 0] |    0  558     0 |   5.0  11.0 |
     81 |  0   0 | [1, 1] [1, 1] [1, 1] |     2 | 301/301/0 245/245/0 0/530/0 0/530/0 | [5, 0] [0, 0] |    0  559     0 |   5.0  11.0 |
     82 |  0   0 | [1, 1] [1, 1] [1, 1] |     2 | 301/301/0 245/245/0 0/530/0 0/530/0 | [5, 0] [0, 0] |    0  560     0 |   5.0  11.0 |
     83 |  0   0 | [1, 1] [1, 1] [1, 1] |     2 | 302/302/0 245/245/0 0/530/0 0/530/0 | [5, 0] [0, 0] |    0  561     0 |   5.0  11.0 |
     84 |  0   0 | [1, 1] [1, 1] [1, 1] |     2 | 302/302/0 245/245/0 0/530/0 0/530/0 | [5, 0] [0, 0] |    0  562     0 |   5.0  11.0 |
     85 |  0   0 | [1, 1] [1, 1] [1, 1] |     2 | 302/302/0 245/245/0 0/530/0 0/530/0 | [5, 0] [0, 0] |    0  563     0 |   5.0  11.0 |
     86 |  0   0 | [1, 1] [1, 1] [1, 1] |     2 | 302/302/0 245/245/0 0/530/0 0/530/0 | [5, 0] [0, 0] |    0  564     0 |   5.0  11.0 |
     87 |  1   0 | [1, 1] [0, 0] [0, 0] |     2 | 322/322/0 265/265/0 0/530/0 0/530/0 | [5, 0] [1, 0] |    0  564     0 |   5.0  11.0 |
     87 |  1   0 | [1, 1] [0, 0] [0, 0] |     2 | 302/319/1 245/265/1 0/530/0 0/530/0 | [5, 0] [1, 0] |    0  564     1 |   5.0  11.0 |
     88 |  1   0 | [1, 1] [0, 0] [0, 0] |     2 | 302/315/1 245/265/1 0/530/0 0/530/0 | [5, 0] [1, 0] |    0  564     1 |   5.0  11.0 |
     88 |  1   0 | [1, 1] [0, 0] [0, 0] |     2 | 302/312/1 245/265/1 0/530/0 0/530/0 | [5, 0] [1, 0] |    0  564     1 |   5.0  11.0 |
     88 |  1   0 | [1, 1] [0, 0] [0, 0] |     2 | 302/308/1 245/265/1 0/530/0 0/530/0 | [5, 0] [1, 0] |    0  564     1 |   5.0  11.0 |
     88 |  1   0 | [1, 1] [0, 0] [0, 0] |     2 | 302/305/1 245/265/1 0/530/0 0/530/0 | [5, 0] [1, 0] |    0  564     1 |   5.0  11.0 |
     88 |  1   0 | [1, 1] [0, 0] [0, 0] |     2 | 302/302/0 245/265/1 0/530/0 0/530/0 | [5, 0] [1, 0] |    0  564     1 |   5.0  11.0 |
     88 |  1   0 | [1, 1] [0, 0] [0, 0] |     2 | 282/302/1 225/261/1 0/530/0 0/530/0 | [5, 0] [1, 0] |    0  564     2 |   5.0  11.0 |
     89 |  1   0 | [1, 1] [0, 0] [0, 0] |     2 | 282/302/1 225/258/1 0/530/0 0/530/0 | [5, 0] [1, 0] |    0  564     2 |   5.0  11.0 |
     89 |  1   0 | [1, 1] [0, 0] [0, 0] |     2 | 282/302/1 225/254/1 0/530/0 0/530/0 | [5, 0] [1, 0] |    0  564     2 |   5.0  11.0 |
     89 |  1   0 | [1, 1] [0, 0] [0, 0] |     2 | 282/302/1 225/251/1 0/530/0 0/530/0 | [5, 0] [1, 0] |    0  564     2 |   5.0  11.0 |
     89 |  1   0 | [1, 1] [0, 0] [0, 0] |     2 | 282/302/1 225/247/1 0/530/0 0/530/0 | [5, 0] [1, 0] |    0  564     2 |   5.0  11.0 |
     89 |  1   0 | [1, 1] [0, 0] [0, 0] |     2 | 282/302/1 225/244/1 0/530/0 0/530/0 | [5, 0] [1, 0] |    0  564     2 |   5.0  11.0 |
     89 |  1   0 | [1, 1] [0, 0] [0, 0] |     2 | 282/302/1 225/240/1 0/530/0 0/530/0 | [5, 0] [1, 0] |    0  564     2 |   5.0  11.0 |
     89 |  1   0 | [1, 1] [0, 0] [0, 0] |     2 | 282/302/1 225/237/1 0/530/0 0/530/0 | [5, 0] [1, 0] |    0  564     2 |   5.0  11.0 |
     89 |  1   0 | [1, 1] [0, 0] [0, 0] |     2 | 262/302/1 205/234/1 0/530/0 0/530/0 | [5, 0] [1, 0] |    0  564     3 |   5.0  11.0 |
     90 |  1   0 | [1, 1] [0, 0] [0, 0] |     2 | 262/302/1 205/230/1 0/530/0 0/530/0 | [5, 0] [1, 0] |    0  564     3 |   5.0  11.0 |
     90 |  1   0 | [1, 1] [0, 0] [0, 0] |     2 | 262/302/1 205/227/1 0/530/0 0/530/0 | [5, 0] [1, 0] |    0  564     3 |   5.0  11.0 |
     90 |  1   0 | [1, 1] [0, 0] [0, 0] |     2 | 262/301/1 205/224/1 0/530/0 0/530/0 | [5, 0] [1, 0] |    0  564     3 |   5.0  11.0 |
     90 |  1   0 | [1, 1] [0, 0] [0, 0] |     2 | 262/298/1 205/224/1 0/530/0 0/530/0 | [5, 0] [1, 0] |    0  564     3 |   5.0  11.0 |
     90 |  1   0 | [1, 1] [0, 0] [0, 0] |     2 | 262/294/1 205/224/1 0/530/0 0/530/0 | [5, 0] [1, 0] |    0  564     3 |   5.0  11.0 |
     90 |  1   0 | [1, 1] [0, 0] [0, 0] |     2 | 262/291/1 205/224/1 0/530/0 0/530/0 | [5, 0] [1, 0] |    0  564     3 |   5.0  11.0 |
     90 |  1   0 | [1, 1] [0, 0] [0, 0] |     2 | 262/287/1 205/224/1 0/530/0 0/530/0 | [5, 0] [1, 0] |    0  564     3 |   5.0  11.0 |
     90 |  1   0 | [1, 1] [0, 0] [0, 0] |     2 | 242/284/1 185/224/1 0/530/0 0/530/0 | [5, 0] [1, 0] |    0  564     4 |   5.0  11.0 |
     91 |  1   0 | [1, 1] [0, 0] [0, 0] |     2 | 242/280/1 185/224/1 0/530/0 0/530/0 | [5, 0] [1, 0] |    0  564     4 |   5.0  11.0 |
     91 |  1   0 | [1, 1] [0, 0] [0, 0] |     2 | 242/277/1 185/224/1 0/530/0 0/530/0 | [5, 0] [1, 0] |    0  564     4 |   5.0  11.0 |
     91 |  1   0 | [1, 1] [0, 0] [0, 0] |     2 | 242/273/1 185/224/1 0/530/0 0/530/0 | [5, 0] [1, 0] |    0  564     4 |   5.0  11.0 |
     91 |  1   0 | [1, 1] [0, 0] [0, 0] |     2 | 242/270/1 185/224/1 0/530/0 0/530/0 | [5, 0] [1, 0] |    0  564     4 |   5.0  11.0 |
     91 |  1   0 | [1, 1] [0, 0] [0, 0] |     2 | 242/266/1 185/224/1 0/530/0 0/530/0 | [5, 0] [1, 0] |    0  564     4 |   5.0  11.0 |
     91 |  1   0 | [1, 1] [0, 0] [0, 0] |     2 | 242/263/1 185/224/1 0/530/0 0/530/0 | [5, 0] [1, 0] |    0  564     4 |   5.0  11.0 |
     91 |  1   0 | [1, 1] [0, 0] [0, 0] |     2 | 242/261/1 185/222/1 0/530/0 0/530/0 | [5, 0] [1, 0] |    0  564     4 |   5.0  11.0 |
     91 |  1   0 | [1, 1] [0, 0] [0, 0] |     2 | 242/261/1 185/219/1 0/530/0 0/530/0 | [5, 0] [1, 0] |    0  564     4 |   5.0  11.0 |
     91 |  1   0 | [1, 1] [0, 0] [0, 0] |     2 | 222/261/1 165/215/1 0/530/0 0/530/0 | [5, 0] [1, 0] |    0  564     5 |   5.0  11.0 |
     92 |  1   0 | [1, 1] [0, 0] [0, 0] |     2 | 222/261/1 165/212/1 0/530/0 0/530/0 | [5, 0] [1, 0] |    0  564     5 |   5.0  11.0 |
     92 |  1   0 | [1, 1] [0, 0] [0, 0] |     2 | 222/261/1 165/208/1 0/530/0 0/530/0 | [5, 0] [1, 0] |    0  564     5 |   5.0  11.0 |
     92 |  1   0 | [1, 1] [0, 0] [0, 0] |     2 | 222/261/1 165/205/1 0/530/0 0/530/0 | [5, 0] [1, 0] |    0  564     5 |   5.0  11.0 |
     92 |  1   0 | [1, 1] [0, 0] [0, 0] |     2 | 222/261/1 165/201/1 0/530/0 0/530/0 | [5, 0] [1, 0] |    0  564     5 |   5.0  11.0 |
     92 |  1   0 | [1, 1] [0, 0] [0, 0] |     2 | 222/261/1 165/198/1 0/530/0 0/530/0 | [5, 0] [1, 0] |    0  564     5 |   5.0  11.0 |
     92 |  1   0 | [1, 1] [0, 0] [0, 0] |     2 | 222/261/1 165/194/1 0/530/0 0/530/0 | [5, 0] [1, 0] |    0  564     5 |   5.0  11.0 |
     92 |  1   0 | [1, 1] [0, 0] [0, 0] |     2 | 222/261/1 165/191/1 0/530/0 0/530/0 | [5, 0] [1, 0] |    0  564     5 |   5.0  11.0 |
     92 |  1   0 | [1, 1] [0, 0] [0, 0] |     2 | 202/261/1 145/187/1 0/530/0 0/530/0 | [5, 0] [1, 0] |    0  564     6 |   5.0  11.0 |
     93 |  1   0 | [1, 1] [0, 0] [0, 0] |     2 | 202/261/1 145/184/1 0/530/0 0/530/0 | [5, 0] [1, 0] |    0  564     6 |   5.0  11.0 |
     93 |  1   0 | [1, 1] [0, 0] [0, 0] |     2 | 202/258/1 145/183/1 0/530/0 0/530/0 | [5, 0] [1, 0] |    0  564     6 |   5.0  11.0 |
     93 |  1   0 | [1, 1] [0, 0] [0, 0] |     2 | 202/255/1 145/183/1 0/530/0 0/530/0 | [5, 0] [1, 0] |    0  564     6 |   5.0  11.0 |
     93 |  1   0 | [1, 1] [0, 0] [0, 0] |     2 | 202/251/1 145/183/1 0/530/0 0/530/0 | [5, 0] [1, 0] |    0  564     6 |   5.0  11.0 |
     93 |  1   0 | [1, 1] [0, 0] [0, 0] |     2 | 202/248/1 145/183/1 0/530/0 0/530/0 | [5, 0] [1, 0] |    0  564     6 |   5.0  11.0 |
     93 |  1   0 | [1, 1] [0, 0] [0, 0] |     2 | 202/244/1 145/183/1 0/530/0 0/530/0 | [5, 0] [1, 0] |    0  564     6 |   5.0  11.0 |
     93 |  1   0 | [1, 1] [0, 0] [0, 0] |     2 | 202/241/1 145/183/1 0/530/0 0/530/0 | [5, 0] [1, 0] |    0  564     6 |   5.0  11.0 |
     93 |  1   0 | [1, 1] [0, 0] [0, 0] |     2 | 182/237/1 125/183/1 0/530/0 0/530/0 | [5, 0] [1, 0] |    0  564     7 |   5.0  11.0 |
     94 |  1   0 | [1, 1] [0, 0] [0, 0] |     2 | 182/234/1 125/183/1 0/530/0 0/530/0 | [5, 0] [1, 0] |    0  564     7 |   5.0  11.0 |
     94 |  1   0 | [1, 1] [0, 0] [0, 0] |     2 | 182/230/1 125/183/1 0/530/0 0/530/0 | [5, 0] [1, 0] |    0  564     7 |   5.0  11.0 |
     94 |  1   0 | [1, 1] [0, 0] [0, 0] |     2 | 182/227/1 125/183/1 0/530/0 0/530/0 | [5, 0] [1, 0] |    0  564     7 |   5.0  11.0 |
     94 |  1   0 | [1, 1] [0, 0] [0, 0] |     2 | 182/223/1 125/183/1 0/530/0 0/530/0 | [5, 0] [1, 0] |    0  564     7 |   5.0  11.0 |
     94 |  1   0 | [1, 1] [0, 0] [0, 0] |     2 | 182/220/1 125/183/1 0/530/0 0/530/0 | [5, 0] [1, 0] |    0  564     7 |   5.0  11.0 |
     94 |  1   0 | [1, 1] [0, 0] [0, 0] |     2 | 182/220/1 125/179/1 0/530/0 0/530/0 | [5, 0] [1, 0] |    0  564     7 |   5.0  11.0 |
     94 |  1   0 | [1, 1] [0, 0] [0, 0] |     2 | 182/220/1 125/175/1 0/530/0 0/530/0 | [5, 0] [1, 0] |    0  564     7 |   5.0  11.0 |
     94 |  1   0 | [1, 1] [0, 0] [0, 0] |     2 | 162/220/1 105/172/1 0/530/0 0/530/0 | [5, 0] [1, 0] |    0  564     8 |   5.0  11.0 |
     95 |  1   0 | [1, 1] [0, 0] [0, 0] |     2 | 162/220/1 105/169/1 0/530/0 0/530/0 | [5, 0] [1, 0] |    0  564     8 |   5.0  11.0 |
     95 |  1   0 | [1, 1] [0, 0] [0, 0] |     2 | 162/220/1 105/165/1 0/530/0 0/530/0 | [5, 0] [1, 0] |    0  564     8 |   5.0  11.0 |
     95 |  1   0 | [1, 1] [0, 0] [0, 0] |     2 | 162/220/1 105/162/1 0/530/0 0/530/0 | [5, 0] [1, 0] |    0  564     8 |   5.0  11.0 |
     95 |  1   0 | [1, 1] [0, 0] [0, 0] |     2 | 162/220/1 105/158/1 0/530/0 0/530/0 | [5, 0] [1, 0] |    0  564     8 |   5.0  11.0 |
     95 |  1   0 | [1, 1] [0, 0] [0, 0] |     2 | 162/220/1 105/155/1 0/530/0 0/530/0 | [5, 0] [1, 0] |    0  564     8 |   5.0  11.0 |
     95 |  1   0 | [1, 1] [0, 0] [0, 0] |     2 | 162/220/1 105/151/1 0/530/0 0/530/0 | [5, 0] [1, 0] |    0  564     8 |   5.0  11.0 |
     95 |  1   0 | [1, 1] [0, 0] [0, 0] |     2 | 162/220/1 105/147/1 0/530/0 0/530/0 | [5, 0] [1, 0] |    0  564     8 |   5.0  11.0 |
     95 |  1   0 | [1, 1] [0, 0] [0, 0] |     2 | 142/220/1 85/144/1 0/530/0 0/530/0 | [5, 0] [1, 0] |    0  564     9 |   5.0  11.0 |
     96 |  1   0 | [1, 1] [0, 0] [0, 0] |     2 | 142/218/1 85/142/1 0/530/0 0/530/0 | [5, 0] [1, 0] |    0  564     9 |   5.0  11.0 |
     96 |  1   0 | [1, 1] [0, 0] [0, 0] |     2 | 142/215/1 85/142/1 0/530/0 0/530/0 | [5, 0] [1, 0] |    0  564     9 |   5.0  11.0 |
     96 |  1   0 | [1, 1] [0, 0] [0, 0] |     2 | 142/211/1 85/142/1 0/530/0 0/530/0 | [5, 0] [1, 0] |    0  564     9 |   5.0  11.0 |
     96 |  1   0 | [1, 1] [0, 0] [0, 0] |     2 | 142/208/1 85/142/1 0/530/0 0/530/0 | [5, 0] [1, 0] |    0  564     9 |   5.0  11.0 |
     96 |  1   0 | [1, 1] [0, 0] [0, 0] |     2 | 142/204/1 85/142/1 0/530/0 0/530/0 | [5, 0] [1, 0] |    0  564     9 |   5.0  11.0 |
     96 |  1   0 | [1, 1] [0, 0] [0, 0] |     2 | 142/201/1 85/142/1 0/530/0 0/530/0 | [5, 0] [1, 0] |    0  564     9 |   5.0  11.0 |
     96 |  1   0 | [1, 1] [0, 0] [0, 0] |     2 | 142/197/1 85/142/1 0/530/0 0/530/0 | [5, 0] [1, 0] |    0  564     9 |   5.0  11.0 |
     96 |  1   0 | [1, 1] [0, 0] [0, 0] |     2 | 122/194/1 65/142/1 0/530/0 0/530/0 | [5, 0] [1, 0] |    0  564    10 |   5.0  11.0 |
     97 |  1   0 | [1, 1] [0, 0] [0, 0] |     2 | 122/190/1 65/142/1 0/530/0 0/530/0 | [5, 0] [1, 0] |    0  564    10 |   5.0  11.0 |
     97 |  1   0 | [1, 1] [0, 0] [0, 0] |     2 | 122/187/1 65/142/1 0/530/0 0/530/0 | [5, 0] [1, 0] |    0  564    10 |   5.0  11.0 |
     97 |  1   0 | [1, 1] [0, 0] [0, 0] |     2 | 122/183/1 65/142/1 0/530/0 0/530/0 | [5, 0] [1, 0] |    0  564    10 |   5.0  11.0 |
     97 |  1   0 | [1, 1] [0, 0] [0, 0] |     2 | 122/180/1 65/142/1 0/530/0 0/530/0 | [5, 0] [1, 0] |    0  564    10 |   5.0  11.0 |
     97 |  1   0 | [1, 1] [0, 0] [0, 0] |     2 | 122/178/1 65/139/1 0/530/0 0/530/0 | [5, 0] [1, 0] |    0  564    10 |   5.0  11.0 |
     97 |  1   0 | [1, 1] [0, 0] [0, 0] |     2 | 122/178/1 65/136/1 0/530/0 0/530/0 | [5, 0] [1, 0] |    0  564    10 |   5.0  11.0 |
     97 |  1   0 | [1, 1] [0, 0] [0, 0] |     2 | 122/178/1 65/132/1 0/530/0 0/530/0 | [5, 0] [1, 0] |    0  564    10 |   5.0  11.0 |
     97 |  1   0 | [1, 1] [0, 0] [0, 0] |     2 | 122/178/1 65/129/1 0/530/0 0/530/0 | [5, 0] [1, 0] |    0  564    10 |   5.0  11.0 |
     97 |  1   0 | [1, 1] [0, 0] [0, 0] |     2 | 102/178/1 45/125/1 0/530/0 0/530/0 | [5, 0] [1, 0] |    0  564    11 |   5.0  11.0 |
     98 |  1   0 | [1, 1] [0, 0] [0, 0] |     2 | 102/178/1 45/122/1 0/530/0 0/530/0 | [5, 0] [1, 0] |    0  564    11 |   5.0  11.0 |
     98 |  1   0 | [1, 1] [0, 0] [0, 0] |     2 | 102/178/1 45/118/1 0/530/0 0/530/0 | [5, 0] [1, 0] |    0  564    11 |   5.0  11.0 |
     98 |  1   0 | [1, 1] [0, 0] [0, 0] |     2 | 102/178/1 45/115/1 0/530/0 0/530/0 | [5, 0] [1, 0] |    0  564    11 |   5.0  11.0 |
     98 |  1   0 | [1, 1] [0, 0] [0, 0] |     2 | 102/178/1 45/111/1 0/530/0 0/530/0 | [5, 0] [1, 0] |    0  564    11 |   5.0  11.0 |
     98 |  1   0 | [1, 1] [0, 0] [0, 0] |     2 | 102/178/1 45/108/1 0/530/0 0/530/0 | [5, 0] [1, 0] |    0  564    11 |   5.0  11.0 |
     98 |  1   0 | [1, 1] [0, 0] [0, 0] |     2 | 102/178/1 45/104/1 0/530/0 0/530/0 | [5, 0] [1, 0] |    0  564    11 |   5.0  11.0 |
     98 |  1   0 | [1, 1] [0, 0] [0, 0] |     2 | 102/178/1 45/101/1 0/530/0 0/530/0 | [5, 0] [1, 0] |    0  564    11 |   5.0  11.0 |
     98 |  1   0 | [1, 1] [0, 0] [0, 0] |     2 | 82/174/1 25/101/1 0/530/0 0/530/0 | [5, 0] [1, 0] |    0  564    12 |   5.0  11.0 |
     99 |  1   0 | [1, 1] [0, 0] [0, 0] |     2 | 82/171/1 25/101/1 0/530/0 0/530/0 | [5, 0] [1, 0] |    0  564    12 |   5.0  11.0 |
     99 |  1   0 | [1, 1] [0, 0] [0, 0] |     2 | 82/167/1 25/101/1 0/530/0 0/530/0 | [5, 0] [1, 0] |    0  564    12 |   5.0  11.0 |
     99 |  1   0 | [1, 1] [0, 0] [0, 0] |     2 | 82/164/1 25/101/1 0/530/0 0/530/0 | [5, 0] [1, 0] |    0  564    12 |   5.0  11.0 |
     99 |  1   0 | [1, 1] [0, 0] [0, 0] |     2 | 82/160/1 25/101/1 0/530/0 0/530/0 | [5, 0] [1, 0] |    0  564    12 |   5.0  11.0 |
     99 |  1   0 | [1, 1] [0, 0] [0, 0] |     2 | 82/157/1 25/101/1 0/530/0 0/530/0 | [5, 0] [1, 0] |    0  564    12 |   5.0  11.0 |
     99 |  1   0 | [1, 1] [0, 0] [0, 0] |     2 | 82/153/1 25/101/1 0/530/0 0/530/0 | [5, 0] [1, 0] |    0  564    12 |   5.0  11.0 |
     99 |  1   0 | [1, 1] [0, 0] [0, 0] |     2 | 82/150/1 25/101/1 0/530/0 0/530/0 | [5, 0] [1, 0] |    0  564    12 |   5.0  11.0 |
     99 |  1   0 | [1, 1] [0, 0] [0, 0] |     2 | 62/146/1 5/101/1 0/530/0 0/530/0 | [5, 0] [1, 0] |    0  564    13 |   5.0  11.0 |
    100 |  1   0 | [1, 1] [0, 0] [0, 0] |     2 | 62/143/1 5/101/1 0/530/0 0/530/0 | [5, 0] [1, 0] |    0  564    13 |   5.0  11.0 |
    100 |  1   0 | [1, 1] [0, 0] [0, 0] |     2 | 62/139/1 5/101/1 0/530/0 0/530/0 | [5, 0] [1, 0] |    0  564    13 |   5.0  11.0 |
    100 |  1   0 | [1, 1] [0, 0] [0, 0] |     2 | 62/136/1 5/100/1 0/530/0 0/530/0 | [5, 0] [1, 0] |    0  564    13 |   5.0  11.0 |
    100 |  1   0 | [1, 1] [0, 0] [0, 0] |     2 | 62/136/1 5/96/1 0/530/0 0/530/0 | [5, 0] [1, 0] |    0  564    13 |   5.0  11.0 |
    100 |  1   0 | [1, 1] [0, 0] [0, 0] |     2 | 62/136/1 5/93/1 0/530/0 0/530/0 | [5, 0] [1, 0] |    0  564    13 |   5.0  11.0 |
    100 |  1   0 | [1, 1] [0, 0] [0, 0] |     2 | 62/136/1 5/89/1 0/530/0 0/530/0 | [5, 0] [1, 0] |    0  564    13 |   5.0  11.0 |
    100 |  1   0 | [1, 1] [0, 0] [0, 0] |     2 | 62/136/1 5/86/1 0/530/0 0/530/0 | [5, 0] [1, 0] |    0  564    13 |   5.0  11.0 |
    100 |  1   0 | [1, 1] [0, 0] [0, 0] |     2 | 42/136/1 0/82/1 0/530/0 0/530/0 | [5, 0] [1, 0] |    0  564    14 |   5.0  11.0 |
    101 |  1   0 | [1, 1] [0, 0] [0, 0] |     2 | 42/136/1 0/79/1 0/530/0 0/530/0 | [5, 0] [1, 0] |    0  564    14 |   5.0  11.0 |
    101 |  1   0 | [1, 1] [0, 0] [0, 0] |     2 | 42/136/1 0/75/1 0/530/0 0/530/0 | [5, 0] [1, 0] |    0  564    14 |   5.0  11.0 |
    101 |  1   0 | [1, 1] [0, 0] [0, 0] |     2 | 42/136/1 0/72/1 0/530/0 0/530/0 | [5, 0] [1, 0] |    0  564    14 |   5.0  11.0 |
    101 |  1   0 | [1, 1] [0, 0] [0, 0] |     2 | 42/136/1 0/68/1 0/530/0 0/530/0 | [5, 0] [1, 0] |    0  564    14 |   5.0  11.0 |
    101 |  1   0 | [1, 1] [0, 0] [0, 0] |     2 | 42/136/1 0/65/1 0/530/0 0/530/0 | [5, 0] [1, 0] |    0  564    14 |   5.0  11.0 |
    101 |  1   0 | [1, 1] [0, 0] [0, 0] |     2 | 42/136/1 0/61/1 0/530/0 0/530/0 | [5, 0] [1, 0] |    0  564    14 |   5.0  11.0 |
    101 |  1   0 | [1, 1] [0, 0] [0, 0] |     2 | 42/134/1 0/59/1 0/530/0 0/530/0 | [5, 0] [1, 0] |    0  564    14 |   5.0  11.0 |
    101 |  1   0 | [1, 1] [0, 0] [0, 0] |     2 | 22/131/1 0/59/1 0/530/0 0/530/0 | [5, 0] [1, 0] |    0  564    15 |   5.0  11.0 |
    102 |  1   0 | [1, 1] [0, 0] [0, 0] |     2 | 22/127/1 0/59/1 0/530/0 0/530/0 | [5, 0] [1, 0] |    0  564    15 |   5.0  11.0 |
    102 |  1   0 | [1, 1] [0, 0] [0, 0] |     2 | 22/124/1 0/59/1 0/530/0 0/530/0 | [5, 0] [1, 0] |    0  564    15 |   5.0  11.0 |
    102 |  1   0 | [1, 1] [0, 0] [0, 0] |     2 | 22/120/1 0/59/1 0/530/0 0/530/0 | [5, 0] [1, 0] |    0  564    15 |   5.0  11.0 |
    102 |  1   0 | [1, 1] [0, 0] [0, 0] |     2 | 22/117/1 0/59/1 0/530/0 0/530/0 | [5, 0] [1, 0] |    0  564    15 |   5.0  11.0 |
    102 |  1   0 | [1, 1] [0, 0] [0, 0] |     2 | 22/113/1 0/59/1 0/530/0 0/530/0 | [5, 0] [1, 0] |    0  564    15 |   5.0  11.0 |
    102 |  1   0 | [1, 1] [0, 0] [0, 0] |     2 | 22/110/1 0/59/1 0/530/0 0/530/0 | [5, 0] [1, 0] |    0  564    15 |   5.0  11.0 |
    102 |  1   0 | [1, 1] [0, 0] [0, 0] |     2 | 22/106/1 0/59/1 0/530/0 0/530/0 | [5, 0] [1, 0] |    0  564    15 |   5.0  11.0 |
    102 |  1   0 | [1, 1] [0, 0] [0, 0] |     2 | 22/103/1 0/59/1 0/530/0 0/530/0 | [5, 0] [1, 0] |    0  564    15 |   5.0  11.0 |
    102 |  1   0 | [1, 1] [0, 0] [0, 0] |     2 | 2/99/1 0/59/1 0/530/0 0/530/0 | [5, 0] [1, 0] |    0  564    16 |   5.0  11.0 |
    103 |  1   0 | [1, 1] [0, 0] [0, 0] |     2 | 2/96/1 0/59/1 0/530/0 0/530/0 | [5, 0] [1, 0] |    0  564    16 |   5.0  11.0 |
    103 |  1   0 | [1, 1] [0, 0] [0, 0] |     2 | 2/95/1 0/56/1 0/530/0 0/530/0 | [5, 0] [1, 0] |    0  564    16 |   5.0  11.0 |
    103 |  1   0 | [1, 1] [0, 0] [0, 0] |     2 | 2/95/1 0/53/1 0/530/0 0/530/0 | [5, 0] [1, 0] |    0  564    16 |   5.0  11.0 |
    103 |  1   0 | [1, 1] [0, 0] [0, 0] |     2 | 2/95/1 0/49/1 0/530/0 0/530/0 | [5, 0] [1, 0] |    0  564    16 |   5.0  11.0 |
    103 |  1   0 | [1, 1] [0, 0] [0, 0] |     2 | 2/95/1 0/46/1 0/530/0 0/530/0 | [5, 0] [1, 0] |    0  564    16 |   5.0  11.0 |
    103 |  1   0 | [1, 1] [0, 0] [0, 0] |     2 | 2/95/1 0/42/1 0/530/0 0/530/0 | [5, 0] [1, 0] |    0  564    16 |   5.0  11.0 |
    103 |  1   0 | [1, 1] [0, 0] [0, 0] |     2 | 2/95/1 0/39/1 0/530/0 0/530/0 | [5, 0] [1, 0] |    0  564    16 |   5.0  11.0 |
    103 |  1   0 | [1, 1] [0, 0] [0, 0] |     2 | 0/95/1 0/35/1 0/530/0 0/530/0 | [5, 0] [1, 0] |    0  564    17 |   5.0  11.0 |
    104 |  1   0 | [1, 1] [0, 0] [0, 0] |     2 | 0/95/1 0/32/1 0/530/0 0/530/0 | [5, 0] [1, 0] |    0  564    17 |   5.0  11.0 |
    104 |  1   0 | [1, 1] [0, 0] [0, 0] |     2 | 0/95/1 0/28/1 0/530/0 0/530/0 | [5, 0] [1, 0] |    0  564    17 |   5.0  11.0 |
    104 |  1   0 | [1, 1] [0, 0] [0, 0] |     2 | 0/95/1 0/25/1 0/530/0 0/530/0 | [5, 0] [1, 0] |    0  564    17 |   5.0  11.0 |
    104 |  1   0 | [1, 1] [0, 0] [0, 0] |     2 | 0/95/1 0/21/1 0/530/0 0/530/0 | [5, 0] [1, 0] |    0  564    17 |   5.0  11.0 |
    104 |  1   0 | [1, 1] [0, 0] [0, 0] |     2 | 0/95/1 0/18/1 0/530/0 0/530/0 | [5, 0] [1, 0] |    0  564    17 |   5.0  11.0 |
    104 |  1   0 | [1, 1] [0, 0] [0, 0] |     2 | 0/92/1 0/18/1 0/530/0 0/530/0 | [5, 0] [1, 0] |    0  564    17 |   5.0  11.0 |
    104 |  1   0 | [1, 1] [0, 0] [0, 0] |     2 | 0/88/1 0/18/1 0/530/0 0/530/0 | [5, 0] [1, 0] |    0  564    17 |   5.0  11.0 |
    104 |  1   0 | [1, 1] [0, 0] [0, 0] |     2 | 0/85/1 0/18/1 0/530/0 0/530/0 | [5, 0] [1, 0] |    0  564    18 |   5.0  11.0 |
    105 |  1   0 | [1, 1] [0, 0] [0, 0] |     2 | 0/81/1 0/18/1 0/530/0 0/530/0 | [5, 0] [1, 0] |    0  564    18 |   5.0  11.0 |
    105 |  1   0 | [1, 1] [0, 0] [0, 0] |     2 | 0/78/1 0/18/1 0/530/0 0/530/0 | [5, 0] [1, 0] |    0  564    18 |   5.0  11.0 |
    105 |  1   0 | [1, 1] [0, 0] [0, 0] |     2 | 0/74/1 0/18/1 0/530/0 0/530/0 | [5, 0] [1, 0] |    0  564    18 |   5.0  11.0 |
    105 |  1   0 | [1, 1] [0, 0] [0, 0] |     2 | 0/71/1 0/18/1 0/530/0 0/530/0 | [5, 0] [1, 0] |    0  564    18 |   5.0  11.0 |
    105 |  1   0 | [1, 1] [0, 0] [0, 0] |     2 | 0/67/1 0/18/1 0/530/0 0/530/0 | [5, 0] [1, 0] |    0  564    18 |   5.0  11.0 |
    105 |  1   0 | [1, 1] [0, 0] [0, 0] |     2 | 0/64/1 0/18/1 0/530/0 0/530/0 | [5, 0] [1, 0] |    0  564    18 |   5.0  11.0 |
    105 |  1   0 | [1, 1] [0, 0] [0, 0] |     2 | 0/61/1 0/18/1 0/530/0 0/530/0 | [5, 0] [1, 0] |    0  564    18 |   5.0  11.0 |
    105 |  1   0 | [1, 1] [0, 0] [0, 0] |     2 | 0/57/1 0/18/1 0/530/0 0/530/0 | [5, 0] [1, 0] |    0  564    19 |   5.0  11.0 |
    106 |  1   0 | [1, 1] [0, 0] [0, 0] |     2 | 0/54/1 0/17/1 0/530/0 0/530/0 | [5, 0] [1, 0] |    0  564    19 |   5.0  11.0 |
    106 |  1   0 | [1, 1] [0, 0] [0, 0] |     2 | 0/54/1 0/14/1 0/530/0 0/530/0 | [5, 0] [1, 0] |    0  564    19 |   5.0  11.0 |
    106 |  1   0 | [1, 1] [0, 0] [0, 0] |     2 | 0/54/1 0/10/1 0/530/0 0/530/0 | [5, 0] [1, 0] |    0  564    19 |   5.0  11.0 |
    106 |  1   0 | [1, 1] [0, 0] [0, 0] |     2 | 0/54/1 0/7/1 0/530/0 0/530/0  | [5, 0] [1, 0] |    0  564    19 |   5.0  11.0 |
    106 |  1   0 | [1, 1] [0, 0] [0, 0] |     2 | 0/54/1 0/3/1 0/530/0 0/530/0  | [5, 0] [1, 0] |    0  564    19 |   5.0  11.0 |
    106 |  1   0 | [1, 1] [0, 0] [0, 0] |     2 | 0/54/1 0/0/0 0/530/0 0/530/0  | [5, 0] [1, 0] |    0  564    19 |   5.0  11.0 |
    106 |  1   0 | [1, 1] [0, 0] [0, 0] |     2 | 0/54/1 0/0/0 0/530/0 0/530/0  | [5, 0] [1, 0] |    0  564    20 |   5.0  11.0 |
    107 |  1   0 | [1, 1] [0, 0] [0, 0] |     2 | 0/52/1 0/0/0 0/530/0 0/530/0  | [5, 0] [1, 0] |    0  564    20 |   5.0  11.0 |
    107 |  1   0 | [1, 1] [0, 0] [0, 0] |     2 | 0/49/1 0/0/0 0/530/0 0/530/0  | [5, 0] [1, 0] |    0  564    20 |   5.0  11.0 |
    107 |  1   0 | [1, 1] [0, 0] [0, 0] |     2 | 0/46/1 0/0/0 0/530/0 0/530/0  | [5, 0] [1, 0] |    0  564    20 |   5.0  11.0 |
    107 |  1   0 | [1, 1] [0, 0] [0, 0] |     2 | 0/42/1 0/0/0 0/530/0 0/530/0  | [5, 0] [1, 0] |    0  564    20 |   5.0  11.0 |
    107 |  1   0 | [1, 1] [0, 0] [0, 0] |     2 | 0/39/1 0/0/0 0/530/0 0/530/0  | [5, 0] [1, 0] |    0  564    21 |   5.0  11.0 |
    108 |  1   0 | [1, 1] [0, 0] [0, 0] |     2 | 0/35/1 0/0/0 0/530/0 0/530/0  | [5, 0] [1, 0] |    0  564    21 |   5.0  11.0 |
    108 |  1   0 | [1, 1] [0, 0] [0, 0] |     2 | 0/32/1 0/0/0 0/530/0 0/530/0  | [5, 0] [1, 0] |    0  564    21 |   5.0  11.0 |
    108 |  1   0 | [1, 1] [0, 0] [0, 0] |     2 | 0/28/1 0/0/0 0/530/0 0/530/0  | [5, 0] [1, 0] |    0  564    21 |   5.0  11.0 |
    108 |  1   0 | [1, 1] [0, 0] [0, 0] |     2 | 0/25/1 0/0/0 0/530/0 0/530/0  | [5, 0] [1, 0] |    0  564    21 |   5.0  11.0 |
    108 |  1   0 | [1, 1] [0, 0] [0, 0] |     2 | 0/22/1 0/0/0 0/530/0 0/530/0  | [5, 0] [1, 0] |    0  564    21 |   5.0  11.0 |
    108 |  1   0 | [1, 1] [0, 0] [0, 0] |     2 | 0/18/1 0/0/0 0/530/0 0/530/0  | [5, 0] [1, 0] |    0  564    21 |   5.0  11.0 |
    108 |  1   0 | [1, 1] [0, 0] [0, 0] |     2 | 0/15/1 0/0/0 0/530/0 0/530/0  | [5, 0] [1, 0] |    0  564    21 |   5.0  11.0 |
    108 |  1   0 | [1, 1] [0, 0] [0, 0] |     2 | 0/11/1 0/0/0 0/530/0 0/530/0  | [5, 0] [1, 0] |    0  564    22 |   5.0  11.0 |
    109 |  1   0 | [1, 1] [0, 0] [0, 0] |     2 | 0/8/1 0/0/0 0/530/0 0/530/0   | [5, 0] [1, 0] |    0  564    22 |   5.0  11.0 |
    109 |  1   0 | [1, 1] [0, 0] [0, 0] |     2 | 0/4/1 0/0/0 0/530/0 0/530/0   | [5, 0] [1, 0] |    0  564    22 |   5.0  11.0 |
    109 |  1   0 | [1, 1] [0, 0] [0, 0] |     2 | 0/1/1 0/0/0 0/530/0 0/530/0   | [5, 0] [1, 0] |    0  564    22 |   5.0  11.0 |
    109 |  1   0 | [1, 1] [0, 0] [0, 0] |     2 | 0/0/0 0/0/0 0/530/0 0/530/0   | [5, 0] [1, 0] |    0  564    22 |   5.0  11.0 |
    109 |  1   0 | [1, 1] [0, 0] [0, 0] |     2 | 0/0/0 0/0/0 0/530/0 0/530/0   | [5, 0] [1, 0] |    0  564    23 |   5.0  11.0 |
    110 |  1   0 | [1, 1] [0, 0] [0, 0] |     2 | 0/0/0 0/0/0 0/530/0 0/530/0   | [5, 0] [1, 0] |    0  564    24 |   5.0  11.0 |
    111 |  1   0 | [1, 1] [0, 0] [0, 0] |     2 | 0/0/0 0/0/0 0/530/0 0/530/0   | [5, 0] [1, 0] |    0  564    25 |   5.0  11.0 |
    113 |  1   0 | [1, 1] [0, 0] [0, 0] |     2 | 0/0/0 0/0/0 0/530/0 0/530/0   | [5, 0] [1, 0] |    0  564    26 |   5.0  11.0 |
    113 |  1   0 | [1, 1] [0, 0] [0, 0] |     2 | 0/0/0 0/0/0 0/530/0 0/530/0   | [5, 0] [1, 0] |    0  564    27 |   5.0  11.0 |
    114 |  1   0 | [1, 1] [0, 0] [0, 0] |     2 | 0/0/0 0/0/0 0/530/0 0/530/0   | [5, 0] [1, 0] |    0  564    28 |   5.0  11.0 |
    115 |  1   0 | [1, 1] [0, 0] [0, 0] |     2 | 0/0/0 0/0/0 0/530/0 0/530/0   | [5, 0] [1, 0] |    0  564    29 |   5.0  11.0 |
    116 |  1   0 | [1, 1] [0, 0] [0, 0] |     2 | 0/0/0 0/0/0 0/530/0 0/530/0   | [5, 0] [1, 0] |    0  564    30 |   5.0  11.0 |
    117 |  1   0 | [1, 1] [0, 0] [0, 0] |     2 | 0/0/0 0/0/0 0/530/0 0/530/0   | [5, 0] [1, 0] |    0  564    31 |   5.0  11.0 |
    118 |  1   0 | [1, 1] [0, 0] [0, 0] |     2 | 0/0/0 0/0/0 0/530/0 0/530/0   | [5, 0] [1, 0] |    0  564    32 |   5.0  11.0 |
    120 |  1   0 | [1, 1] [0, 0] [0, 0] |     2 | 0/0/0 0/0/0 0/530/0 0/530/0   | [5, 0] [1, 0] |    0  564    33 |   5.0  11.0 |
    120 |  1   0 | [1, 1] [0, 0] [0, 0] |     2 | 0/0/0 0/0/0 0/530/0 0/530/0   | [5, 0] [1, 0] |    0  564    34 |   5.0  11.0 |
    121 |  1   0 | [1, 1] [0, 0] [0, 0] |     2 | 0/0/0 0/0/0 0/530/0 0/530/0   | [5, 0] [1, 0] |    0  564    35 |   5.0  11.0 |
    123 |  1   0 | [1, 1] [0, 0] [0, 0] |     2 | 0/0/0 0/0/0 0/530/0 0/530/0   | [5, 0] [1, 0] |    0  564    36 |   5.0  11.0 |
    123 |  1   0 | [1, 1] [0, 0] [0, 0] |     2 | 0/0/0 0/0/0 0/530/0 0/530/0   | [5, 0] [1, 0] |    0  564    37 |   5.0  11.0 |
    124 |  1   0 | [1, 1] [0, 0] [0, 0] |     2 | 0/0/0 0/0/0 0/530/0 0/530/0   | [5, 0] [1, 0] |    0  564    38 |   5.0  11.0 |
    125 |  1   0 | [1, 1] [0, 0] [0, 0] |     2 | 0/0/0 0/0/0 0/530/0 0/530/0   | [5, 0] [1, 0] |    0  564    39 |   5.0  11.0 |
    126 |  1   0 | [1, 1] [0, 0] [0, 0] |     2 | 0/0/0 0/0/0 0/530/0 0/530/0   | [5, 0] [1, 0] |    0  564    40 |   5.0  11.0 |
    127 |  1   0 | [1, 1] [0, 0] [0, 0] |     2 | 0/0/0 0/0/0 0/530/0 0/530/0   | [5, 0] [1, 0] |    0  564    41 |   5.0  11.0 |
    128 |  1   0 | [1, 1] [0, 0] [0, 0] |     2 | 0/0/0 0/0/0 0/530/0 0/530/0   | [5, 0] [1, 0] |    0  564    42 |   5.0  11.0 |
    130 |  1   0 | [1, 1] [0, 0] [0, 0] |     2 | 0/0/0 0/0/0 0/530/0 0/530/0   | [5, 0] [1, 0] |    0  564    43 |   5.0  11.0 |
    130 |  1   0 | [1, 1] [0, 0] [0, 0] |     2 | 0/0/0 0/0/0 0/530/0 0/530/0   | [5, 0] [1, 0] |    0  564    44 |   5.0  11.0 |
    131 |  1   0 | [1, 1] [0, 0] [0, 0] |     2 | 0/0/0 0/0/0 0/530/0 0/530/0   | [5, 0] [1, 0] |    0  564    45 |   5.0  11.0 |
    132 |  1   0 | [1, 1] [0, 0] [0, 0] |     2 | 0/0/0 0/0/0 0/530/0 0/530/0   | [5, 0] [1, 0] |    0  564    46 |   5.0  11.0 |
    133 |  1   0 | [1, 1] [0, 0] [0, 0] |     2 | 0/0/0 0/0/0 0/530/0 0/530/0   | [5, 0] [1, 0] |    0  564    47 |   5.0  11.0 |
    134 |  1   0 | [1, 1] [0, 0] [0, 0] |     2 | 0/0/0 0/0/0 0/530/0 0/530/0   | [5, 0] [1, 0] |    0  564    48 |   5.0  11.0 |
    135 |  1   0 | [1, 1] [0, 0] [0, 0] |     2 | 0/0/0 0/0/0 0/530/0 0/530/0   | [5, 0] [1, 0] |    0  564    49 |   5.0  11.0 |
    137 |  1   0 | [1, 1] [0, 0] [0, 0] |     2 | 0/0/0 0/0/0 0/530/0 0/530/0   | [5, 0] [1, 0] |    0  564    50 |   5.0  11.0 |
    137 |  1   0 | [1, 1] [0, 0] [0, 0] |     2 | 0/0/0 0/0/0 0/530/0 0/530/0   | [5, 0] [1, 0] |    0  564    51 |   5.0  11.0 |
    138 |  1   0 | [1, 1] [0, 0] [0, 0] |     2 | 0/0/0 0/0/0 0/530/0 0/530/0   | [5, 0] [1, 0] |    0  564    52 |   5.0  11.0 |
    140 |  1   0 | [1, 1] [0, 0] [0, 0] |     2 | 0/0/0 0/0/0 0/530/0 0/530/0   | [5, 0] [1, 0] |    0  564    53 |   5.0  11.0 |
    140 |  1   0 | [1, 1] [0, 0] [0, 0] |     2 | 0/0/0 0/0/0 0/530/0 0/530/0   | [5, 0] [1, 0] |    0  564    54 |   5.0  11.0 |
    141 |  1   0 | [1, 1] [0, 0] [0, 0] |     2 | 0/0/0 0/0/0 0/530/0 0/530/0   | [5, 0] [1, 0] |    0  564    55 |   5.0  11.0 |
    142 |  1   0 | [1, 1] [0, 0] [0, 0] |     2 | 0/0/0 0/0/0 0/530/0 0/530/0   | [5, 0] [1, 0] |    0  564    56 |   5.0  11.0 |
    144 |  1   0 | [1, 1] [0, 0] [0, 0] |     2 | 0/0/0 0/0/0 0/530/0 0/530/0   | [5, 0] [1, 0] |    0  564    57 |   5.0  11.0 |
    144 |  1   0 | [1, 1] [0, 0] [0, 0] |     2 | 0/0/0 0/0/0 0/530/0 0/530/0   | [5, 0] [1, 0] |    0  564    58 |   5.0  11.0 |
    145 |  1   0 | [1, 1] [0, 0] [0, 0] |     2 | 0/0/0 0/0/0 0/530/0 0/530/0   | [5, 0] [1, 0] |    0  564    59 |   5.0  11.0 |
    147 |  1   0 | [1, 1] [0, 0] [0, 0] |     2 | 0/0/0 0/0/0 0/530/0 0/530/0   | [5, 0] [1, 0] |    0  564    60 |   5.0  11.0 |
    147 |  1   0 | [1, 1] [0, 0] [0, 0] |     2 | 0/0/0 0/0/0 0/530/0 0/530/0   | [5, 0] [1, 0] |    0  564    61 |   5.0  11.0 |
    148 |  1   0 | [1, 1] [0, 0] [0, 0] |     2 | 0/0/0 0/0/0 0/530/0 0/530/0   | [5, 0] [1, 0] |    0  564    62 |   5.0  11.0 |
    149 |  1   0 | [1, 1] [0, 0] [0, 0] |     2 | 0/0/0 0/0/0 0/530/0 0/530/0   | [5, 0] [1, 0] |    0  564    63 |   5.0  11.0 |
    150 |  1   0 | [1, 1] [0, 0] [0, 0] |     2 | 0/0/0 0/0/0 0/530/0 0/530/0   | [5, 0] [1, 0] |    0  564    64 |   5.0  11.0 |
    151 |  1   0 | [1, 1] [0, 0] [0, 0] |     2 | 0/0/0 0/0/0 0/530/0 0/530/0   | [5, 0] [1, 0] |    0  564    65 |   5.0  11.0 |
    152 |  1   0 | [1, 1] [0, 0] [0, 0] |     2 | 0/0/0 0/0/0 0/530/0 0/530/0   | [5, 0] [1, 0] |    0  564    66 |   5.0  11.0 |
    154 |  1   0 | [1, 1] [0, 0] [0, 0] |     2 | 0/0/0 0/0/0 0/530/0 0/530/0   | [5, 0] [1, 0] |    0  564    67 |   5.0  11.0 |
    154 |  1   0 | [1, 1] [0, 0] [0, 0] |     2 | 0/0/0 0/0/0 0/530/0 0/530/0   | [5, 0] [1, 0] |    0  564    68 |   5.0  11.0 |
    155 |  1   0 | [1, 1] [0, 0] [0, 0] |     2 | 0/0/0 0/0/0 0/530/0 0/530/0   | [5, 0] [1, 0] |    0  564    69 |   5.0  11.0 |
    157 |  1   0 | [1, 1] [0, 0] [0, 0] |     2 | 0/0/0 0/0/0 0/530/0 0/530/0   | [5, 0] [1, 0] |    0  564    70 |   5.0  11.0 |
    157 |  1   0 | [1, 1] [0, 0] [0, 0] |     2 | 0/0/0 0/0/0 0/530/0 0/530/0   | [5, 0] [1, 0] |    0  564    71 |   5.0  11.0 |
    158 |  1   0 | [1, 1] [0, 0] [0, 0] |     2 | 0/0/0 0/0/0 0/530/0 0/530/0   | [5, 0] [1, 0] |    0  564    72 |   5.0  11.0 |
    159 |  1   0 | [1, 1] [0, 0] [0, 0] |     2 | 0/0/0 0/0/0 0/530/0 0/530/0   | [5, 0] [1, 0] |    0  564    73 |   5.0  11.0 |
    161 |  1   0 | [1, 1] [0, 0] [0, 0] |     2 | 0/0/0 0/0/0 0/530/0 0/530/0   | [5, 0] [1, 0] |    0  564    74 |   5.0  11.0 |
    161 |  1   0 | [1, 1] [0, 0] [0, 0] |     2 | 0/0/0 0/0/0 0/530/0 0/530/0   | [5, 0] [1, 0] |    0  564    75 |   5.0  11.0 |
    162 |  1   0 | [1, 1] [0, 0] [0, 0] |     2 | 0/0/0 0/0/0 0/530/0 0/530/0   | [5, 0] [1, 0] |    0  564    76 |   5.0  11.0 |
    164 |  1   0 | [1, 1] [0, 0] [0, 0] |     2 | 0/0/0 0/0/0 0/530/0 0/530/0   | [5, 0] [1, 0] |    0  564    77 |   5.0  11.0 |
    165 |  1   0 | [1, 1] [0, 0] [0, 0] |     2 | 0/0/0 0/0/0 0/530/0 0/530/0   | [5, 0] [1, 0] |    0  564    78 |   5.0  11.0 |
    165 |  1   0 | [1, 1] [0, 0] [0, 0] |     2 | 0/0/0 0/0/0 0/530/0 0/530/0   | [5, 0] [1, 0] |    0  564    79 |   5.0  11.0 |
    166 |  1   0 | [1, 1] [0, 0] [0, 0] |     2 | 0/0/0 0/0/0 0/530/0 0/530/0   | [5, 0] [1, 0] |    0  564    80 |   5.0  11.0 |
    168 |  1   0 | [1, 1] [0, 0] [0, 0] |     2 | 0/0/0 0/0/0 0/530/0 0/530/0   | [5, 0] [1, 0] |    0  564    81 |   5.0  11.0 |
    168 |  1   0 | [1, 1] [0, 0] [0, 0] |     2 | 0/0/0 0/0/0 0/530/0 0/530/0   | [5, 0] [1, 0] |    0  564    82 |   5.0  11.0 |
    169 |  1   0 | [1, 1] [0, 0] [0, 0] |     2 | 0/0/0 0/0/0 0/530/0 0/530/0   | [5, 0] [1, 0] |    0  564    83 |   5.0  11.0 |
    171 |  1   0 | [1, 1] [0, 0] [0, 0] |     2 | 0/0/0 0/0/0 0/530/0 0/530/0   | [5, 0] [1, 0] |    0  564    84 |   5.0  11.0 |
    171 |  1   0 | [1, 1] [0, 0] [0, 0] |     2 | 0/0/0 0/0/0 0/530/0 0/530/0   | [5, 0] [1, 0] |    0  564    85 |   5.0  11.0 |
    172 |  1   0 | [1, 1] [0, 0] [0, 0] |     2 | 0/0/0 0/0/0 0/530/0 0/530/0   | [5, 0] [1, 0] |    0  564    86 |   5.0  11.0 |
    173 |  1   0 | [1, 1] [0, 0] [0, 0] |     2 | 0/0/0 0/0/0 0/530/0 0/530/0   | [5, 0] [1, 0] |    0  564    87 |   5.0  11.0 |
    175 |  1   0 | [1, 1] [0, 0] [0, 0] |     2 | 0/0/0 0/0/0 0/530/0 0/530/0   | [5, 0] [1, 0] |    0  564    88 |   5.0  11.0 |
    176 |  1   0 | [1, 1] [0, 0] [0, 0] |     2 | 0/0/0 0/0/0 0/530/0 0/530/0   | [5, 0] [1, 0] |    0  564    89 |   5.0  11.0 |
    176 |  1   0 | [1, 1] [0, 0] [0, 0] |     2 | 0/0/0 0/0/0 0/530/0 0/530/0   | [5, 0] [1, 0] |    0  564    90 |   5.0  11.0 |
    177 |  1   0 | [1, 1] [0, 0] [0, 0] |     2 | 0/0/0 0/0/0 0/530/0 0/530/0   | [5, 0] [1, 0] |    0  564    91 |   5.0  11.0 |
    179 |  1   0 | [1, 1] [0, 0] [0, 0] |     2 | 0/0/0 0/0/0 0/530/0 0/530/0   | [5, 0] [1, 0] |    0  564    92 |   5.0  11.0 |
    180 |  1   0 | [1, 1] [0, 0] [0, 0] |     2 | 0/0/0 0/0/0 0/530/0 0/530/0   | [5, 0] [1, 0] |    0  564    93 |   5.0  11.0 |
    181 |  1   0 | [1, 1] [0, 0] [0, 0] |     2 | 0/0/0 0/0/0 0/530/0 0/530/0   | [5, 0] [1, 0] |    0  564    94 |   5.0  11.0 |
    181 |  1   0 | [1, 1] [0, 0] [0, 0] |     2 | 0/0/0 0/0/0 0/530/0 0/530/0   | [5, 0] [1, 0] |    0  564    95 |   5.0  11.0 |
    182 |  1   0 | [1, 1] [0, 0] [0, 0] |     2 | 0/0/0 0/0/0 0/530/0 0/530/0   | [5, 0] [1, 0] |    0  564    96 |   5.0  11.0 |
    183 |  1   0 | [1, 1] [0, 0] [0, 0] |     2 | 0/0/0 0/0/0 0/530/0 0/530/0   | [5, 0] [1, 0] |    0  564    97 |   5.0  11.0 |
    185 |  1   0 | [1, 1] [0, 0] [0, 0] |     2 | 0/0/0 0/0/0 0/530/0 0/530/0   | [5, 0] [1, 0] |    0  564    98 |   5.0  11.0 |
    186 |  1   0 | [1, 1] [0, 0] [0, 0] |     2 | 0/0/0 0/0/0 0/530/0 0/530/0   | [5, 0] [1, 0] |    0  564    99 |   5.0  11.0 |
    186 |  1   0 | [1, 1] [0, 0] [0, 0] |     2 | 0/0/0 0/0/0 0/530/0 0/530/0   | [5, 0] [1, 0] |    0  564   100 |   5.0  11.0 |
    187 |  1   0 | [1, 1] [0, 0] [0, 0] |     2 | 0/0/0 0/0/0 0/530/0 0/530/0   | [5, 0] [1, 0] |    0  564   101 |   5.0  11.0 |
    188 |  1   0 | [1, 1] [0, 0] [0, 0] |     2 | 0/0/0 0/0/0 0/530/0 0/530/0   | [5, 0] [1, 0] |    0  564   102 |   5.0  11.0 |
    190 |  1   0 | [1, 1] [0, 0] [0, 0] |     2 | 0/0/0 0/0/0 0/530/0 0/530/0   | [5, 0] [1, 0] |    0  564   103 |   5.0  11.0 |
    191 |  1   0 | [1, 1] [0, 0] [0, 0] |     2 | 0/0/0 0/0/0 0/530/0 0/530/0   | [5, 0] [1, 0] |    0  564   104 |   5.0  11.0 |
    192 |  1   0 | [1, 1] [0, 0] [0, 0] |     2 | 0/0/0 0/0/0 0/530/0 0/530/0   | [5, 0] [1, 0] |    0  564   105 |   5.0  11.0 |
    192 |  1   0 | [1, 1] [0, 0] [0, 0] |     2 | 0/0/0 0/0/0 0/530/0 0/530/0   | [5, 0] [1, 0] |    0  564   106 |   5.0  11.0 |
    193 |  1   0 | [1, 1] [0, 0] [0, 0] |     2 | 0/0/0 0/0/0 0/530/0 0/530/0   | [5, 0] [1, 0] |    0  564   107 |   5.0  11.0 |
    195 |  1   0 | [1, 1] [0, 0] [0, 0] |     2 | 0/0/0 0/0/0 0/530/0 0/530/0   | [5, 0] [1, 0] |    0  564   108 |   5.0  11.0 |
    196 |  1   0 | [1, 1] [0, 0] [0, 0] |     2 | 0/0/0 0/0/0 0/530/0 0/530/0   | [5, 0] [1, 0] |    0  564   109 |   5.0  11.0 |
    196 |  1   0 | [1, 1] [0, 0] [0, 0] |     2 | 0/0/0 0/0/0 0/530/0 0/530/0   | [5, 0] [1, 0] |    0  564   110 |   5.0  11.0 |
    197 |  1   0 | [1, 1] [0, 0] [0, 0] |     2 | 0/0/0 0/0/0 0/530/0 0/530/0   | [5, 0] [1, 0] |    0  564   111 |   5.0  11.0 |
    198 |  1   0 | [1, 1] [0, 0] [0, 0] |     2 | 0/0/0 0/0/0 0/530/0 0/530/0   | [5, 0] [1, 0] |    0  564   112 |   5.0  11.0 |
    200 |  1   0 | [1, 1] [0, 0] [0, 0] |     2 | 0/0/0 0/0/0 0/530/0 0/530/0   | [5, 0] [1, 0] |    0  564   113 |   5.0  11.0 |
    201 |  1   0 | [1, 1] [0, 0] [0, 0] |     2 | 0/0/0 0/0/0 0/530/0 0/530/0   | [5, 0] [1, 0] |    0  564   114 |   5.0  11.0 |
    202 |  1   0 | [1, 1] [0, 0] [0, 0] |     2 | 0/0/0 0/0/0 0/530/0 0/530/0   | [5, 0] [1, 0] |    0  564   115 |   5.0  11.0 |
    202 |  1   0 | [1, 1] [0, 0] [0, 0] |     2 | 0/0/0 0/0/0 0/530/0 0/530/0   | [5, 0] [1, 0] |    0  564   116 |   5.0  11.0 |
    203 |  1   0 | [1, 1] [0, 0] [0, 0] |     2 | 0/0/0 0/0/0 0/530/0 0/530/0   | [5, 0] [1, 0] |    0  564   117 |   5.0  11.0 |
    205 |  1   0 | [1, 1] [0, 0] [0, 0] |     2 | 0/0/0 0/0/0 0/530/0 0/530/0   | [5, 0] [1, 0] |    0  564   118 |   5.0  11.0 |
    206 |  1   0 | [1, 1] [0, 0] [0, 0] |     2 | 0/0/0 0/0/0 0/530/0 0/530/0   | [5, 0] [1, 0] |    0  564   119 |   5.0  11.0 |
    206 |  1   0 | [1, 1] [0, 0] [0, 0] |     2 | 0/0/0 0/0/0 0/530/0 0/530/0   | [5, 0] [1, 0] |    0  564   120 |   5.0  11.0 |
    207 |  1   0 | [1, 1] [0, 0] [0, 0] |     2 | 0/0/0 0/0/0 0/530/0 0/530/0   | [5, 0] [1, 0] |    0  564   121 |   5.0  11.0 |
    209 |  1   0 | [1, 1] [0, 0] [0, 0] |     2 | 0/0/0 0/0/0 0/530/0 0/530/0   | [5, 0] [1, 0] |    0  564   122 |   5.0  11.0 |
    210 |  1   0 | [1, 1] [0, 0] [0, 0] |     2 | 0/0/0 0/0/0 0/530/0 0/530/0   | [5, 0] [1, 0] |    0  564   123 |   5.0  11.0 |
    211 |  1   0 | [1, 1] [0, 0] [0, 0] |     2 | 0/0/0 0/0/0 0/530/0 0/530/0   | [5, 0] [1, 0] |    0  564   124 |   5.0  11.0 |
    211 |  1   0 | [1, 1] [0, 0] [0, 0] |     2 | 0/0/0 0/0/0 0/530/0 0/530/0   | [5, 0] [1, 0] |    0  564   125 |   5.0  11.0 |
    212 |  1   0 | [1, 1] [0, 0] [0, 0] |     2 | 0/0/0 0/0/0 0/530/0 0/530/0   | [5, 0] [1, 0] |    0  564   126 |   5.0  11.0 |
    214 |  1   0 | [1, 1] [0, 0] [0, 0] |     2 | 0/0/0 0/0/0 0/530/0 0/530/0   | [5, 0] [1, 0] |    0  564   127 |   5.0  11.0 |
    215 |  1   0 | [1, 1] [0, 0] [0, 0] |     2 | 0/0/0 0/0/0 0/530/0 0/530/0   | [5, 0] [1, 0] |    0  564   128 |   5.0  11.0 |
    215 |  1   0 | [1, 1] [0, 0] [0, 0] |     2 | 0/0/0 0/0/0 0/530/0 0/530/0   | [5, 0] [1, 0] |    0  564   129 |   5.0  11.0 |
    216 |  1   0 | [1, 1] [0, 0] [0, 0] |     2 | 0/0/0 0/0/0 0/530/0 0/530/0   | [5, 0] [1, 0] |    0  564   129 |   5.0  11.0 |
    217 |  1   0 | [1, 1] [0, 0] [0, 0] |     2 | 0/0/0 0/0/0 0/530/0 0/530/0   | [5, 0] [1, 0] |    0  564   130 |   5.0  11.0 |
    218 |  1   0 | [1, 1] [0, 0] [0, 0] |     2 | 0/0/0 0/0/0 0/530/0 0/530/0   | [5, 0] [1, 0] |    0  564   131 |   5.0  11.0 |
    218 |  1   0 | [1, 1] [0, 0] [0, 0] |     2 | 0/0/0 0/0/0 0/530/0 0/530/0   | [5, 0] [1, 0] |    0  564   132 |   5.0  11.0 |
    219 |  1   0 | [1, 1] [0, 0] [0, 0] |     2 | 0/0/0 0/0/0 0/530/0 0/530/0   | [5, 0] [1, 0] |    0  564   133 |   5.0  11.0 |
    221 |  1   0 | [1, 1] [0, 0] [0, 0] |     2 | 0/0/0 0/0/0 0/530/0 0/530/0   | [5, 0] [1, 0] |    0  564   134 |   5.0  11.0 |
    222 |  1   0 | [1, 1] [0, 0] [0, 0] |     2 | 0/0/0 0/0/0 0/530/0 0/530/0   | [5, 0] [1, 0] |    0  564   135 |   5.0  11.0 |
    222 |  1   0 | [1, 1] [0, 0] [0, 0] |     2 | 0/0/0 0/0/0 0/530/0 0/530/0   | [5, 0] [1, 0] |    0  564   136 |   5.0  11.0 |
    224 |  1   0 | [1, 1] [0, 0] [0, 0] |     2 | 0/0/0 0/0/0 0/530/0 0/530/0   | [5, 0] [1, 0] |    0  564   137 |   5.0  11.0 |
    225 |  1   0 | [1, 1] [0, 0] [0, 0] |     2 | 0/0/0 0/0/0 0/530/0 0/530/0   | [5, 0] [1, 0] |    0  564   138 |   5.0  11.0 |
    225 |  1   0 | [1, 1] [0, 0] [0, 0] |     2 | 0/0/0 0/0/0 0/530/0 0/530/0   | [5, 0] [1, 0] |    0  564   139 |   5.0  11.0 |
    226 |  1   0 | [1, 1] [0, 0] [0, 0] |     2 | 0/0/0 0/0/0 0/530/0 0/530/0   | [5, 0] [1, 0] |    0  564   140 |   5.0  11.0 |
    228 |  1   0 | [1, 1] [0, 0] [0, 0] |     2 | 0/0/0 0/0/0 0/530/0 0/530/0   | [5, 0] [1, 0] |    0  564   141 |   5.0  11.0 |
    229 |  1   0 | [1, 1] [0, 0] [0, 0] |     2 | 0/0/0 0/0/0 0/530/0 0/530/0   | [5, 0] [1, 0] |    0  564   142 |   5.0  11.0 |
    229 |  1   0 | [1, 1] [0, 0] [0, 0] |     2 | 0/0/0 0/0/0 0/530/0 0/530/0   | [5, 0] [1, 0] |    0  564   143 |   5.0  11.0 |
    230 |  1   0 | [1, 1] [0, 0] [0, 0] |     2 | 0/0/0 0/0/0 0/530/0 0/530/0   | [5, 0] [1, 0] |    0  564   144 |   5.0  11.0 |
    232 |  1   0 | [1, 1] [0, 0] [0, 0] |     2 | 0/0/0 0/0/0 0/530/0 0/530/0   | [5, 0] [1, 0] |    0  564   145 |   5.0  11.0 |
    233 |  1   0 | [1, 1] [0, 0] [0, 0] |     2 | 0/0/0 0/0/0 0/530/0 0/530/0   | [5, 0] [1, 0] |    0  564   146 |   5.0  11.0 |
    233 |  1   0 | [1, 1] [0, 0] [0, 0] |     2 | 0/0/0 0/0/0 0/530/0 0/530/0   | [5, 0] [1, 0] |    0  564   147 |   5.0  11.0 |
    235 |  1   0 | [1, 1] [0, 0] [0, 0] |     2 | 0/0/0 0/0/0 0/530/0 0/530/0   | [5, 0] [1, 0] |    0  564   148 |   5.0  11.0 |
    236 |  1   0 | [1, 1] [0, 0] [0, 0] |     2 | 0/0/0 0/0/0 0/530/0 0/530/0   | [5, 0] [1, 0] |    0  564   149 |   5.0  11.0 |
    237 |  1   0 | [1, 1] [0, 0] [0, 0] |     2 | 0/0/0 0/0/0 0/530/0 0/530/0   | [5, 0] [1, 0] |    0  564   150 |   5.0  11.0 |
    238 |  1   0 | [1, 1] [0, 0] [0, 0] |     2 | 0/0/0 0/0/0 0/530/0 0/530/0   | [5, 0] [1, 0] |    0  564   151 |   5.0  11.0 |
    239 |  1   0 | [1, 1] [0, 0] [0, 0] |     2 | 0/0/0 0/0/0 0/530/0 0/530/0   | [5, 0] [1, 0] |    0  564   152 |   5.0  11.0 |
    240 |  1   0 | [1, 1] [0, 0] [0, 0] |     2 | 0/0/0 0/0/0 0/530/0 0/530/0   | [5, 0] [1, 0] |    0  564   153 |   5.0  11.0 |
    240 |  1   0 | [1, 1] [0, 0] [0, 0] |     2 | 0/0/0 0/0/0 0/530/0 0/530/0   | [5, 0] [1, 0] |    0  564   154 |   5.0  11.0 |
    242 |  1   0 | [1, 1] [0, 0] [0, 0] |     2 | 0/0/0 0/0/0 0/530/0 0/530/0   | [5, 0] [1, 0] |    0  564   155 |   5.0  11.0 |
    243 |  1   0 | [1, 1] [0, 0] [0, 0] |     2 | 0/0/0 0/0/0 0/530/0 0/530/0   | [5, 0] [1, 0] |    0  564   156 |   5.0  11.0 |
    243 |  1   0 | [1, 1] [0, 0] [0, 0] |     2 | 0/0/0 0/0/0 0/530/0 0/530/0   | [5, 0] [1, 0] |    0  564   157 |   5.0  11.0 |
    245 |  1   0 | [1, 1] [0, 0] [0, 0] |     2 | 0/0/0 0/0/0 0/530/0 0/530/0   | [5, 0] [1, 0] |    0  564   158 |   5.0  11.0 |
    246 |  1   0 | [1, 1] [0, 0] [0, 0] |     2 | 0/0/0 0/0/0 0/530/0 0/530/0   | [5, 0] [1, 0] |    0  564   159 |   5.0  11.0 |
    247 |  1   0 | [1, 1] [0, 0] [0, 0] |     2 | 0/0/0 0/0/0 0/530/0 0/530/0   | [5, 0] [1, 0] |    0  564   160 |   5.0  11.0 |
    247 |  1   0 | [1, 1] [0, 0] [0, 0] |     2 | 0/0/0 0/0/0 0/530/0 0/530/0   | [5, 0] [1, 0] |    0  564   161 |   5.0  11.0 |
    249 |  1   0 | [1, 1] [0, 0] [0, 0] |     2 | 0/0/0 0/0/0 0/530/0 0/530/0   | [5, 0] [1, 0] |    0  564   162 |   5.0  11.0 |
    250 |  1   0 | [1, 1] [0, 0] [0, 0] |     2 | 0/0/0 0/0/0 0/530/0 0/530/0   | [5, 0] [1, 0] |    0  564   163 |   5.0  11.0 |
    250 |  1   0 | [1, 1] [0, 0] [0, 0] |     2 | 0/0/0 0/0/0 0/530/0 0/530/0   | [5, 0] [1, 0] |    0  564   164 |   5.0  11.0 |
    252 |  1   0 | [1, 1] [0, 0] [0, 0] |     2 | 0/0/0 0/0/0 0/530/0 0/530/0   | [5, 0] [1, 0] |    0  564   165 |   5.0  11.0 |
    253 |  1   0 | [1, 1] [0, 0] [0, 0] |     2 | 0/0/0 0/0/0 0/530/0 0/530/0   | [5, 0] [1, 0] |    0  564   166 |   5.0  11.0 |
    254 |  1   0 | [1, 1] [0, 0] [0, 0] |     2 | 0/0/0 0/0/0 0/530/0 0/530/0   | [5, 0] [1, 0] |    0  564   167 |   5.0  11.0 |
    254 |  1   0 | [1, 1] [0, 0] [0, 0] |     2 | 0/0/0 0/0/0 0/530/0 0/530/0   | [5, 0] [1, 0] |    0  564   168 |   5.0  11.0 |
    256 |  1   0 | [1, 1] [0, 0] [0, 0] |     2 | 0/0/0 0/0/0 0/530/0 0/530/0   | [5, 0] [1, 0] |    0  564   169 |   5.0  11.0 |
    257 |  1   0 | [1, 1] [0, 0] [0, 0] |     2 | 0/0/0 0/0/0 0/530/0 0/530/0   | [5, 0] [1, 0] |    0  564   170 |   5.0  11.0 |
    257 |  1   0 | [1, 1] [0, 0] [0, 0] |     2 | 0/0/0 0/0/0 0/530/0 0/530/0   | [5, 0] [1, 0] |    0  564   171 |   5.0  11.0 |
    259 |  1   0 | [1, 1] [0, 0] [0, 0] |     2 | 0/0/0 0/0/0 0/530/0 0/530/0   | [5, 0] [1, 0] |    0  564   172 |   5.0  11.0 |
    260 |  1   0 | [1, 1] [0, 0] [0, 0] |     2 | 0/0/0 0/0/0 0/530/0 0/530/0   | [5, 0] [1, 0] |    0  564   173 |   5.0  11.0 |
    261 |  1   0 | [1, 1] [0, 0] [0, 0] |     2 | 0/0/0 0/0/0 0/530/0 0/530/0   | [5, 0] [1, 0] |    0  564   174 |   5.0  11.0 |
    261 |  1   0 | [1, 1] [0, 0] [0, 0] |     2 | 0/0/0 0/0/0 0/530/0 0/530/0   | [5, 0] [1, 0] |    0  564   174 |   5.0  11.0 |
    262 |  1   0 | [1, 1] [0, 0] [0, 0] |     2 | 0/0/0 0/0/0 0/530/0 0/530/0   | [5, 0] [1, 0] |    0  564   175 |   5.0  11.0 |
    263 |  1   0 | [1, 1] [0, 0] [0, 0] |     2 | 0/0/0 0/0/0 0/530/0 0/530/0   | [5, 0] [1, 0] |    0  564   176 |   5.0  11.0 |
    264 |  1   0 | [1, 1] [0, 0] [0, 0] |     2 | 0/0/0 0/0/0 0/530/0 0/530/0   | [5, 0] [1, 0] |    0  564   177 |   5.0  11.0 |
    264 |  1   0 | [1, 1] [0, 0] [0, 0] |     2 | 0/0/0 0/0/0 0/530/0 0/530/0   | [5, 0] [1, 0] |    0  564   178 |   5.0  11.0 |
    266 |  1   0 | [1, 1] [0, 0] [0, 0] |     2 | 0/0/0 0/0/0 0/530/0 0/530/0   | [5, 0] [1, 0] |    0  564   179 |   5.0  11.0 |
    267 |  2   0 | [0, 0] [0, 0] [0, 0] |     0 | 0/0/0 0/0/0 0/530/0 0/530/0   | [7, 0] [0, 0] |    0  564   180 |   5.0  11.0 |
    327 |  0   0 | [0, 0] [0, 0] [0, 0] |     0 | 0/0/0 0/0/0 0/530/0 0/530/0   | [0, 0] [0, 0] |    0    0     0 |   5.0  11.0 |
    459 |  0   0 | [0, 0] [0, 0] [1, 0] |     0 | 0/0/0 0/0/0 0/530/0 0/530/0   | [0, 0] [0, 0] |    0    0     0 |   5.0  11.0 |
    474 |  0   0 | [1, 0] [0, 0] [1, 0] |     0 | 200/2/1 0/0/0 0/530/0 0/530/0 | [0, 0] [0, 0] |    0    0     0 |   5.0  11.0 |
    474 |  0   0 | [1, 0] [0, 0] [1, 0] |     0 | 200/5/1 0/0/0 0/530/0 0/530/0 | [0, 0] [0, 0] |    0    0     0 |   5.0  11.0 |
    474 |  0   0 | [1, 0] [0, 0] [1, 0] |     0 | 200/9/1 0/0/0 0/530/0 0/530/0 | [0, 0] [0, 0] |    0    0     0 |   5.0  11.0 |
    474 |  0   0 | [1, 0] [0, 0] [1, 0] |     0 | 200/12/1 0/0/0 0/530/0 0/530/0 | [0, 0] [0, 0] |    0    0     0 |   5.0  11.0 |
    474 |  0   0 | [1, 0] [0, 0] [1, 0] |     0 | 200/16/1 0/0/0 0/530/0 0/530/0 | [0, 0] [0, 0] |    0    0     0 |   5.0  11.0 |
    474 |  0   0 | [1, 0] [0, 0] [1, 0] |     0 | 200/19/1 0/0/0 0/530/0 0/530/0 | [0, 0] [0, 0] |    0    0     0 |   5.0  11.0 |
    474 |  0   0 | [1, 0] [0, 0] [1, 0] |     0 | 200/23/1 0/0/0 0/530/0 0/530/0 | [0, 0] [0, 0] |    0    0     0 |   5.0  11.0 |
    475 |  0   0 | [1, 0] [0, 0] [1, 0] |     0 | 200/26/1 0/0/0 0/530/0 0/530/0 | [0, 0] [0, 0] |    0    0     0 |   5.0  11.0 |
    475 |  0   0 | [1, 0] [0, 0] [1, 0] |     0 | 200/30/1 0/0/0 0/530/0 0/530/0 | [0, 0] [0, 0] |    0    1     0 |   5.0  11.0 |
    475 |  0   0 | [1, 0] [0, 0] [1, 0] |     0 | 200/33/1 0/0/0 0/530/0 0/530/0 | [0, 0] [0, 0] |    0    1     0 |   5.0  11.0 |
    475 |  0   0 | [1, 0] [0, 0] [1, 0] |     0 | 200/37/1 0/0/0 0/530/0 0/530/0 | [0, 0] [0, 0] |    0    1     0 |   5.0  11.0 |
    475 |  0   0 | [1, 0] [0, 0] [1, 0] |     0 | 200/40/1 0/0/0 0/530/0 0/530/0 | [0, 0] [0, 0] |    0    1     0 |   5.0  11.0 |
    475 |  0   0 | [1, 0] [0, 0] [1, 0] |     0 | 200/44/1 0/0/0 0/530/0 0/530/0 | [0, 0] [0, 0] |    0    1     0 |   5.0  11.0 |
    475 |  0   0 | [1, 0] [0, 0] [1, 0] |     0 | 200/47/1 0/0/0 0/530/0 0/530/0 | [0, 0] [0, 0] |    0    1     0 |   5.0  11.0 |
    475 |  0   0 | [1, 0] [0, 0] [1, 0] |     0 | 200/51/1 0/0/0 0/530/0 0/530/0 | [0, 0] [0, 0] |    0    1     0 |   5.0  11.0 |
    475 |  0   0 | [1, 0] [0, 0] [1, 0] |     0 | 200/54/1 0/0/0 0/530/0 0/530/0 | [0, 0] [0, 0] |    0    1     0 |   5.0  11.0 |
    476 |  0   0 | [1, 0] [0, 0] [1, 0] |     0 | 200/58/1 0/0/0 0/530/0 0/530/0 | [0, 0] [0, 0] |    0    1     0 |   5.0  11.0 |
    476 |  0   0 | [1, 0] [0, 0] [1, 0] |     0 | 200/61/1 0/0/0 0/530/0 0/530/0 | [0, 0] [0, 0] |    0    2     0 |   5.0  11.0 |
    476 |  0   0 | [1, 0] [0, 0] [1, 0] |     0 | 200/65/1 0/0/0 0/530/0 0/530/0 | [0, 0] [0, 0] |    0    2     0 |   5.0  11.0 |
    476 |  0   0 | [1, 0] [0, 0] [1, 0] |     0 | 200/68/1 0/0/0 0/530/0 0/530/0 | [0, 0] [0, 0] |    0    2     0 |   5.0  11.0 |
    476 |  0   0 | [1, 0] [0, 0] [1, 0] |     0 | 200/72/1 0/0/0 0/530/0 0/530/0 | [0, 0] [0, 0] |    0    2     0 |   5.0  11.0 |
    476 |  0   0 | [1, 0] [0, 0] [1, 0] |     0 | 200/75/1 0/0/0 0/530/0 0/530/0 | [0, 0] [0, 0] |    0    2     0 |   5.0  11.0 |
    476 |  0   0 | [1, 0] [0, 0] [1, 0] |     0 | 200/79/1 0/0/0 0/530/0 0/530/0 | [0, 0] [0, 0] |    0    2     0 |   5.0  11.0 |
    476 |  0   0 | [1, 0] [0, 0] [1, 0] |     0 | 200/82/1 0/0/0 0/530/0 0/530/0 | [0, 0] [0, 0] |    0    2     0 |   5.0  11.0 |
    477 |  0   0 | [1, 0] [0, 0] [1, 0] |     0 | 200/86/1 0/0/0 0/530/0 0/530/0 | [0, 0] [0, 0] |    0    2     0 |   5.0  11.0 |
    477 |  0   0 | [1, 0] [0, 0] [1, 0] |     0 | 200/89/1 0/0/0 0/530/0 0/530/0 | [0, 0] [0, 0] |    0    3     0 |   5.0  11.0 |
    477 |  0   0 | [1, 0] [0, 0] [1, 0] |     0 | 200/93/1 0/0/0 0/530/0 0/530/0 | [0, 0] [0, 0] |    0    3     0 |   5.0  11.0 |
    477 |  0   0 | [1, 0] [0, 0] [1, 0] |     0 | 200/96/1 0/0/0 0/530/0 0/530/0 | [0, 0] [0, 0] |    0    3     0 |   5.0  11.0 |
    477 |  0   0 | [1, 0] [0, 0] [1, 0] |     0 | 200/100/1 0/0/0 0/530/0 0/530/0 | [0, 0] [0, 0] |    0    3     0 |   5.0  11.0 |
    477 |  0   0 | [1, 0] [0, 0] [1, 0] |     0 | 200/103/1 0/0/0 0/530/0 0/530/0 | [0, 0] [0, 0] |    0    3     0 |   5.0  11.0 |
    477 |  0   0 | [1, 0] [0, 0] [1, 0] |     0 | 200/106/1 0/0/0 0/530/0 0/530/0 | [0, 0] [0, 0] |    0    3     0 |   5.0  11.0 |
    477 |  0   0 | [1, 0] [0, 0] [1, 0] |     0 | 200/110/1 0/0/0 0/530/0 0/530/0 | [0, 0] [0, 0] |    0    3     0 |   5.0  11.0 |
    478 |  0   0 | [1, 0] [0, 0] [1, 0] |     0 | 200/113/1 0/0/0 0/530/0 0/530/0 | [0, 0] [0, 0] |    0    3     0 |   5.0  11.0 |
    478 |  0   0 | [1, 0] [0, 0] [1, 0] |     0 | 200/117/1 0/0/0 0/530/0 0/530/0 | [0, 0] [0, 0] |    0    4     0 |   5.0  11.0 |
    478 |  0   0 | [1, 0] [0, 0] [1, 0] |     0 | 200/120/1 0/0/0 0/530/0 0/530/0 | [0, 0] [0, 0] |    0    4     0 |   5.0  11.0 |
    478 |  0   0 | [1, 0] [0, 0] [1, 0] |     0 | 200/124/1 0/0/0 0/530/0 0/530/0 | [0, 0] [0, 0] |    0    4     0 |   5.0  11.0 |
    478 |  0   0 | [1, 0] [0, 0] [1, 0] |     0 | 200/127/1 0/0/0 0/530/0 0/530/0 | [0, 0] [0, 0] |    0    4     0 |   5.0  11.0 |
    478 |  0   0 | [1, 0] [0, 0] [1, 0] |     0 | 200/131/1 0/0/0 0/530/0 0/530/0 | [0, 0] [0, 0] |    0    4     0 |   5.0  11.0 |
    478 |  0   0 | [1, 0] [0, 0] [1, 0] |     0 | 200/134/1 0/0/0 0/530/0 0/530/0 | [0, 0] [0, 0] |    0    4     0 |   5.0  11.0 |
    478 |  0   0 | [1, 0] [0, 0] [1, 0] |     0 | 200/138/1 0/0/0 0/530/0 0/530/0 | [0, 0] [0, 0] |    0    4     0 |   5.0  11.0 |
    479 |  0   0 | [1, 0] [0, 0] [1, 0] |     0 | 200/141/1 0/0/0 0/530/0 0/530/0 | [0, 0] [0, 0] |    0    4     0 |   5.0  11.0 |
    479 |  0   0 | [1, 0] [0, 0] [1, 0] |     0 | 200/145/1 0/0/0 0/530/0 0/530/0 | [0, 0] [0, 0] |    0    5     0 |   5.0  11.0 |
    479 |  0   0 | [1, 0] [0, 0] [1, 0] |     0 | 200/148/1 0/0/0 0/530/0 0/530/0 | [0, 0] [0, 0] |    0    5     0 |   5.0  11.0 |
    479 |  0   0 | [1, 0] [0, 0] [1, 0] |     0 | 200/152/1 0/0/0 0/530/0 0/530/0 | [0, 0] [0, 0] |    0    5     0 |   5.0  11.0 |
    479 |  0   0 | [1, 0] [0, 0] [1, 0] |     0 | 200/155/1 0/0/0 0/530/0 0/530/0 | [0, 0] [0, 0] |    0    5     0 |   5.0  11.0 |
    479 |  0   0 | [1, 0] [0, 0] [1, 0] |     0 | 200/159/1 0/0/0 0/530/0 0/530/0 | [0, 0] [0, 0] |    0    5     0 |   5.0  11.0 |
    479 |  0   0 | [1, 0] [0, 0] [1, 0] |     0 | 200/162/1 0/0/0 0/530/0 0/530/0 | [0, 0] [0, 0] |    0    5     0 |   5.0  11.0 |
    479 |  0   0 | [1, 0] [0, 0] [1, 0] |     0 | 200/165/1 0/0/0 0/530/0 0/530/0 | [0, 0] [0, 0] |    0    5     0 |   5.0  11.0 |
    480 |  0   0 | [1, 0] [0, 0] [1, 0] |     0 | 200/169/1 0/0/0 0/530/0 0/530/0 | [0, 0] [0, 0] |    0    5     0 |   5.0  11.0 |
    480 |  0   0 | [1, 0] [0, 0] [1, 0] |     0 | 200/172/1 0/0/0 0/530/0 0/530/0 | [0, 0] [0, 0] |    0    6     0 |   5.0  11.0 |
    480 |  0   0 | [1, 0] [0, 0] [1, 0] |     0 | 200/176/1 0/0/0 0/530/0 0/530/0 | [0, 0] [0, 0] |    0    6     0 |   5.0  11.0 |
    480 |  0   0 | [1, 0] [0, 0] [1, 0] |     0 | 200/179/1 0/0/0 0/530/0 0/530/0 | [0, 0] [0, 0] |    0    6     0 |   5.0  11.0 |
    480 |  0   0 | [1, 0] [0, 0] [1, 0] |     0 | 200/183/1 0/0/0 0/530/0 0/530/0 | [0, 0] [0, 0] |    0    6     0 |   5.0  11.0 |
    480 |  0   0 | [1, 0] [0, 0] [1, 0] |     0 | 200/187/1 0/0/0 0/530/0 0/530/0 | [0, 0] [0, 0] |    0    6     0 |   5.0  11.0 |
    480 |  0   0 | [1, 0] [0, 0] [1, 0] |     0 | 200/190/1 0/0/0 0/530/0 0/530/0 | [0, 0] [0, 0] |    0    6     0 |   5.0  11.0 |
    480 |  0   0 | [1, 0] [0, 0] [1, 0] |     0 | 200/194/1 0/0/0 0/530/0 0/530/0 | [0, 0] [0, 0] |    0    6     0 |   5.0  11.0 |
    480 |  0   0 | [1, 0] [0, 0] [1, 0] |     0 | 200/197/1 0/0/0 0/530/0 0/530/0 | [0, 0] [0, 0] |    0    6     0 |   5.0  11.0 |
    481 |  0   0 | [1, 0] [0, 0] [1, 0] |     0 | 200/200/0 0/0/0 0/530/0 0/530/0 | [0, 0] [0, 0] |    0    6     0 |   5.0  11.0 |
    481 |  0   0 | [1, 0] [0, 0] [1, 0] |     0 | 200/200/0 0/0/0 0/530/0 0/530/0 | [0, 0] [0, 0] |    0    7     0 |   5.0  11.0 |
    482 |  0   0 | [1, 0] [0, 0] [1, 0] |     0 | 200/200/0 0/0/0 0/530/0 0/530/0 | [0, 0] [0, 0] |    0    8     0 |   5.0  11.0 |
    483 |  0   0 | [1, 0] [0, 0] [1, 0] |     0 | 200/200/0 0/0/0 0/530/0 0/530/0 | [0, 0] [0, 0] |    0    9     0 |   5.0  11.0 |
    484 |  0   0 | [1, 0] [0, 0] [1, 0] |     0 | 200/200/0 0/0/0 0/530/0 0/530/0 | [0, 0] [0, 0] |    0   10     0 |   5.0  11.0 |
    485 |  0   0 | [1, 0] [0, 0] [1, 0] |     0 | 200/200/0 0/0/0 0/530/0 0/530/0 | [0, 0] [0, 0] |    0   11     0 |   5.0  11.0 |
    486 |  0   0 | [1, 0] [0, 0] [1, 0] |     0 | 200/200/0 0/0/0 0/530/0 0/530/0 | [0, 0] [0, 0] |    0   12     0 |   5.0  11.0 |
    487 |  0   0 | [1, 0] [0, 0] [1, 0] |     0 | 200/200/0 0/0/0 0/530/0 0/530/0 | [0, 0] [0, 0] |    0   13     0 |   5.0  11.0 |
    488 |  0   0 | [1, 0] [0, 0] [1, 0] |     0 | 200/200/0 0/0/0 0/530/0 0/530/0 | [0, 0] [0, 0] |    0   14     0 |   5.0  11.0 |
    489 |  0   0 | [1, 0] [0, 0] [1, 0] |     0 | 200/200/0 0/0/0 0/530/0 0/530/0 | [0, 0] [0, 0] |    0   15     0 |   5.0  11.0 |
    490 |  0   0 | [1, 0] [0, 0] [1, 0] |     0 | 200/200/0 0/0/0 0/530/0 0/530/0 | [0, 0] [0, 0] |    0   16     0 |   5.0  11.0 |
    491 |  0   0 | [1, 0] [0, 0] [1, 0] |     0 | 200/200/0 0/0/0 0/530/0 0/530/0 | [0, 0] [0, 0] |    0   17     0 |   5.0  11.0 |
    492 |  0   0 | [1, 0] [0, 0] [1, 0] |     0 | 200/200/0 0/0/0 0/530/0 0/530/0 | [0, 0] [0, 0] |    0   18     0 |   5.0  11.0 |
    493 |  0   0 | [1, 0] [0, 0] [1, 0] |     0 | 200/200/0 0/0/0 0/530/0 0/530/0 | [0, 0] [0, 0] |    0   19     0 |   5.0  11.0 |
    494 |  0   0 | [1, 0] [0, 0] [1, 1] |     0 | 200/200/0 0/0/0 0/530/0 0/530/0 | [0, 0] [0, 0] |    0   20     0 |   5.0  11.0 |
    495 |  0   0 | [1, 0] [0, 0] [1, 1] |     0 | 200/200/0 0/0/0 0/530/0 0/530/0 | [0, 0] [0, 0] |    0   21     0 |   5.0  11.0 |
    496 |  0   0 | [1, 0] [0, 0] [1, 1] |     0 | 200/200/0 0/0/0 0/530/0 0/530/0 | [0, 0] [0, 0] |    0   22     0 |   5.0  11.0 |
    497 |  0   0 | [1, 0] [0, 0] [1, 1] |     0 | 200/200/0 0/0/0 0/530/0 0/530/0 | [0, 0] [0, 0] |    0   23     0 |   5.0  11.0 |
    498 |  0   0 | [1, 0] [0, 0] [1, 1] |     0 | 200/200/0 0/0/0 0/530/0 0/530/0 | [0, 0] [0, 0] |    0   24     0 |   5.0  11.0 |
    499 |  0   0 | [1, 0] [0, 0] [1, 1] |     0 | 200/200/0 0/0/0 0/530/0 0/530/0 | [0, 0] [0, 0] |    0   25     0 |   5.0  11.0 |
    500 |  0   0 | [1, 0] [0, 0] [1, 1] |     0 | 200/200/0 0/0/0 0/530/0 0/530/0 | [0, 0] [0, 0] |    0   26     0 |   5.0  11.0 |
    501 |  0   0 | [1, 0] [0, 0] [1, 1] |     0 | 201/201/0 0/0/0 0/530/0 0/530/0 | [0, 0] [0, 0] |    0   27     0 |   5.0  11.0 |
    502 |  0   0 | [1, 0] [0, 0] [1, 1] |     0 | 201/201/0 0/0/0 0/530/0 0/530/0 | [0, 0] [0, 0] |    0   28     0 |   5.0  11.0 |
    503 |  0   0 | [1, 0] [0, 0] [1, 1] |     0 | 201/201/0 0/0/0 0/530/0 0/530/0 | [0, 0] [0, 0] |    0   29     0 |   5.0  11.0 |
    504 |  0   0 | [1, 1] [1, 0] [1, 1] |     0 | 201/201/0 200/4/1 0/530/0 0/530/0 | [0, 0] [0, 0] |    0   30     0 |   5.0  11.0 |
    504 |  0   0 | [1, 1] [1, 0] [1, 1] |     0 | 201/201/0 200/7/1 0/530/0 0/530/0 | [0, 0] [0, 0] |    0   30     0 |   5.0  11.0 |
    504 |  0   0 | [1, 1] [1, 0] [1, 1] |     0 | 201/201/0 200/10/1 0/530/0 0/530/0 | [0, 0] [0, 0] |    0   30     0 |   5.0  11.0 |
    504 |  0   0 | [1, 1] [1, 0] [1, 1] |     0 | 201/201/0 200/14/1 0/530/0 0/530/0 | [0, 0] [0, 0] |    0   30     0 |   5.0  11.0 |
    504 |  0   0 | [1, 1] [1, 0] [1, 1] |     0 | 201/201/0 200/17/1 0/530/0 0/530/0 | [0, 0] [0, 0] |    0   30     0 |   5.0  11.0 |
    504 |  0   0 | [1, 1] [1, 0] [1, 1] |     0 | 201/201/0 200/21/1 0/530/0 0/530/0 | [0, 0] [0, 0] |    0   30     0 |   5.0  11.0 |
    504 |  0   0 | [1, 1] [1, 0] [1, 1] |     0 | 201/201/0 200/25/1 0/530/0 0/530/0 | [0, 0] [0, 0] |    0   30     0 |   5.0  11.0 |
    505 |  0   0 | [1, 1] [1, 0] [1, 1] |     0 | 201/201/0 200/28/1 0/530/0 0/530/0 | [0, 0] [0, 0] |    0   30     0 |   5.0  11.0 |
    505 |  0   0 | [1, 1] [1, 0] [1, 1] |     0 | 201/201/0 200/31/1 0/530/0 0/530/0 | [0, 0] [0, 0] |    0   31     0 |   5.0  11.0 |
    505 |  0   0 | [1, 1] [1, 0] [1, 1] |     0 | 201/201/0 200/35/1 0/530/0 0/530/0 | [0, 0] [0, 0] |    0   31     0 |   5.0  11.0 |
    505 |  0   0 | [1, 1] [1, 0] [1, 1] |     0 | 201/201/0 200/38/1 0/530/0 0/530/0 | [0, 0] [0, 0] |    0   31     0 |   5.0  11.0 |
    505 |  0   0 | [1, 1] [1, 0] [1, 1] |     0 | 201/201/0 200/42/1 0/530/0 0/530/0 | [0, 0] [0, 0] |    0   31     0 |   5.0  11.0 |
    505 |  0   0 | [1, 1] [1, 0] [1, 1] |     0 | 201/201/0 200/45/1 0/530/0 0/530/0 | [0, 0] [0, 0] |    0   31     0 |   5.0  11.0 |
    505 |  0   0 | [1, 1] [1, 0] [1, 1] |     0 | 201/201/0 200/49/1 0/530/0 0/530/0 | [0, 0] [0, 0] |    0   31     0 |   5.0  11.0 |
    505 |  0   0 | [1, 1] [1, 0] [1, 1] |     0 | 201/201/0 200/52/1 0/530/0 0/530/0 | [0, 0] [0, 0] |    0   31     0 |   5.0  11.0 |
    506 |  0   0 | [1, 1] [1, 0] [1, 1] |     0 | 201/201/0 200/56/1 0/530/0 0/530/0 | [0, 0] [0, 0] |    0   31     0 |   5.0  11.0 |
    506 |  0   0 | [1, 1] [1, 0] [1, 1] |     0 | 201/201/0 200/59/1 0/530/0 0/530/0 | [0, 0] [0, 0] |    0   32     0 |   5.0  11.0 |
    506 |  0   0 | [1, 1] [1, 0] [1, 1] |     0 | 202/201/1 200/63/1 0/530/0 0/530/0 | [0, 0] [0, 0] |    0   32     0 |   5.0  11.0 |
    506 |  0   0 | [1, 1] [1, 0] [1, 1] |     0 | 202/202/0 200/64/1 0/530/0 0/530/0 | [0, 0] [0, 0] |    0   32     0 |   5.0  11.0 |
    507 |  0   0 | [1, 1] [1, 0] [1, 1] |     0 | 202/202/0 200/64/1 0/530/0 0/530/0 | [0, 0] [0, 0] |    0   33     0 |   5.0  11.0 |
    507 |  0   0 | [1, 1] [1, 0] [1, 1] |     0 | 202/202/0 200/65/1 0/530/0 0/530/0 | [0, 0] [0, 0] |    0   33     0 |   5.0  11.0 |
    507 |  0   0 | [1, 1] [1, 0] [1, 1] |     0 | 202/202/0 200/68/1 0/530/0 0/530/0 | [0, 0] [0, 0] |    0   33     0 |   5.0  11.0 |
    508 |  0   0 | [1, 1] [1, 0] [1, 1] |     0 | 202/202/0 200/72/1 0/530/0 0/530/0 | [0, 0] [0, 0] |    0   33     0 |   5.0  11.0 |
    508 |  0   0 | [1, 1] [1, 0] [1, 1] |     0 | 202/202/0 200/75/1 0/530/0 0/530/0 | [0, 0] [0, 0] |    0   34     0 |   5.0  11.0 |
    508 |  0   0 | [1, 1] [1, 0] [1, 1] |     0 | 202/202/0 200/79/1 0/530/0 0/530/0 | [0, 0] [0, 0] |    0   34     0 |   5.0  11.0 |
    508 |  0   0 | [1, 1] [1, 0] [1, 1] |     0 | 202/202/0 200/82/1 0/530/0 0/530/0 | [0, 0] [0, 0] |    0   34     0 |   5.0  11.0 |
    508 |  0   0 | [1, 1] [1, 0] [1, 1] |     0 | 202/202/0 200/86/1 0/530/0 0/530/0 | [0, 0] [0, 0] |    0   34     0 |   5.0  11.0 |
    508 |  0   0 | [1, 1] [1, 0] [1, 1] |     0 | 202/202/0 200/90/1 0/530/0 0/530/0 | [0, 0] [0, 0] |    0   34     0 |   5.0  11.0 |
    508 |  0   0 | [1, 1] [1, 0] [1, 1] |     0 | 202/202/0 200/93/1 0/530/0 0/530/0 | [0, 0] [0, 0] |    0   34     0 |   5.0  11.0 |
    508 |  0   0 | [1, 1] [1, 0] [1, 1] |     0 | 202/202/0 200/96/1 0/530/0 0/530/0 | [0, 0] [0, 0] |    0   34     0 |   5.0  11.0 |
    509 |  0   0 | [1, 1] [1, 0] [1, 1] |     0 | 202/202/0 200/100/1 0/530/0 0/530/0 | [0, 0] [0, 0] |    0   34     0 |   5.0  11.0 |
    509 |  0   0 | [1, 1] [1, 0] [1, 1] |     0 | 202/202/0 200/103/1 0/530/0 0/530/0 | [0, 0] [0, 0] |    0   34     0 |   5.0  11.0 |
    509 |  0   0 | [1, 1] [1, 0] [1, 1] |     0 | 202/202/0 200/107/1 0/530/0 0/530/0 | [0, 0] [0, 0] |    0   35     0 |   5.0  11.0 |
    509 |  0   0 | [1, 1] [1, 0] [1, 1] |     0 | 202/202/0 200/110/1 0/530/0 0/530/0 | [0, 0] [0, 0] |    0   35     0 |   5.0  11.0 |
    509 |  0   0 | [1, 1] [1, 0] [1, 1] |     0 | 202/202/0 200/114/1 0/530/0 0/530/0 | [0, 0] [0, 0] |    0   35     0 |   5.0  11.0 |
    509 |  0   0 | [1, 1] [1, 0] [1, 1] |     0 | 202/202/0 200/117/1 0/530/0 0/530/0 | [0, 0] [0, 0] |    0   35     0 |   5.0  11.0 |
    509 |  0   0 | [1, 1] [1, 0] [1, 1] |     0 | 202/202/0 200/121/1 0/530/0 0/530/0 | [0, 0] [0, 0] |    0   35     0 |   5.0  11.0 |
    509 |  0   0 | [1, 1] [1, 0] [1, 1] |     0 | 202/202/0 200/124/1 0/530/0 0/530/0 | [0, 0] [0, 0] |    0   35     0 |   5.0  11.0 |
    509 |  0   0 | [1, 1] [1, 0] [1, 1] |     0 | 202/202/0 200/128/1 0/530/0 0/530/0 | [0, 0] [0, 0] |    0   35     0 |   5.0  11.0 |
    510 |  0   0 | [1, 1] [1, 0] [1, 1] |     0 | 202/202/0 200/131/1 0/530/0 0/530/0 | [0, 0] [0, 0] |    0   35     0 |   5.0  11.0 |
    510 |  0   0 | [1, 1] [1, 0] [1, 1] |     0 | 202/202/0 200/135/1 0/530/0 0/530/0 | [0, 0] [0, 0] |    0   36     0 |   5.0  11.0 |
    510 |  0   0 | [1, 1] [1, 0] [1, 1] |     0 | 202/202/0 200/138/1 0/530/0 0/530/0 | [0, 0] [0, 0] |    0   36     0 |   5.0  11.0 |
    510 |  0   0 | [1, 1] [1, 0] [1, 1] |     0 | 202/202/0 200/142/1 0/530/0 0/530/0 | [0, 0] [0, 0] |    0   36     0 |   5.0  11.0 |
    510 |  0   0 | [1, 1] [1, 0] [1, 1] |     0 | 202/202/0 200/145/1 0/530/0 0/530/0 | [0, 0] [0, 0] |    0   36     0 |   5.0  11.0 |
    510 |  0   0 | [1, 1] [1, 0] [1, 1] |     0 | 202/202/0 200/149/1 0/530/0 0/530/0 | [0, 0] [0, 0] |    0   36     0 |   5.0  11.0 |
    510 |  0   0 | [1, 1] [1, 0] [1, 1] |     0 | 202/202/0 200/152/1 0/530/0 0/530/0 | [0, 0] [0, 0] |    0   36     0 |   5.0  11.0 |
    510 |  0   0 | [1, 1] [1, 0] [1, 1] |     0 | 202/202/0 200/156/1 0/530/0 0/530/0 | [0, 0] [0, 0] |    0   36     0 |   5.0  11.0 |
    511 |  0   0 | [1, 1] [1, 0] [1, 1] |     0 | 202/202/0 200/159/1 0/530/0 0/530/0 | [0, 0] [0, 0] |    0   36     0 |   5.0  11.0 |
    511 |  0   0 | [1, 1] [1, 0] [1, 1] |     0 | 202/202/0 200/163/1 0/530/0 0/530/0 | [0, 0] [0, 0] |    0   37     0 |   5.0  11.0 |
    511 |  0   0 | [1, 1] [1, 0] [1, 1] |     0 | 203/202/1 200/166/1 0/530/0 0/530/0 | [0, 0] [0, 0] |    0   37     0 |   5.0  11.0 |
    511 |  0   0 | [1, 1] [1, 0] [1, 1] |     0 | 203/202/1 200/170/1 0/530/0 0/530/0 | [0, 0] [0, 0] |    0   37     0 |   5.0  11.0 |
    511 |  0   0 | [1, 1] [1, 0] [1, 1] |     0 | 203/202/1 200/173/1 0/530/0 0/530/0 | [0, 0] [0, 0] |    0   37     0 |   5.0  11.0 |
    511 |  0   0 | [1, 1] [1, 0] [1, 1] |     0 | 203/202/1 200/177/1 0/530/0 0/530/0 | [0, 0] [0, 0] |    0   37     0 |   5.0  11.0 |
    511 |  0   0 | [1, 1] [1, 0] [1, 1] |     0 | 203/202/1 200/180/1 0/530/0 0/530/0 | [0, 0] [0, 0] |    0   37     0 |   5.0  11.0 |
    511 |  0   0 | [1, 1] [1, 0] [1, 1] |     0 | 203/202/1 200/184/1 0/530/0 0/530/0 | [0, 0] [0, 0] |    0   37     0 |   5.0  11.0 |
    512 |  0   0 | [1, 1] [1, 0] [1, 1] |     0 | 203/202/1 200/187/1 0/530/0 0/530/0 | [0, 0] [0, 0] |    0   37     0 |   5.0  11.0 |
    512 |  0   0 | [1, 1] [1, 0] [1, 1] |     0 | 203/203/0 200/188/1 0/530/0 0/530/0 | [0, 0] [0, 0] |    0   38     0 |   5.0  11.0 |
    513 |  0   0 | [1, 1] [1, 0] [1, 1] |     0 | 203/203/0 200/188/1 0/530/0 0/530/0 | [0, 0] [0, 0] |    0   39     0 |   5.0  11.0 |
    513 |  0   0 | [1, 1] [1, 0] [1, 1] |     0 | 203/203/0 200/189/1 0/530/0 0/530/0 | [0, 0] [0, 0] |    0   39     0 |   5.0  11.0 |
    513 |  0   0 | [1, 1] [1, 0] [1, 1] |     0 | 203/203/0 200/192/1 0/530/0 0/530/0 | [0, 0] [0, 0] |    0   39     0 |   5.0  11.0 |
    513 |  0   0 | [1, 1] [1, 0] [1, 1] |     0 | 203/203/0 200/196/1 0/530/0 0/530/0 | [0, 0] [0, 0] |    0   39     0 |   5.0  11.0 |
    513 |  0   0 | [1, 1] [1, 0] [1, 1] |     0 | 203/203/0 200/199/1 0/530/0 0/530/0 | [0, 0] [0, 0] |    0   39     0 |   5.0  11.0 |
    513 |  0   0 | [1, 1] [1, 0] [1, 1] |     0 | 203/203/0 200/200/0 0/530/0 0/530/0 | [0, 0] [0, 0] |    0   39     0 |   5.0  11.0 |
    514 |  0   0 | [1, 1] [1, 0] [1, 1] |     0 | 203/203/0 200/200/0 0/530/0 0/530/0 | [0, 0] [0, 0] |    0   40     0 |   5.0  11.0 |
    515 |  0   0 | [1, 1] [1, 0] [1, 1] |     0 | 203/203/0 200/200/0 0/530/0 0/530/0 | [0, 0] [0, 0] |    0   41     0 |   5.0  11.0 |
    516 |  0   0 | [1, 1] [1, 0] [1, 1] |     0 | 203/203/0 200/200/0 0/530/0 0/530/0 | [0, 0] [0, 0] |    0   42     0 |   5.0  11.0 |
    516 |  0   0 | [1, 1] [1, 0] [1, 1] |     0 | 204/204/0 200/200/0 0/530/0 0/530/0 | [0, 0] [0, 0] |    0   42     0 |   5.0  11.0 |
    517 |  0   0 | [1, 1] [1, 0] [1, 1] |     0 | 204/204/0 200/200/0 0/530/0 0/530/0 | [0, 0] [0, 0] |    0   43     0 |   5.0  11.0 |
    518 |  0   0 | [1, 1] [1, 0] [1, 1] |     0 | 204/204/0 200/200/0 0/530/0 0/530/0 | [0, 0] [0, 0] |    0   44     0 |   5.0  11.0 |
    519 |  0   0 | [1, 1] [1, 0] [1, 1] |     0 | 204/204/0 200/200/0 0/530/0 0/530/0 | [0, 0] [0, 0] |    0   45     0 |   5.0  11.0 |
    520 |  0   0 | [1, 1] [1, 0] [1, 1] |     0 | 204/204/0 200/200/0 0/530/0 0/530/0 | [0, 0] [0, 0] |    0   46     0 |   5.0  11.0 |
    521 |  0   0 | [1, 1] [1, 0] [1, 1] |     0 | 204/204/0 200/200/0 0/530/0 0/530/0 | [0, 0] [0, 0] |    0   47     0 |   5.0  11.0 |
    521 |  0   0 | [1, 1] [1, 0] [1, 1] |     0 | 205/205/0 200/200/0 0/530/0 0/530/0 | [0, 0] [0, 0] |    0   47     0 |   5.0  11.0 |
    522 |  0   0 | [1, 1] [1, 0] [1, 1] |     0 | 205/205/0 200/200/0 0/530/0 0/530/0 | [0, 0] [0, 0] |    0   48     0 |   5.0  11.0 |
    523 |  0   0 | [1, 1] [1, 0] [1, 1] |     0 | 205/205/0 200/200/0 0/530/0 0/530/0 | [0, 0] [0, 0] |    0   49     0 |   5.0  11.0 |
    524 |  0   0 | [1, 1] [1, 0] [1, 1] |     0 | 205/205/0 200/200/0 0/530/0 0/530/0 | [0, 0] [0, 0] |    0   50     0 |   5.0  11.0 |
    525 |  0   0 | [1, 1] [1, 0] [1, 1] |     0 | 205/205/0 200/200/0 0/530/0 0/530/0 | [0, 0] [0, 0] |    0   51     0 |   5.0  11.0 |
    526 |  0   0 | [1, 1] [1, 0] [1, 1] |     0 | 205/205/0 200/200/0 0/530/0 0/530/0 | [0, 0] [0, 0] |    0   52     0 |   5.0  11.0 |
    526 |  0   0 | [1, 1] [1, 0] [1, 1] |     0 | 206/206/0 200/200/0 0/530/0 0/530/0 | [0, 0] [0, 0] |    0   52     0 |   5.0  11.0 |
    527 |  0   0 | [1, 1] [1, 0] [1, 1] |     0 | 206/206/0 200/200/0 0/530/0 0/530/0 | [0, 0] [0, 0] |    0   53     0 |   5.0  11.0 |
    528 |  0   0 | [1, 1] [1, 0] [1, 1] |     0 | 206/206/0 200/200/0 0/530/0 0/530/0 | [0, 0] [0, 0] |    0   54     0 |   5.0  11.0 |
    529 |  0   0 | [1, 1] [1, 0] [1, 1] |     0 | 206/206/0 200/200/0 0/530/0 0/530/0 | [0, 0] [0, 0] |    0   55     0 |   5.0  11.0 |
    530 |  0   0 | [1, 1] [1, 0] [1, 1] |     0 | 206/206/0 200/200/0 0/530/0 0/530/0 | [0, 0] [0, 0] |    0   56     0 |   5.0  11.0 |
    531 |  0   0 | [1, 1] [1, 0] [1, 1] |     0 | 206/206/0 200/200/0 0/530/0 0/530/0 | [0, 0] [0, 0] |    0   57     0 |   5.0  11.0 |
    531 |  0   0 | [1, 1] [1, 0] [1, 1] |     0 | 207/207/0 200/200/0 0/530/0 0/530/0 | [0, 0] [0, 0] |    0   57     0 |   5.0  11.0 |
    532 |  0   0 | [1, 1] [1, 0] [1, 1] |     0 | 207/207/0 200/200/0 0/530/0 0/530/0 | [0, 0] [0, 0] |    0   58     0 |   5.0  11.0 |
    533 |  0   0 | [1, 1] [1, 0] [1, 1] |     0 | 207/207/0 200/200/0 0/530/0 0/530/0 | [0, 0] [0, 0] |    0   59     0 |   5.0  11.0 |
    534 |  0   0 | [1, 1] [1, 1] [1, 1] |     0 | 207/207/0 200/200/0 0/530/0 0/530/0 | [0, 0] [0, 0] |    0   60     0 |   5.0  11.0 |
    535 |  0   0 | [1, 1] [1, 1] [1, 1] |     0 | 207/207/0 200/200/0 0/530/0 0/530/0 | [0, 0] [0, 0] |    0   61     0 |   5.0  11.0 |
    536 |  0   0 | [1, 1] [1, 1] [1, 1] |     0 | 207/207/0 200/200/0 0/530/0 0/530/0 | [0, 0] [0, 0] |    0   62     0 |   5.0  11.0 |
    536 |  0   0 | [1, 1] [1, 1] [1, 1] |     0 | 208/208/0 200/200/0 0/530/0 0/530/0 | [0, 0] [0, 0] |    0   62     0 |   5.0  11.0 |
    537 |  0   0 | [1, 1] [1, 1] [1, 1] |     0 | 208/208/0 200/200/0 0/530/0 0/530/0 | [0, 0] [0, 0] |    0   63     0 |   5.0  11.0 |
    538 |  0   0 | [1, 1] [1, 1] [1, 1] |     0 | 208/208/0 200/200/0 0/530/0 0/530/0 | [0, 0] [0, 0] |    0   64     0 |   5.0  11.0 |
    539 |  0   0 | [1, 1] [1, 1] [1, 1] |     0 | 208/208/0 201/201/0 0/530/0 0/530/0 | [0, 0] [0, 0] |    0   64     0 |   5.0  11.0 |
    539 |  0   0 | [1, 1] [1, 1] [1, 1] |     0 | 208/208/0 201/201/0 0/530/0 0/530/0 | [0, 0] [0, 0] |    0   65     0 |   5.0  11.0 |
    540 |  0   0 | [1, 1] [1, 1] [1, 1] |     0 | 208/208/0 201/201/0 0/530/0 0/530/0 | [0, 0] [0, 0] |    0   66     0 |   5.0  11.0 |
    541 |  0   0 | [1, 1] [1, 1] [1, 1] |     0 | 208/208/0 201/201/0 0/530/0 0/530/0 | [0, 0] [0, 0] |    0   67     0 |   5.0  11.0 |
    541 |  0   0 | [1, 1] [1, 1] [1, 1] |     0 | 209/209/0 201/201/0 0/530/0 0/530/0 | [0, 0] [0, 0] |    0   67     0 |   5.0  11.0 |
    542 |  0   0 | [1, 1] [1, 1] [1, 1] |     0 | 209/209/0 201/201/0 0/530/0 0/530/0 | [0, 0] [0, 0] |    0   68     0 |   5.0  11.0 |
    543 |  0   0 | [1, 1] [1, 1] [1, 1] |     0 | 209/209/0 201/201/0 0/530/0 0/530/0 | [0, 0] [0, 0] |    0   69     0 |   5.0  11.0 |
    544 |  0   0 | [1, 1] [1, 1] [1, 1] |     0 | 209/209/0 201/201/0 0/530/0 0/530/0 | [0, 0] [0, 0] |    0   70     0 |   5.0  11.0 |
    545 |  0   0 | [1, 1] [1, 1] [1, 1] |     0 | 209/209/0 201/201/0 0/530/0 0/530/0 | [0, 0] [0, 0] |    0   71     0 |   5.0  11.0 |
    546 |  0   0 | [1, 1] [1, 1] [1, 1] |     0 | 209/209/0 201/201/0 0/530/0 0/530/0 | [0, 0] [0, 0] |    0   72     0 |   5.0  11.0 |
    546 |  0   0 | [1, 1] [1, 1] [1, 1] |     0 | 210/210/0 201/201/0 0/530/0 0/530/0 | [0, 0] [0, 0] |    0   72     0 |   5.0  11.0 |
    547 |  0   0 | [1, 1] [1, 1] [1, 1] |     0 | 210/210/0 201/201/0 0/530/0 0/530/0 | [0, 0] [0, 0] |    0   73     0 |   5.0  11.0 |
    548 |  0   0 | [1, 1] [1, 1] [1, 1] |     0 | 210/210/0 201/201/0 0/530/0 0/530/0 | [0, 0] [0, 0] |    0   74     0 |   5.0  11.0 |
    549 |  0   0 | [1, 1] [1, 1] [1, 1] |     0 | 210/210/0 202/202/0 0/530/0 0/530/0 | [0, 0] [0, 0] |    0   74     0 |   5.0  11.0 |
    549 |  0   0 | [1, 1] [1, 1] [1, 1] |     0 | 210/210/0 202/202/0 0/530/0 0/530/0 | [0, 0] [0, 0] |    0   75     0 |   5.0  11.0 |
    550 |  0   0 | [1, 1] [1, 1] [1, 1] |     0 | 210/210/0 202/202/0 0/530/0 0/530/0 | [0, 0] [0, 0] |    0   76     0 |   5.0  11.0 |
    551 |  0   0 | [1, 1] [1, 1] [1, 1] |     0 | 210/210/0 202/202/0 0/530/0 0/530/0 | [0, 0] [0, 0] |    0   77     0 |   5.0  11.0 |
    551 |  0   0 | [1, 1] [1, 1] [1, 1] |     0 | 211/211/0 202/202/0 0/530/0 0/530/0 | [0, 0] [0, 0] |    0   77     0 |   5.0  11.0 |
    552 |  0   0 | [1, 1] [1, 1] [1, 1] |     0 | 211/211/0 202/202/0 0/530/0 0/530/0 | [0, 0] [0, 0] |    0   78     0 |   5.0  11.0 |
    553 |  0   0 | [1, 1] [1, 1] [1, 1] |     0 | 211/211/0 202/202/0 0/530/0 0/530/0 | [0, 0] [0, 0] |    0   79     0 |   5.0  11.0 |
    554 |  0   0 | [1, 1] [1, 1] [1, 1] |     0 | 211/211/0 202/202/0 0/530/0 0/530/0 | [0, 0] [0, 0] |    0   80     0 |   5.0  11.0 |
    555 |  0   0 | [1, 1] [1, 1] [1, 1] |     0 | 211/211/0 202/202/0 0/530/0 0/530/0 | [0, 0] [0, 0] |    0   81     0 |   5.0  11.0 |
    556 |  0   0 | [1, 1] [1, 1] [1, 1] |     0 | 211/211/0 202/202/0 0/530/0 0/530/0 | [0, 0] [0, 0] |    0   82     0 |   5.0  11.0 |
    556 |  0   0 | [1, 1] [1, 1] [1, 1] |     0 | 212/212/0 202/202/0 0/530/0 0/530/0 | [0, 0] [0, 0] |    0   82     0 |   5.0  11.0 |
    557 |  0   0 | [1, 1] [1, 1] [1, 1] |     0 | 212/212/0 202/202/0 0/530/0 0/530/0 | [0, 0] [0, 0] |    0   83     0 |   5.0  11.0 |
    558 |  0   0 | [1, 1] [1, 1] [1, 1] |     0 | 212/212/0 202/202/0 0/530/0 0/530/0 | [0, 0] [0, 0] |    0   84     0 |   5.0  11.0 |
    559 |  0   0 | [1, 1] [1, 1] [1, 1] |     0 | 212/212/0 203/203/0 0/530/0 0/530/0 | [0, 0] [0, 0] |    0   85     0 |   5.0  11.0 |
    560 |  0   0 | [1, 1] [1, 1] [1, 1] |     0 | 212/212/0 203/203/0 0/530/0 0/530/0 | [0, 0] [0, 0] |    0   86     0 |   5.0  11.0 |
    561 |  0   0 | [1, 1] [1, 1] [1, 1] |     0 | 212/212/0 203/203/0 0/530/0 0/530/0 | [0, 0] [0, 0] |    0   87     0 |   5.0  11.0 |
    561 |  0   0 | [1, 1] [1, 1] [1, 1] |     0 | 213/213/0 203/203/0 0/530/0 0/530/0 | [0, 0] [0, 0] |    0   87     0 |   5.0  11.0 |
    562 |  0   0 | [1, 1] [1, 1] [1, 1] |     0 | 213/213/0 203/203/0 0/530/0 0/530/0 | [0, 0] [0, 0] |    0   88     0 |   5.0  11.0 |
    563 |  0   0 | [1, 1] [1, 1] [1, 1] |     0 | 213/213/0 203/203/0 0/530/0 0/530/0 | [0, 0] [0, 0] |    0   89     0 |   5.0  11.0 |
    564 |  0   0 | [1, 1] [1, 1] [1, 1] |     0 | 213/213/0 203/203/0 0/530/0 0/530/0 | [0, 0] [0, 0] |    0   90     0 |   5.0  11.0 |
    565 |  0   0 | [1, 1] [1, 1] [1, 1] |     0 | 213/213/0 203/203/0 0/530/0 0/530/0 | [0, 0] [0, 0] |    0   91     0 |   5.0  11.0 |
    566 |  0   0 | [1, 1] [1, 1] [1, 1] |     0 | 213/213/0 203/203/0 0/530/0 0/530/0 | [0, 0] [0, 0] |    0   92     0 |   5.0  11.0 |
    566 |  0   0 | [1, 1] [1, 1] [1, 1] |     0 | 214/214/0 203/203/0 0/530/0 0/530/0 | [0, 0] [0, 0] |    0   92     0 |   5.0  11.0 |
    567 |  0   0 | [1, 1] [1, 1] [1, 1] |     0 | 214/214/0 203/203/0 0/530/0 0/530/0 | [0, 0] [0, 0] |    0   93     0 |   5.0  11.0 |
    568 |  0   0 | [1, 1] [1, 1] [1, 1] |     0 | 214/214/0 203/203/0 0/530/0 0/530/0 | [0, 0] [0, 0] |    0   94     0 |   5.0  11.0 |
    569 |  0   0 | [1, 1] [1, 1] [1, 1] |     0 | 214/214/0 204/204/0 0/530/0 0/530/0 | [0, 0] [0, 0] |    0   95     0 |   5.0  11.0 |
    570 |  0   0 | [1, 1] [1, 1] [1, 1] |     0 | 214/214/0 204/204/0 0/530/0 0/530/0 | [0, 0] [0, 0] |    0   96     0 |   5.0  11.0 |
    571 |  0   0 | [1, 1] [1, 1] [1, 1] |     0 | 214/214/0 204/204/0 0/530/0 0/530/0 | [0, 0] [0, 0] |    0   97     0 |   5.0  11.0 |
    571 |  0   0 | [1, 1] [1, 1] [1, 1] |     0 | 215/215/0 204/204/0 0/530/0 0/530/0 | [0, 0] [0, 0] |    0   97     0 |   5.0  11.0 |
    572 |  0   0 | [1, 1] [1, 1] [1, 1] |     0 | 215/215/0 204/204/0 0/530/0 0/530/0 | [0, 0] [0, 0] |    0   98     0 |   5.0  11.0 |
    573 |  0   0 | [1, 1] [1, 1] [1, 1] |     0 | 215/215/0 204/204/0 0/530/0 0/530/0 | [0, 0] [0, 0] |    0   99     0 |   5.0  11.0 |
    574 |  0   0 | [1, 1] [1, 1] [1, 1] |     0 | 215/215/0 204/204/0 0/530/0 0/530/0 | [0, 0] [0, 0] |    0  100     0 |   5.0  11.0 |
    575 |  0   0 | [1, 1] [1, 1] [1, 1] |     0 | 215/215/0 204/204/0 0/530/0 0/530/0 | [0, 0] [0, 0] |    0  101     0 |   5.0  11.0 |
    576 |  0   0 | [1, 1] [1, 1] [1, 1] |     0 | 215/215/0 204/204/0 0/530/0 0/530/0 | [0, 0] [0, 0] |    0  102     0 |   5.0  11.0 |
    576 |  0   0 | [1, 1] [1, 1] [1, 1] |     0 | 216/216/0 204/204/0 0/530/0 0/530/0 | [0, 0] [0, 0] |    0  102     0 |   5.0  11.0 |
    577 |  0   0 | [1, 1] [1, 1] [1, 1] |     0 | 216/216/0 204/204/0 0/530/0 0/530/0 | [0, 0] [0, 0] |    0  103     0 |   5.0  11.0 |
    578 |  0   0 | [1, 1] [1, 1] [1, 1] |     0 | 216/216/0 204/204/0 0/530/0 0/530/0 | [0, 0] [0, 0] |    0  104     0 |   5.0  11.0 |
    579 |  0   0 | [1, 1] [1, 1] [1, 1] |     0 | 216/216/0 204/204/0 0/530/0 0/530/0 | [0, 0] [0, 0] |    0  105     0 |   5.0  11.0 |
    580 |  0   0 | [1, 1] [1, 1] [1, 1] |     0 | 216/216/0 204/204/0 0/530/0 0/530/0 | [0, 0] [0, 0] |    0  106     0 |   5.0  11.0 |
    581 |  0   0 | [1, 1] [1, 1] [1, 1] |     0 | 216/216/0 204/204/0 0/530/0 0/530/0 | [0, 0] [0, 0] |    0  107     0 |   5.0  11.0 |
    581 |  0   0 | [1, 1] [1, 1] [1, 1] |     0 | 217/217/0 204/204/0 0/530/0 0/530/0 | [0, 0] [0, 0] |    0  107     0 |   5.0  11.0 |
    582 |  0   0 | [1, 1] [1, 1] [1, 1] |     0 | 217/217/0 204/204/0 0/530/0 0/530/0 | [0, 0] [0, 0] |    0  108     0 |   5.0  11.0 |
    583 |  0   0 | [1, 1] [1, 1] [1, 1] |     0 | 217/217/0 204/204/0 0/530/0 0/530/0 | [0, 0] [0, 0] |    0  109     0 |   5.0  11.0 |
    584 |  0   0 | [1, 1] [1, 1] [1, 1] |     0 | 217/217/0 204/204/0 0/530/0 0/530/0 | [0, 0] [0, 0] |    0  110     0 |   5.0  11.0 |
    584 |  0   0 | [1, 1] [1, 1] [1, 1] |     0 | 217/217/0 205/205/0 0/530/0 0/530/0 | [0, 0] [0, 0] |    0  110     0 |   5.0  11.0 |
    585 |  0   0 | [1, 1] [1, 1] [1, 1] |     0 | 217/217/0 205/205/0 0/530/0 0/530/0 | [0, 0] [0, 0] |    0  111     0 |   5.0  11.0 |
    586 |  0   0 | [1, 1] [1, 1] [1, 1] |     0 | 217/217/0 205/205/0 0/530/0 0/530/0 | [0, 0] [0, 0] |    0  112     0 |   5.0  11.0 |
    586 |  0   0 | [1, 1] [1, 1] [1, 1] |     0 | 218/218/0 205/205/0 0/530/0 0/530/0 | [0, 0] [0, 0] |    0  112     0 |   5.0  11.0 |
    587 |  0   0 | [1, 1] [1, 1] [1, 1] |     0 | 218/218/0 205/205/0 0/530/0 0/530/0 | [0, 0] [0, 0] |    0  113     0 |   5.0  11.0 |
    588 |  0   0 | [1, 1] [1, 1] [1, 1] |     0 | 218/218/0 205/205/0 0/530/0 0/530/0 | [0, 0] [0, 0] |    0  114     0 |   5.0  11.0 |
    589 |  0   0 | [1, 1] [1, 1] [1, 1] |     0 | 218/218/0 205/205/0 0/530/0 0/530/0 | [0, 0] [0, 0] |    0  115     0 |   5.0  11.0 |
    590 |  0   0 | [1, 1] [1, 1] [1, 1] |     0 | 218/218/0 205/205/0 0/530/0 0/530/0 | [0, 0] [0, 0] |    0  116     0 |   5.0  11.0 |
    591 |  0   0 | [1, 1] [1, 1] [1, 1] |     0 | 218/218/0 205/205/0 0/530/0 0/530/0 | [0, 0] [0, 0] |    0  117     0 |   5.0  11.0 |
    591 |  0   0 | [1, 1] [1, 1] [1, 1] |     0 | 219/219/0 205/205/0 0/530/0 0/530/0 | [0, 0] [0, 0] |    0  117     0 |   5.0  11.0 |
    592 |  0   0 | [1, 1] [1, 1] [1, 1] |     0 | 219/219/0 205/205/0 0/530/0 0/530/0 | [0, 0] [0, 0] |    0  118     0 |   5.0  11.0 |
    593 |  0   0 | [1, 1] [1, 1] [1, 1] |     0 | 219/219/0 205/205/0 0/530/0 0/530/0 | [0, 0] [0, 0] |    0  119     0 |   5.0  11.0 |
    594 |  0   0 | [1, 1] [1, 1] [1, 1] |     0 | 219/219/0 205/205/0 0/530/0 0/530/0 | [0, 0] [0, 0] |    0  120     0 |   5.0  11.0 |
    594 |  0   0 | [1, 1] [1, 1] [1, 1] |     0 | 219/219/0 206/206/0 0/530/0 0/530/0 | [0, 0] [0, 0] |    0  120     0 |   5.0  11.0 |
    595 |  0   0 | [1, 1] [1, 1] [1, 1] |     0 | 219/219/0 206/206/0 0/530/0 0/530/0 | [0, 0] [0, 0] |    0  121     0 |   5.0  11.0 |
    596 |  0   0 | [1, 1] [1, 1] [1, 1] |     0 | 219/219/0 206/206/0 0/530/0 0/530/0 | [0, 0] [0, 0] |    0  122     0 |   5.0  11.0 |
    597 |  0   0 | [1, 1] [1, 1] [1, 1] |     0 | 219/219/0 206/206/0 0/530/0 0/530/0 | [0, 0] [0, 0] |    0  123     0 |   5.0  11.0 |
    598 |  0   0 | [1, 1] [1, 1] [1, 1] |     0 | 219/219/0 206/206/0 0/530/0 0/530/0 | [0, 0] [0, 0] |    0  124     0 |   5.0  11.0 |
    599 |  0   0 | [1, 1] [1, 1] [1, 1] |     0 | 219/219/0 206/206/0 0/530/0 0/530/0 | [0, 0] [0, 0] |    0  125     0 |   5.0  11.0 |
    600 |  0   0 | [1, 1] [1, 1] [1, 1] |     0 | 219/219/0 206/206/0 0/530/0 0/530/0 | [0, 0] [0, 0] |    0  126     0 |   5.0  11.0 |
    601 |  0   0 | [1, 1] [1, 1] [1, 1] |     0 | 219/219/0 206/206/0 0/530/0 0/530/0 | [0, 0] [0, 0] |    0  127     0 |   5.0  11.0 |
    602 |  0   0 | [1, 1] [1, 1] [1, 1] |     0 | 220/220/0 206/206/0 0/530/0 0/530/0 | [0, 0] [0, 0] |    0  127     0 |   5.0  11.0 |
    602 |  0   0 | [1, 1] [1, 1] [1, 1] |     0 | 220/220/0 206/206/0 0/530/0 0/530/0 | [0, 0] [0, 0] |    0  128     0 |   5.0  11.0 |
    603 |  0   0 | [1, 1] [1, 1] [1, 1] |     0 | 220/220/0 206/206/0 0/530/0 0/530/0 | [0, 0] [0, 0] |    0  129     0 |   5.0  11.0 |
    604 |  0   0 | [1, 1] [1, 1] [1, 1] |     0 | 220/220/0 206/206/0 0/530/0 0/530/0 | [0, 0] [0, 0] |    0  130     0 |   5.0  11.0 |
    604 |  0   0 | [1, 1] [1, 1] [1, 1] |     0 | 220/220/0 207/207/0 0/530/0 0/530/0 | [0, 0] [0, 0] |    0  130     0 |   5.0  11.0 |
    605 |  0   0 | [1, 1] [1, 1] [1, 1] |     0 | 220/220/0 207/207/0 0/530/0 0/530/0 | [0, 0] [0, 0] |    0  131     0 |   5.0  11.0 |
    606 |  0   0 | [1, 1] [1, 1] [1, 1] |     0 | 220/220/0 207/207/0 0/530/0 0/530/0 | [0, 0] [0, 0] |    0  132     0 |   5.0  11.0 |
    607 |  0   0 | [1, 1] [1, 1] [1, 1] |     0 | 221/221/0 207/207/0 0/530/0 0/530/0 | [0, 0] [0, 0] |    0  132     0 |   5.0  11.0 |
    607 |  0   0 | [1, 1] [1, 1] [1, 1] |     0 | 221/221/0 207/207/0 0/530/0 0/530/0 | [0, 0] [0, 0] |    0  133     0 |   5.0  11.0 |
    608 |  0   0 | [1, 1] [1, 1] [1, 1] |     0 | 221/221/0 207/207/0 0/530/0 0/530/0 | [0, 0] [0, 0] |    0  134     0 |   5.0  11.0 |
    609 |  0   0 | [1, 1] [1, 1] [1, 1] |     0 | 221/221/0 207/207/0 0/530/0 0/530/0 | [0, 0] [0, 0] |    0  135     0 |   5.0  11.0 |
    610 |  0   0 | [1, 1] [1, 1] [1, 1] |     0 | 221/221/0 207/207/0 0/530/0 0/530/0 | [0, 0] [0, 0] |    0  136     0 |   5.0  11.0 |
    611 |  0   0 | [1, 1] [1, 1] [1, 1] |     0 | 221/221/0 207/207/0 0/530/0 0/530/0 | [0, 0] [0, 0] |    0  137     0 |   5.0  11.0 |
    612 |  0   0 | [1, 1] [1, 1] [1, 1] |     0 | 222/222/0 207/207/0 0/530/0 0/530/0 | [0, 0] [0, 0] |    0  137     0 |   5.0  11.0 |
    612 |  0   0 | [1, 1] [1, 1] [1, 1] |     0 | 222/222/0 207/207/0 0/530/0 0/530/0 | [0, 0] [0, 0] |    0  138     0 |   5.0  11.0 |
    613 |  0   0 | [1, 1] [1, 1] [1, 1] |     0 | 222/222/0 207/207/0 0/530/0 0/530/0 | [0, 0] [0, 0] |    0  139     0 |   5.0  11.0 |
    614 |  0   0 | [1, 1] [1, 1] [1, 1] |     0 | 222/222/0 207/207/0 0/530/0 0/530/0 | [0, 0] [0, 0] |    0  140     0 |   5.0  11.0 |
    614 |  0   0 | [1, 1] [1, 1] [1, 1] |     0 | 222/222/0 208/208/0 0/530/0 0/530/0 | [0, 0] [0, 0] |    0  140     0 |   5.0  11.0 |
    615 |  0   0 | [1, 1] [1, 1] [1, 1] |     0 | 222/222/0 208/208/0 0/530/0 0/530/0 | [0, 0] [0, 0] |    0  141     0 |   5.0  11.0 |
    616 |  0   0 | [1, 1] [1, 1] [1, 1] |     0 | 222/222/0 208/208/0 0/530/0 0/530/0 | [0, 0] [0, 0] |    0  142     0 |   5.0  11.0 |
    617 |  0   0 | [1, 1] [1, 1] [1, 1] |     0 | 223/223/0 208/208/0 0/530/0 0/530/0 | [0, 0] [0, 0] |    0  142     0 |   5.0  11.0 |
    617 |  0   0 | [1, 1] [1, 1] [1, 1] |     0 | 223/223/0 208/208/0 0/530/0 0/530/0 | [0, 0] [0, 0] |    0  143     0 |   5.0  11.0 |
    618 |  0   0 | [1, 1] [1, 1] [1, 1] |     0 | 223/223/0 208/208/0 0/530/0 0/530/0 | [0, 0] [0, 0] |    0  144     0 |   5.0  11.0 |
    619 |  0   0 | [1, 1] [1, 1] [1, 1] |     0 | 223/223/0 208/208/0 0/530/0 0/530/0 | [0, 0] [0, 0] |    0  145     0 |   5.0  11.0 |
    620 |  0   0 | [1, 1] [1, 1] [1, 1] |     0 | 223/223/0 208/208/0 0/530/0 0/530/0 | [0, 0] [0, 0] |    0  146     0 |   5.0  11.0 |
    621 |  0   0 | [1, 1] [1, 1] [1, 1] |     0 | 223/223/0 208/208/0 0/530/0 0/530/0 | [0, 0] [0, 0] |    0  147     0 |   5.0  11.0 |
    622 |  0   0 | [1, 1] [1, 1] [1, 1] |     0 | 224/224/0 208/208/0 0/530/0 0/530/0 | [0, 0] [0, 0] |    0  147     0 |   5.0  11.0 |
    622 |  0   0 | [1, 1] [1, 1] [1, 1] |     0 | 224/224/0 208/208/0 0/530/0 0/530/0 | [0, 0] [0, 0] |    0  148     0 |   5.0  11.0 |
    623 |  0   0 | [1, 1] [1, 1] [1, 1] |     0 | 224/224/0 208/208/0 0/530/0 0/530/0 | [0, 0] [0, 0] |    0  149     0 |   5.0  11.0 |
    624 |  0   0 | [1, 1] [1, 1] [1, 1] |     0 | 224/224/0 208/208/0 0/530/0 0/530/0 | [0, 0] [0, 0] |    0  150     0 |   5.0  11.0 |
    624 |  0   0 | [1, 1] [1, 1] [1, 1] |     0 | 224/224/0 209/209/0 0/530/0 0/530/0 | [0, 0] [0, 0] |    0  150     0 |   5.0  11.0 |
    625 |  0   0 | [1, 1] [1, 1] [1, 1] |     0 | 224/224/0 209/209/0 0/530/0 0/530/0 | [0, 0] [0, 0] |    0  151     0 |   5.0  11.0 |
    626 |  0   0 | [1, 1] [1, 1] [1, 1] |     0 | 224/224/0 209/209/0 0/530/0 0/530/0 | [0, 0] [0, 0] |    0  152     0 |   5.0  11.0 |
    627 |  0   0 | [1, 1] [1, 1] [1, 1] |     0 | 225/225/0 209/209/0 0/530/0 0/530/0 | [0, 0] [0, 0] |    0  152     0 |   5.0  11.0 |
    627 |  0   0 | [1, 1] [1, 1] [1, 1] |     0 | 225/225/0 209/209/0 0/530/0 0/530/0 | [0, 0] [0, 0] |    0  153     0 |   5.0  11.0 |
    628 |  0   0 | [1, 1] [1, 1] [1, 1] |     0 | 225/225/0 209/209/0 0/530/0 0/530/0 | [0, 0] [0, 0] |    0  154     0 |   5.0  11.0 |
    629 |  0   0 | [1, 1] [1, 1] [1, 1] |     0 | 225/225/0 209/209/0 0/530/0 0/530/0 | [0, 0] [0, 0] |    0  155     0 |   5.0  11.0 |
    630 |  0   0 | [1, 1] [1, 1] [1, 1] |     0 | 225/225/0 209/209/0 0/530/0 0/530/0 | [0, 0] [0, 0] |    0  156     0 |   5.0  11.0 |
    631 |  0   0 | [1, 1] [1, 1] [1, 1] |     0 | 225/225/0 209/209/0 0/530/0 0/530/0 | [0, 0] [0, 0] |    0  157     0 |   5.0  11.0 |
    632 |  0   0 | [1, 1] [1, 1] [1, 1] |     0 | 226/226/0 209/209/0 0/530/0 0/530/0 | [0, 0] [0, 0] |    0  158     0 |   5.0  11.0 |
    633 |  0   0 | [1, 1] [1, 1] [1, 1] |     0 | 226/226/0 209/209/0 0/530/0 0/530/0 | [0, 0] [0, 0] |    0  159     0 |   5.0  11.0 |
    634 |  0   0 | [1, 1] [1, 1] [1, 1] |     0 | 226/226/0 209/209/0 0/530/0 0/530/0 | [0, 0] [0, 0] |    0  160     0 |   5.0  11.0 |
    635 |  0   0 | [1, 1] [1, 1] [1, 1] |     0 | 226/226/0 209/209/0 0/530/0 0/530/0 | [0, 0] [0, 0] |    0  161     0 |   5.0  11.0 |
    636 |  0   0 | [1, 1] [1, 1] [1, 1] |     0 | 226/226/0 209/209/0 0/530/0 0/530/0 | [0, 0] [0, 0] |    0  162     0 |   5.0  11.0 |
    637 |  0   0 | [1, 1] [1, 1] [1, 1] |     0 | 226/226/0 209/209/0 0/530/0 0/530/0 | [0, 0] [0, 0] |    0  163     0 |   5.0  11.0 |
    637 |  0   0 | [1, 1] [1, 1] [1, 1] |     0 | 227/227/0 209/209/0 0/530/0 0/530/0 | [0, 0] [0, 0] |    0  163     0 |   5.0  11.0 |
    638 |  0   0 | [1, 1] [1, 1] [1, 1] |     0 | 227/227/0 209/209/0 0/530/0 0/530/0 | [0, 0] [0, 0] |    0  164     0 |   5.0  11.0 |
    639 |  0   0 | [1, 1] [1, 1] [1, 1] |     0 | 227/227/0 209/209/0 0/530/0 0/530/0 | [0, 0] [0, 0] |    0  165     0 |   5.0  11.0 |
    639 |  0   0 | [1, 1] [1, 1] [1, 1] |     0 | 227/227/0 210/210/0 0/530/0 0/530/0 | [0, 0] [0, 0] |    0  165     0 |   5.0  11.0 |
    640 |  0   0 | [1, 1] [1, 1] [1, 1] |     0 | 227/227/0 210/210/0 0/530/0 0/530/0 | [0, 0] [0, 0] |    0  166     0 |   5.0  11.0 |
    641 |  0   0 | [1, 1] [1, 1] [1, 1] |     0 | 227/227/0 210/210/0 0/530/0 0/530/0 | [0, 0] [0, 0] |    0  167     0 |   5.0  11.0 |
    642 |  0   0 | [1, 1] [1, 1] [1, 1] |     0 | 227/227/0 210/210/0 0/530/0 0/530/0 | [0, 0] [0, 0] |    0  168     0 |   5.0  11.0 |
    642 |  0   0 | [1, 1] [1, 1] [1, 1] |     0 | 228/228/0 210/210/0 0/530/0 0/530/0 | [0, 0] [0, 0] |    0  168     0 |   5.0  11.0 |
    643 |  0   0 | [1, 1] [1, 1] [1, 1] |     0 | 228/228/0 210/210/0 0/530/0 0/530/0 | [0, 0] [0, 0] |    0  169     0 |   5.0  11.0 |
    644 |  0   0 | [1, 1] [1, 1] [1, 1] |     0 | 228/228/0 210/210/0 0/530/0 0/530/0 | [0, 0] [0, 0] |    0  170     0 |   5.0  11.0 |
    645 |  0   0 | [1, 1] [1, 1] [1, 1] |     0 | 228/228/0 210/210/0 0/530/0 0/530/0 | [0, 0] [0, 0] |    0  171     0 |   5.0  11.0 |
    646 |  0   0 | [1, 1] [1, 1] [1, 1] |     0 | 228/228/0 210/210/0 0/530/0 0/530/0 | [0, 0] [0, 0] |    0  172     0 |   5.0  11.0 |
    647 |  0   0 | [1, 1] [1, 1] [1, 1] |     0 | 228/228/0 210/210/0 0/530/0 0/530/0 | [0, 0] [0, 0] |    0  173     0 |   5.0  11.0 |
    647 |  0   0 | [1, 1] [1, 1] [1, 1] |     0 | 229/229/0 210/210/0 0/530/0 0/530/0 | [0, 0] [0, 0] |    0  173     0 |   5.0  11.0 |
    648 |  0   0 | [1, 1] [1, 1] [1, 1] |     0 | 229/229/0 210/210/0 0/530/0 0/530/0 | [0, 0] [0, 0] |    0  174     0 |   5.0  11.0 |
    649 |  0   0 | [1, 1] [1, 1] [1, 1] |     0 | 229/229/0 210/210/0 0/530/0 0/530/0 | [0, 0] [0, 0] |    0  175     0 |   5.0  11.0 |
    649 |  0   0 | [1, 1] [1, 1] [1, 1] |     0 | 229/229/0 211/211/0 0/530/0 0/530/0 | [0, 0] [0, 0] |    0  175     0 |   5.0  11.0 |
    650 |  0   0 | [1, 1] [1, 1] [1, 1] |     0 | 229/229/0 211/211/0 0/530/0 0/530/0 | [0, 0] [0, 0] |    0  176     0 |   5.0  11.0 |
    651 |  0   0 | [1, 1] [1, 1] [1, 1] |     0 | 229/229/0 211/211/0 0/530/0 0/530/0 | [0, 0] [0, 0] |    0  177     0 |   5.0  11.0 |
    652 |  0   0 | [1, 1] [1, 1] [1, 1] |     0 | 229/229/0 211/211/0 0/530/0 0/530/0 | [0, 0] [0, 0] |    0  178     0 |   5.0  11.0 |
    652 |  0   0 | [1, 1] [1, 1] [1, 1] |     0 | 230/230/0 211/211/0 0/530/0 0/530/0 | [0, 0] [0, 0] |    0  178     0 |   5.0  11.0 |
    653 |  0   0 | [1, 1] [1, 1] [1, 1] |     0 | 230/230/0 211/211/0 0/530/0 0/530/0 | [0, 0] [0, 0] |    0  179     0 |   5.0  11.0 |
    654 |  0   0 | [1, 1] [1, 1] [1, 1] |     0 | 230/230/0 211/211/0 0/530/0 0/530/0 | [0, 0] [0, 0] |    0  180     0 |   5.0  11.0 |
    655 |  0   0 | [1, 1] [1, 1] [1, 1] |     0 | 230/230/0 211/211/0 0/530/0 0/530/0 | [0, 0] [0, 0] |    0  181     0 |   5.0  11.0 |
    656 |  0   0 | [1, 1] [1, 1] [1, 1] |     0 | 230/230/0 211/211/0 0/530/0 0/530/0 | [0, 0] [0, 0] |    0  182     0 |   5.0  11.0 |
    657 |  0   0 | [1, 1] [1, 1] [1, 1] |     0 | 230/230/0 211/211/0 0/530/0 0/530/0 | [0, 0] [0, 0] |    0  183     0 |   5.0  11.0 |
    657 |  0   0 | [1, 1] [1, 1] [1, 1] |     0 | 230/230/1 211/211/0 0/530/0 0/530/0 | [0, 0] [0, 0] |    0  183     0 |   5.0  11.0 |
    657 |  0   0 | [1, 1] [1, 1] [1, 1] |     0 | 231/231/0 211/211/0 0/530/0 0/530/0 | [0, 0] [0, 0] |    0  183     0 |   5.0  11.0 |
    658 |  0   0 | [1, 1] [1, 1] [1, 1] |     0 | 231/231/0 211/211/0 0/530/0 0/530/0 | [0, 0] [0, 0] |    0  184     0 |   5.0  11.0 |
    659 |  0   0 | [1, 1] [1, 1] [1, 1] |     0 | 231/231/0 211/211/0 0/530/0 0/530/0 | [0, 0] [0, 0] |    0  185     0 |   5.0  11.0 |
    659 |  0   0 | [1, 1] [1, 1] [1, 1] |     0 | 231/231/0 212/212/0 0/530/0 0/530/0 | [0, 0] [0, 0] |    0  185     0 |   5.0  11.0 |
    660 |  0   0 | [1, 1] [1, 1] [1, 1] |     0 | 231/231/0 212/212/0 0/530/0 0/530/0 | [0, 0] [0, 0] |    0  186     0 |   5.0  11.0 |
    661 |  0   0 | [1, 1] [1, 1] [1, 1] |     0 | 231/231/0 212/212/0 0/530/0 0/530/0 | [0, 0] [0, 0] |    0  187     0 |   5.0  11.0 |
    662 |  0   0 | [1, 1] [1, 1] [1, 1] |     0 | 231/231/0 212/212/0 0/530/0 0/530/0 | [0, 0] [0, 0] |    0  188     0 |   5.0  11.0 |
    662 |  0   0 | [1, 1] [1, 1] [1, 1] |     0 | 232/232/0 212/212/0 0/530/0 0/530/0 | [0, 0] [0, 0] |    0  188     0 |   5.0  11.0 |
    663 |  0   0 | [1, 1] [1, 1] [1, 1] |     0 | 232/232/0 212/212/0 0/530/0 0/530/0 | [0, 0] [0, 0] |    0  189     0 |   5.0  11.0 |
    664 |  0   0 | [1, 1] [1, 1] [1, 1] |     0 | 232/232/0 212/212/0 0/530/0 0/530/0 | [0, 0] [0, 0] |    0  190     0 |   5.0  11.0 |
    665 |  0   0 | [1, 1] [1, 1] [1, 1] |     0 | 232/232/0 212/212/0 0/530/0 0/530/0 | [0, 0] [0, 0] |    0  191     0 |   5.0  11.0 |
    666 |  0   0 | [1, 1] [1, 1] [1, 1] |     0 | 232/232/0 212/212/0 0/530/0 0/530/0 | [0, 0] [0, 0] |    0  192     0 |   5.0  11.0 |
    667 |  0   0 | [1, 1] [1, 1] [1, 1] |     0 | 232/232/0 212/212/0 0/530/0 0/530/0 | [0, 0] [0, 0] |    0  193     0 |   5.0  11.0 |
    667 |  0   0 | [1, 1] [1, 1] [1, 1] |     0 | 233/233/0 212/212/0 0/530/0 0/530/0 | [0, 0] [0, 0] |    0  193     0 |   5.0  11.0 |
    668 |  0   0 | [1, 1] [1, 1] [1, 1] |     0 | 233/233/0 212/212/0 0/530/0 0/530/0 | [0, 0] [0, 0] |    0  194     0 |   5.0  11.0 |
    669 |  0   0 | [1, 1] [1, 1] [1, 1] |     0 | 233/233/0 212/212/0 0/530/0 0/530/0 | [0, 0] [0, 0] |    0  195     0 |   5.0  11.0 |
    670 |  0   0 | [1, 1] [1, 1] [1, 1] |     0 | 233/233/0 213/213/0 0/530/0 0/530/0 | [0, 0] [0, 0] |    0  195     0 |   5.0  11.0 |
    670 |  0   0 | [1, 1] [1, 1] [1, 1] |     0 | 233/233/0 213/213/0 0/530/0 0/530/0 | [0, 0] [0, 0] |    0  196     0 |   5.0  11.0 |
    671 |  0   0 | [1, 1] [1, 1] [1, 1] |     0 | 233/233/0 213/213/0 0/530/0 0/530/0 | [0, 0] [0, 0] |    0  197     0 |   5.0  11.0 |
    672 |  0   0 | [1, 1] [1, 1] [1, 1] |     0 | 233/233/0 213/213/0 0/530/0 0/530/0 | [0, 0] [0, 0] |    0  198     0 |   5.0  11.0 |
    672 |  0   0 | [1, 1] [1, 1] [1, 1] |     0 | 234/234/0 213/213/0 0/530/0 0/530/0 | [0, 0] [0, 0] |    0  198     0 |   5.0  11.0 |
    673 |  0   0 | [1, 1] [1, 1] [1, 1] |     0 | 234/234/0 213/213/0 0/530/0 0/530/0 | [0, 0] [0, 0] |    0  199     0 |   5.0  11.0 |
    674 |  0   0 | [1, 1] [1, 1] [1, 1] |     0 | 234/234/0 213/213/0 0/530/0 0/530/0 | [0, 0] [0, 0] |    0  200     0 |   5.0  11.0 |
    675 |  0   0 | [1, 1] [1, 1] [1, 1] |     0 | 234/234/0 213/213/0 0/530/0 0/530/0 | [0, 0] [0, 0] |    0  201     0 |   5.0  11.0 |
    676 |  0   0 | [1, 1] [1, 1] [1, 1] |     0 | 234/234/0 213/213/0 0/530/0 0/530/0 | [0, 0] [0, 0] |    0  202     0 |   5.0  11.0 |
    677 |  0   0 | [1, 1] [1, 1] [1, 1] |     0 | 234/234/0 213/213/0 0/530/0 0/530/0 | [0, 0] [0, 0] |    0  203     0 |   5.0  11.0 |
    677 |  0   0 | [1, 1] [1, 1] [1, 1] |     0 | 235/235/0 213/213/0 0/530/0 0/530/0 | [0, 0] [0, 0] |    0  203     0 |   5.0  11.0 |
    678 |  0   0 | [1, 1] [1, 1] [1, 1] |     0 | 235/235/0 213/213/0 0/530/0 0/530/0 | [0, 0] [0, 0] |    0  204     0 |   5.0  11.0 |
    679 |  0   0 | [1, 1] [1, 1] [1, 1] |     0 | 235/235/0 213/213/0 0/530/0 0/530/0 | [0, 0] [0, 0] |    0  205     0 |   5.0  11.0 |
    680 |  0   0 | [1, 1] [1, 1] [1, 1] |     0 | 235/235/0 213/213/0 0/530/0 0/530/0 | [0, 0] [0, 0] |    0  206     0 |   5.0  11.0 |
    681 |  0   0 | [1, 1] [1, 1] [1, 1] |     0 | 235/235/0 213/213/0 0/530/0 0/530/0 | [0, 0] [0, 0] |    0  207     0 |   5.0  11.0 |
    682 |  0   0 | [1, 1] [1, 1] [1, 1] |     0 | 235/235/0 213/213/0 0/530/0 0/530/0 | [0, 0] [0, 0] |    0  208     0 |   5.0  11.0 |
    682 |  0   0 | [1, 1] [1, 1] [1, 1] |     0 | 236/236/0 213/213/0 0/530/0 0/530/0 | [0, 0] [0, 0] |    0  208     0 |   5.0  11.0 |
    683 |  0   0 | [1, 1] [1, 1] [1, 1] |     0 | 236/236/0 213/213/0 0/530/0 0/530/0 | [0, 0] [0, 0] |    0  209     0 |   5.0  11.0 |
    684 |  0   0 | [1, 1] [1, 1] [1, 1] |     0 | 236/236/0 213/213/0 0/530/0 0/530/0 | [0, 0] [0, 0] |    0  210     0 |   5.0  11.0 |
    685 |  0   0 | [1, 1] [1, 1] [1, 1] |     0 | 236/236/0 214/214/0 0/530/0 0/530/0 | [0, 0] [0, 0] |    0  210     0 |   5.0  11.0 |
    685 |  0   0 | [1, 1] [1, 1] [1, 1] |     0 | 236/236/0 214/214/0 0/530/0 0/530/0 | [0, 0] [0, 0] |    0  211     0 |   5.0  11.0 |
    686 |  0   0 | [1, 1] [1, 1] [1, 1] |     0 | 236/236/0 214/214/0 0/530/0 0/530/0 | [0, 0] [0, 0] |    0  212     0 |   5.0  11.0 |
    687 |  0   0 | [1, 1] [1, 1] [1, 1] |     0 | 236/236/0 214/214/0 0/530/0 0/530/0 | [0, 0] [0, 0] |    0  213     0 |   5.0  11.0 |
    687 |  0   0 | [1, 1] [1, 1] [1, 1] |     0 | 237/236/0 214/214/0 0/530/0 0/530/0 | [0, 0] [0, 0] |    0  213     0 |   5.0  11.0 |
    687 |  0   0 | [1, 1] [1, 1] [1, 1] |     0 | 237/237/0 214/214/0 0/530/0 0/530/0 | [0, 0] [0, 0] |    0  213     0 |   5.0  11.0 |
    688 |  0   0 | [1, 1] [1, 1] [1, 1] |     0 | 237/237/0 214/214/0 0/530/0 0/530/0 | [0, 0] [0, 0] |    0  214     0 |   5.0  11.0 |
    689 |  0   0 | [1, 1] [1, 1] [1, 1] |     0 | 237/237/0 214/214/0 0/530/0 0/530/0 | [0, 0] [0, 0] |    0  215     0 |   5.0  11.0 |
    690 |  0   0 | [1, 1] [1, 1] [1, 1] |     0 | 237/237/0 214/214/0 0/530/0 0/530/0 | [0, 0] [0, 0] |    0  216     0 |   5.0  11.0 |
    691 |  0   0 | [1, 1] [1, 1] [1, 1] |     0 | 237/237/0 214/214/0 0/530/0 0/530/0 | [0, 0] [0, 0] |    0  217     0 |   5.0  11.0 |
    692 |  0   0 | [1, 1] [1, 1] [1, 1] |     0 | 237/237/0 214/214/0 0/530/0 0/530/0 | [0, 0] [0, 0] |    0  218     0 |   5.0  11.0 |
    692 |  0   0 | [1, 1] [1, 1] [1, 1] |     0 | 237/237/1 214/214/0 0/530/0 0/530/0 | [0, 0] [0, 0] |    0  218     0 |   5.0  11.0 |
    692 |  0   0 | [1, 1] [1, 1] [1, 1] |     0 | 238/238/0 214/214/0 0/530/0 0/530/0 | [0, 0] [0, 0] |    0  218     0 |   5.0  11.0 |
    693 |  0   0 | [1, 1] [1, 1] [1, 1] |     0 | 238/238/0 214/214/0 0/530/0 0/530/0 | [0, 0] [0, 0] |    0  219     0 |   5.0  11.0 |
    694 |  0   0 | [1, 1] [1, 1] [1, 1] |     0 | 238/238/0 214/214/0 0/530/0 0/530/0 | [0, 0] [0, 0] |    0  220     0 |   5.0  11.0 |
    695 |  0   0 | [1, 1] [1, 1] [1, 1] |     0 | 238/238/0 215/215/0 0/530/0 0/530/0 | [0, 0] [0, 0] |    0  221     0 |   5.0  11.0 |
    696 |  0   0 | [1, 1] [1, 1] [1, 1] |     0 | 238/238/0 215/215/0 0/530/0 0/530/0 | [0, 0] [0, 0] |    0  222     0 |   5.0  11.0 |
    697 |  0   0 | [1, 1] [1, 1] [1, 1] |     0 | 238/238/0 215/215/0 0/530/0 0/530/0 | [0, 0] [0, 0] |    0  223     0 |   5.0  11.0 |
    698 |  0   0 | [1, 1] [1, 1] [1, 1] |     0 | 238/238/0 215/215/0 0/530/0 0/530/0 | [0, 0] [0, 0] |    0  224     0 |   5.0  11.0 |
    699 |  0   0 | [1, 1] [1, 1] [1, 1] |     0 | 238/238/0 215/215/0 0/530/0 0/530/0 | [0, 0] [0, 0] |    0  225     0 |   5.0  11.0 |
    700 |  0   0 | [1, 1] [1, 1] [1, 1] |     0 | 238/238/0 215/215/0 0/530/0 0/530/0 | [0, 0] [0, 0] |    0  226     0 |   5.0  11.0 |
    701 |  0   0 | [1, 1] [1, 1] [1, 1] |     0 | 238/238/0 215/215/0 0/530/0 0/530/0 | [0, 0] [0, 0] |    0  227     0 |   5.0  11.0 |
    702 |  0   0 | [1, 1] [1, 1] [1, 1] |     0 | 238/238/0 215/215/0 0/530/0 0/530/0 | [0, 0] [0, 0] |    0  228     0 |   5.0  11.0 |
    702 |  0   0 | [1, 1] [1, 1] [1, 1] |     0 | 239/239/0 215/215/0 0/530/0 0/530/0 | [0, 0] [0, 0] |    0  228     0 |   5.0  11.0 |
    703 |  0   0 | [1, 1] [1, 1] [1, 1] |     0 | 239/239/0 215/215/0 0/530/0 0/530/0 | [0, 0] [0, 0] |    0  229     0 |   5.0  11.0 |
    704 |  0   0 | [1, 1] [1, 1] [1, 1] |     0 | 239/239/0 215/215/0 0/530/0 0/530/0 | [0, 0] [0, 0] |    0  230     0 |   5.0  11.0 |
    705 |  0   0 | [1, 1] [1, 1] [1, 1] |     0 | 239/239/0 215/215/0 0/530/0 0/530/0 | [0, 0] [0, 0] |    0  231     0 |   5.0  11.0 |
    705 |  0   0 | [1, 1] [1, 1] [1, 1] |     0 | 239/239/0 216/216/0 0/530/0 0/530/0 | [0, 0] [0, 0] |    0  231     0 |   5.0  11.0 |
    706 |  0   0 | [1, 1] [1, 1] [1, 1] |     0 | 239/239/0 216/216/0 0/530/0 0/530/0 | [0, 0] [0, 0] |    0  232     0 |   5.0  11.0 |
    707 |  0   0 | [1, 1] [1, 1] [1, 1] |     0 | 239/239/0 216/216/0 0/530/0 0/530/0 | [0, 0] [0, 0] |    0  233     0 |   5.0  11.0 |
    707 |  0   0 | [1, 1] [1, 1] [1, 1] |     0 | 240/240/0 216/216/0 0/530/0 0/530/0 | [0, 0] [0, 0] |    0  233     0 |   5.0  11.0 |
    708 |  0   0 | [1, 1] [1, 1] [1, 1] |     0 | 240/240/0 216/216/0 0/530/0 0/530/0 | [0, 0] [0, 0] |    0  234     0 |   5.0  11.0 |
    709 |  0   0 | [1, 1] [1, 1] [1, 1] |     0 | 240/240/0 216/216/0 0/530/0 0/530/0 | [0, 0] [0, 0] |    0  235     0 |   5.0  11.0 |
    710 |  0   0 | [1, 1] [1, 1] [1, 1] |     0 | 240/240/0 216/216/0 0/530/0 0/530/0 | [0, 0] [0, 0] |    0  236     0 |   5.0  11.0 |
    711 |  0   0 | [1, 1] [1, 1] [1, 1] |     0 | 240/240/0 216/216/0 0/530/0 0/530/0 | [0, 0] [0, 0] |    0  237     0 |   5.0  11.0 |
    712 |  0   0 | [1, 1] [1, 1] [1, 1] |     0 | 240/240/0 216/216/0 0/530/0 0/530/0 | [0, 0] [0, 0] |    0  238     0 |   5.0  11.0 |
    713 |  0   0 | [1, 1] [1, 1] [1, 1] |     0 | 241/241/0 216/216/0 0/530/0 0/530/0 | [0, 0] [0, 0] |    0  238     0 |   5.0  11.0 |
    713 |  0   0 | [1, 1] [1, 1] [1, 1] |     0 | 241/241/0 216/216/0 0/530/0 0/530/0 | [0, 0] [0, 0] |    0  239     0 |   5.0  11.0 |
    714 |  0   0 | [1, 1] [1, 1] [1, 1] |     0 | 241/241/0 216/216/0 0/530/0 0/530/0 | [0, 0] [0, 0] |    0  240     0 |   5.0  11.0 |
    715 |  0   0 | [1, 1] [1, 1] [1, 1] |     0 | 241/241/0 216/216/0 0/530/0 0/530/0 | [0, 0] [0, 0] |    0  241     0 |   5.0  11.0 |
    715 |  0   0 | [1, 1] [1, 1] [1, 1] |     0 | 241/241/0 217/217/0 0/530/0 0/530/0 | [0, 0] [0, 0] |    0  241     0 |   5.0  11.0 |
    716 |  0   0 | [1, 1] [1, 1] [1, 1] |     0 | 241/241/0 217/217/0 0/530/0 0/530/0 | [0, 0] [0, 0] |    0  242     0 |   5.0  11.0 |
    717 |  0   0 | [1, 1] [1, 1] [1, 1] |     0 | 241/241/0 217/217/0 0/530/0 0/530/0 | [0, 0] [0, 0] |    0  243     0 |   5.0  11.0 |
    718 |  0   0 | [1, 1] [1, 1] [1, 1] |     0 | 242/242/0 217/217/0 0/530/0 0/530/0 | [0, 0] [0, 0] |    0  243     0 |   5.0  11.0 |
    718 |  0   0 | [1, 1] [1, 1] [1, 1] |     0 | 242/242/0 217/217/0 0/530/0 0/530/0 | [0, 0] [0, 0] |    0  244     0 |   5.0  11.0 |
    719 |  0   0 | [1, 1] [1, 1] [1, 1] |     0 | 242/242/0 217/217/0 0/530/0 0/530/0 | [0, 0] [0, 0] |    0  245     0 |   5.0  11.0 |
    720 |  0   0 | [1, 1] [1, 1] [1, 1] |     0 | 242/242/0 217/217/0 0/530/0 0/530/0 | [0, 0] [0, 0] |    0  246     0 |   5.0  11.0 |
    721 |  0   0 | [1, 1] [1, 1] [1, 1] |     0 | 242/242/0 217/217/0 0/530/0 0/530/0 | [0, 0] [0, 0] |    0  247     0 |   5.0  11.0 |
    722 |  0   0 | [1, 1] [1, 1] [1, 1] |     0 | 242/242/0 217/217/0 0/530/0 0/530/0 | [0, 0] [0, 0] |    0  248     0 |   5.0  11.0 |
    723 |  0   0 | [1, 1] [1, 1] [1, 1] |     0 | 243/243/0 217/217/0 0/530/0 0/530/0 | [0, 0] [0, 0] |    0  248     0 |   5.0  11.0 |
    723 |  0   0 | [1, 1] [1, 1] [1, 1] |     0 | 243/243/0 217/217/0 0/530/0 0/530/0 | [0, 0] [0, 0] |    0  249     0 |   5.0  11.0 |
    724 |  0   0 | [1, 1] [1, 1] [1, 1] |     0 | 243/243/0 217/217/0 0/530/0 0/530/0 | [0, 0] [0, 0] |    0  250     0 |   5.0  11.0 |
    725 |  0   0 | [1, 1] [1, 1] [1, 1] |     0 | 243/243/0 217/217/0 0/530/0 0/530/0 | [0, 0] [0, 0] |    0  251     0 |   5.0  11.0 |
    725 |  0   0 | [1, 1] [1, 1] [1, 1] |     0 | 243/243/0 218/218/0 0/530/0 0/530/0 | [0, 0] [0, 0] |    0  251     0 |   5.0  11.0 |
    726 |  0   0 | [1, 1] [1, 1] [1, 1] |     0 | 243/243/0 218/218/0 0/530/0 0/530/0 | [0, 0] [0, 0] |    0  252     0 |   5.0  11.0 |
    727 |  0   0 | [1, 1] [1, 1] [1, 1] |     0 | 243/243/0 218/218/0 0/530/0 0/530/0 | [0, 0] [0, 0] |    0  253     0 |   5.0  11.0 |
    728 |  0   0 | [1, 1] [1, 1] [1, 1] |     0 | 244/244/0 218/218/0 0/530/0 0/530/0 | [0, 0] [0, 0] |    0  253     0 |   5.0  11.0 |
    728 |  0   0 | [1, 1] [1, 1] [1, 1] |     0 | 244/244/0 218/218/0 0/530/0 0/530/0 | [0, 0] [0, 0] |    0  254     0 |   5.0  11.0 |
    729 |  0   0 | [1, 1] [1, 1] [1, 1] |     0 | 244/244/0 218/218/0 0/530/0 0/530/0 | [0, 0] [0, 0] |    0  255     0 |   5.0  11.0 |
    730 |  0   0 | [1, 1] [1, 1] [1, 1] |     0 | 244/244/0 218/218/0 0/530/0 0/530/0 | [0, 0] [0, 0] |    0  256     0 |   5.0  11.0 |
    731 |  0   0 | [1, 1] [1, 1] [1, 1] |     0 | 244/244/0 218/218/0 0/530/0 0/530/0 | [0, 0] [0, 0] |    0  257     0 |   5.0  11.0 |
    732 |  0   0 | [1, 1] [1, 1] [1, 1] |     0 | 244/244/0 218/218/0 0/530/0 0/530/0 | [0, 0] [0, 0] |    0  258     0 |   5.0  11.0 |
    733 |  0   0 | [1, 1] [1, 1] [1, 1] |     0 | 245/245/0 218/218/0 0/530/0 0/530/0 | [0, 0] [0, 0] |    0  258     0 |   5.0  11.0 |
    733 |  0   0 | [1, 1] [1, 1] [1, 1] |     0 | 245/245/0 218/218/0 0/530/0 0/530/0 | [0, 0] [0, 0] |    0  259     0 |   5.0  11.0 |
    734 |  0   0 | [1, 1] [1, 1] [1, 1] |     0 | 245/245/0 218/218/0 0/530/0 0/530/0 | [0, 0] [0, 0] |    0  260     0 |   5.0  11.0 |
    735 |  0   0 | [1, 1] [1, 1] [1, 1] |     0 | 245/245/0 218/218/0 0/530/0 0/530/0 | [0, 0] [0, 0] |    0  261     0 |   5.0  11.0 |
    736 |  0   0 | [1, 1] [1, 1] [1, 1] |     0 | 245/245/0 218/218/0 0/530/0 0/530/0 | [0, 0] [0, 0] |    0  262     0 |   5.0  11.0 |
    737 |  0   0 | [1, 1] [1, 1] [1, 1] |     0 | 245/245/0 218/218/0 0/530/0 0/530/0 | [0, 0] [0, 0] |    0  263     0 |   5.0  11.0 |
    738 |  0   0 | [1, 1] [1, 1] [1, 1] |     0 | 246/246/0 218/218/0 0/530/0 0/530/0 | [0, 0] [0, 0] |    0  263     0 |   5.0  11.0 |
    738 |  0   0 | [1, 1] [1, 1] [1, 1] |     0 | 246/246/0 218/218/0 0/530/0 0/530/0 | [0, 0] [0, 0] |    0  264     0 |   5.0  11.0 |
    739 |  0   0 | [1, 1] [1, 1] [1, 1] |     0 | 246/246/0 218/218/0 0/530/0 0/530/0 | [0, 0] [0, 0] |    0  265     0 |   5.0  11.0 |
    740 |  0   0 | [1, 1] [1, 1] [1, 1] |     0 | 246/246/0 218/218/0 0/530/0 0/530/0 | [0, 0] [0, 0] |    0  266     0 |   5.0  11.0 |
    740 |  0   0 | [1, 1] [1, 1] [1, 1] |     0 | 246/246/0 219/219/0 0/530/0 0/530/0 | [0, 0] [0, 0] |    0  266     0 |   5.0  11.0 |
    741 |  0   0 | [1, 1] [1, 1] [1, 1] |     0 | 246/246/0 219/219/0 0/530/0 0/530/0 | [0, 0] [0, 0] |    0  267     0 |   5.0  11.0 |
    742 |  0   0 | [1, 1] [1, 1] [1, 1] |     0 | 246/246/0 219/219/0 0/530/0 0/530/0 | [0, 0] [0, 0] |    0  268     0 |   5.0  11.0 |
    743 |  0   0 | [1, 1] [1, 1] [1, 1] |     0 | 247/247/0 219/219/0 0/530/0 0/530/0 | [0, 0] [0, 0] |    0  268     0 |   5.0  11.0 |
    743 |  0   0 | [1, 1] [1, 1] [1, 1] |     0 | 247/247/0 219/219/0 0/530/0 0/530/0 | [0, 0] [0, 0] |    0  269     0 |   5.0  11.0 |
    744 |  0   0 | [1, 1] [1, 1] [1, 1] |     0 | 247/247/0 219/219/0 0/530/0 0/530/0 | [0, 0] [0, 0] |    0  270     0 |   5.0  11.0 |
    745 |  0   0 | [1, 1] [1, 1] [1, 1] |     0 | 247/247/0 219/219/0 0/530/0 0/530/0 | [0, 0] [0, 0] |    0  271     0 |   5.0  11.0 |
    746 |  0   0 | [1, 1] [1, 1] [1, 1] |     0 | 247/247/0 219/219/0 0/530/0 0/530/0 | [0, 0] [0, 0] |    0  272     0 |   5.0  11.0 |
    747 |  0   0 | [1, 1] [1, 1] [1, 1] |     0 | 247/247/0 219/219/0 0/530/0 0/530/0 | [0, 0] [0, 0] |    0  273     0 |   5.0  11.0 |
    748 |  0   0 | [1, 1] [1, 1] [1, 1] |     0 | 248/248/0 219/219/0 0/530/0 0/530/0 | [0, 0] [0, 0] |    0  273     0 |   5.0  11.0 |
    748 |  0   0 | [1, 1] [1, 1] [1, 1] |     0 | 248/248/0 219/219/0 0/530/0 0/530/0 | [0, 0] [0, 0] |    0  274     0 |   5.0  11.0 |
    749 |  0   0 | [1, 1] [1, 1] [1, 1] |     0 | 248/248/0 219/219/0 0/530/0 0/530/0 | [0, 0] [0, 0] |    0  275     0 |   5.0  11.0 |
    750 |  0   0 | [1, 1] [1, 1] [1, 1] |     0 | 248/248/0 219/219/0 0/530/0 0/530/0 | [0, 0] [0, 0] |    0  276     0 |   5.0  11.0 |
    750 |  0   0 | [1, 1] [1, 1] [1, 1] |     0 | 248/248/0 220/220/0 0/530/0 0/530/0 | [0, 0] [0, 0] |    0  276     0 |   5.0  11.0 |
    751 |  0   0 | [1, 1] [1, 1] [1, 1] |     0 | 248/248/0 220/220/0 0/530/0 0/530/0 | [0, 0] [0, 0] |    0  277     0 |   5.0  11.0 |
    752 |  0   0 | [1, 1] [1, 1] [1, 1] |     0 | 248/248/0 220/220/0 0/530/0 0/530/0 | [0, 0] [0, 0] |    0  278     0 |   5.0  11.0 |
    753 |  0   0 | [1, 1] [1, 1] [1, 1] |     0 | 249/249/0 220/220/0 0/530/0 0/530/0 | [0, 0] [0, 0] |    0  278     0 |   5.0  11.0 |
    753 |  0   0 | [1, 1] [1, 1] [1, 1] |     0 | 249/249/0 220/220/0 0/530/0 0/530/0 | [0, 0] [0, 0] |    0  279     0 |   5.0  11.0 |
    754 |  0   0 | [1, 1] [1, 1] [1, 1] |     0 | 249/249/0 220/220/0 0/530/0 0/530/0 | [0, 0] [0, 0] |    0  280     0 |   5.0  11.0 |
    755 |  0   0 | [1, 1] [1, 1] [1, 1] |     0 | 249/249/0 220/220/0 0/530/0 0/530/0 | [0, 0] [0, 0] |    0  281     0 |   5.0  11.0 |
    756 |  0   0 | [1, 1] [1, 1] [1, 1] |     0 | 249/249/0 220/220/0 0/530/0 0/530/0 | [0, 0] [0, 0] |    0  282     0 |   5.0  11.0 |
    757 |  0   0 | [1, 1] [1, 1] [1, 1] |     0 | 249/249/0 220/220/0 0/530/0 0/530/0 | [0, 0] [0, 0] |    0  283     0 |   5.0  11.0 |
    758 |  0   0 | [1, 1] [1, 1] [1, 1] |     0 | 250/250/0 220/220/0 0/530/0 0/530/0 | [0, 0] [0, 0] |    0  284     0 |   5.0  11.0 |
    759 |  0   0 | [1, 1] [1, 1] [1, 1] |     0 | 250/250/0 220/220/0 0/530/0 0/530/0 | [0, 0] [0, 0] |    0  285     0 |   5.0  11.0 |
    760 |  0   0 | [1, 1] [1, 1] [1, 1] |     0 | 250/250/0 220/220/0 0/530/0 0/530/0 | [0, 0] [0, 0] |    0  286     0 |   5.0  11.0 |
    760 |  0   0 | [1, 1] [1, 1] [1, 1] |     0 | 250/250/0 221/221/0 0/530/0 0/530/0 | [0, 0] [0, 0] |    0  286     0 |   5.0  11.0 |
    761 |  0   0 | [1, 1] [1, 1] [1, 1] |     0 | 250/250/0 221/221/0 0/530/0 0/530/0 | [0, 0] [0, 0] |    0  287     0 |   5.0  11.0 |
    762 |  0   0 | [1, 1] [1, 1] [1, 1] |     0 | 250/250/0 221/221/0 0/530/0 0/530/0 | [0, 0] [0, 0] |    0  288     0 |   5.0  11.0 |
    763 |  0   0 | [1, 1] [1, 1] [1, 1] |     0 | 251/251/0 221/221/0 0/530/0 0/530/0 | [0, 0] [0, 0] |    0  289     0 |   5.0  11.0 |
    764 |  0   0 | [1, 1] [1, 1] [1, 1] |     0 | 251/251/0 221/221/0 0/530/0 0/530/0 | [0, 0] [0, 0] |    0  290     0 |   5.0  11.0 |
    765 |  0   0 | [1, 1] [1, 1] [1, 1] |     0 | 251/251/0 221/221/0 0/530/0 0/530/0 | [0, 0] [0, 0] |    0  291     0 |   5.0  11.0 |
    766 |  0   0 | [1, 1] [1, 1] [1, 1] |     0 | 251/251/0 221/221/0 0/530/0 0/530/0 | [0, 0] [0, 0] |    0  292     0 |   5.0  11.0 |
    767 |  0   0 | [1, 1] [1, 1] [1, 1] |     0 | 251/251/0 221/221/0 0/530/0 0/530/0 | [0, 0] [0, 0] |    0  293     0 |   5.0  11.0 |
    768 |  0   0 | [1, 1] [1, 1] [1, 1] |     0 | 252/252/0 221/221/0 0/530/0 0/530/0 | [0, 0] [0, 0] |    0  294     0 |   5.0  11.0 |
    769 |  0   0 | [1, 1] [1, 1] [1, 1] |     0 | 252/252/0 221/221/0 0/530/0 0/530/0 | [0, 0] [0, 0] |    0  295     0 |   5.0  11.0 |
    770 |  0   0 | [1, 1] [1, 1] [1, 1] |     0 | 252/252/0 221/221/0 0/530/0 0/530/0 | [0, 0] [0, 0] |    0  296     0 |   5.0  11.0 |
    770 |  0   0 | [1, 1] [1, 1] [1, 1] |     0 | 252/252/0 222/222/0 0/530/0 0/530/0 | [0, 0] [0, 0] |    0  296     0 |   5.0  11.0 |
    771 |  0   0 | [1, 1] [1, 1] [1, 1] |     0 | 252/252/0 222/222/0 0/530/0 0/530/0 | [0, 0] [0, 0] |    0  297     0 |   5.0  11.0 |
    772 |  0   0 | [1, 1] [1, 1] [1, 1] |     0 | 252/252/0 222/222/0 0/530/0 0/530/0 | [0, 0] [0, 0] |    0  298     0 |   5.0  11.0 |
    773 |  0   0 | [1, 1] [1, 1] [1, 1] |     0 | 253/253/0 222/222/0 0/530/0 0/530/0 | [0, 0] [0, 0] |    0  299     0 |   5.0  11.0 |
    774 |  0   0 | [1, 1] [1, 1] [1, 1] |     0 | 253/253/0 222/222/0 0/530/0 0/530/0 | [0, 0] [0, 0] |    0  300     0 |   5.0  11.0 |
    775 |  0   0 | [1, 1] [1, 1] [1, 1] |     0 | 253/253/0 222/222/0 0/530/0 0/530/0 | [0, 0] [0, 0] |    0  301     0 |   5.0  11.0 |
    776 |  0   0 | [1, 1] [1, 1] [1, 1] |     0 | 253/253/0 222/222/0 0/530/0 0/530/0 | [0, 0] [0, 0] |    0  302     0 |   5.0  11.0 |
    777 |  0   0 | [1, 1] [1, 1] [1, 1] |     0 | 253/253/0 222/222/0 0/530/0 0/530/0 | [0, 0] [0, 0] |    0  303     0 |   5.0  11.0 |
    778 |  0   0 | [1, 1] [1, 1] [1, 1] |     0 | 253/253/0 222/222/0 0/530/0 0/530/0 | [0, 0] [0, 0] |    0  304     0 |   5.0  11.0 |
    778 |  0   0 | [1, 1] [1, 1] [1, 1] |     0 | 254/254/0 222/222/0 0/530/0 0/530/0 | [0, 0] [0, 0] |    0  304     0 |   5.0  11.0 |
    779 |  0   0 | [1, 1] [1, 1] [1, 1] |     0 | 254/254/0 222/222/0 0/530/0 0/530/0 | [0, 0] [0, 0] |    0  305     0 |   5.0  11.0 |
    780 |  0   0 | [1, 1] [1, 1] [1, 1] |     0 | 254/254/0 222/222/0 0/530/0 0/530/0 | [0, 0] [0, 0] |    0  306     0 |   5.0  11.0 |
    781 |  0   0 | [1, 1] [1, 1] [1, 1] |     0 | 254/254/0 222/222/0 0/530/0 0/530/0 | [0, 0] [0, 0] |    0  307     0 |   5.0  11.0 |
    782 |  0   0 | [1, 1] [1, 1] [1, 1] |     0 | 254/254/0 222/222/0 0/530/0 0/530/0 | [0, 0] [0, 0] |    0  308     0 |   5.0  11.0 |
    783 |  0   0 | [1, 1] [1, 1] [1, 1] |     0 | 254/254/0 222/222/0 0/530/0 0/530/0 | [0, 0] [0, 0] |    0  309     0 |   5.0  11.0 |
    783 |  0   0 | [1, 1] [1, 1] [1, 1] |     0 | 255/255/0 222/222/0 0/530/0 0/530/0 | [0, 0] [0, 0] |    0  309     0 |   5.0  11.0 |
    784 |  0   0 | [1, 1] [1, 1] [1, 1] |     0 | 255/255/0 222/222/0 0/530/0 0/530/0 | [0, 0] [0, 0] |    0  310     0 |   5.0  11.0 |
    785 |  0   0 | [1, 1] [1, 1] [1, 1] |     0 | 255/255/0 222/222/0 0/530/0 0/530/0 | [0, 0] [0, 0] |    0  311     0 |   5.0  11.0 |
    786 |  0   0 | [1, 1] [1, 1] [1, 1] |     0 | 255/255/0 223/223/0 0/530/0 0/530/0 | [0, 0] [0, 0] |    0  311     0 |   5.0  11.0 |
    786 |  0   0 | [1, 1] [1, 1] [1, 1] |     0 | 255/255/0 223/223/0 0/530/0 0/530/0 | [0, 0] [0, 0] |    0  312     0 |   5.0  11.0 |
    787 |  0   0 | [1, 1] [1, 1] [1, 1] |     0 | 255/255/0 223/223/0 0/530/0 0/530/0 | [0, 0] [0, 0] |    0  313     0 |   5.0  11.0 |
    788 |  0   0 | [1, 1] [1, 1] [1, 1] |     0 | 255/255/0 223/223/0 0/530/0 0/530/0 | [0, 0] [0, 0] |    0  314     0 |   5.0  11.0 |
    788 |  0   0 | [1, 1] [1, 1] [1, 1] |     0 | 256/256/0 223/223/0 0/530/0 0/530/0 | [0, 0] [0, 0] |    0  314     0 |   5.0  11.0 |
    789 |  0   0 | [1, 1] [1, 1] [1, 1] |     0 | 256/256/0 223/223/0 0/530/0 0/530/0 | [0, 0] [0, 0] |    0  315     0 |   5.0  11.0 |
    790 |  0   0 | [1, 1] [1, 1] [1, 1] |     0 | 256/256/0 223/223/0 0/530/0 0/530/0 | [0, 0] [0, 0] |    0  316     0 |   5.0  11.0 |
    791 |  0   0 | [1, 1] [1, 1] [1, 1] |     0 | 256/256/0 223/223/0 0/530/0 0/530/0 | [0, 0] [0, 0] |    0  317     0 |   5.0  11.0 |
    792 |  0   0 | [1, 1] [1, 1] [1, 1] |     0 | 256/256/0 223/223/0 0/530/0 0/530/0 | [0, 0] [0, 0] |    0  318     0 |   5.0  11.0 |
    793 |  0   0 | [1, 1] [1, 1] [1, 1] |     0 | 256/256/0 223/223/0 0/530/0 0/530/0 | [0, 0] [0, 0] |    0  319     0 |   5.0  11.0 |
    793 |  0   0 | [1, 1] [1, 1] [1, 1] |     0 | 257/257/0 223/223/0 0/530/0 0/530/0 | [0, 0] [0, 0] |    0  319     0 |   5.0  11.0 |
    794 |  0   0 | [1, 1] [1, 1] [1, 1] |     0 | 257/257/0 223/223/0 0/530/0 0/530/0 | [0, 0] [0, 0] |    0  320     0 |   5.0  11.0 |
    795 |  0   0 | [1, 1] [1, 1] [1, 1] |     0 | 257/257/0 223/223/0 0/530/0 0/530/0 | [0, 0] [0, 0] |    0  321     0 |   5.0  11.0 |
    796 |  0   0 | [1, 1] [1, 1] [1, 1] |     0 | 257/257/0 224/224/0 0/530/0 0/530/0 | [0, 0] [0, 0] |    0  321     0 |   5.0  11.0 |
    796 |  0   0 | [1, 1] [1, 1] [1, 1] |     0 | 257/257/0 224/224/0 0/530/0 0/530/0 | [0, 0] [0, 0] |    0  322     0 |   5.0  11.0 |
    797 |  0   0 | [1, 1] [1, 1] [1, 1] |     0 | 257/257/0 224/224/0 0/530/0 0/530/0 | [0, 0] [0, 0] |    0  323     0 |   5.0  11.0 |
    798 |  0   0 | [1, 1] [1, 1] [1, 1] |     0 | 257/257/0 224/224/0 0/530/0 0/530/0 | [0, 0] [0, 0] |    0  324     0 |   5.0  11.0 |
    799 |  0   0 | [1, 1] [1, 1] [1, 1] |     0 | 257/257/0 224/224/0 0/530/0 0/530/0 | [0, 0] [0, 0] |    0  325     0 |   5.0  11.0 |
    800 |  0   0 | [1, 1] [1, 1] [1, 1] |     0 | 257/257/0 224/224/0 0/530/0 0/530/0 | [0, 0] [0, 0] |    0  326     0 |   5.0  11.0 |
    801 |  0   0 | [1, 1] [1, 1] [1, 1] |     0 | 257/257/0 224/224/0 0/530/0 0/530/0 | [0, 0] [0, 0] |    0  327     0 |   5.0  11.0 |
    802 |  0   0 | [1, 1] [1, 1] [1, 1] |     0 | 257/257/0 224/224/0 0/530/0 0/530/0 | [0, 0] [0, 0] |    0  328     0 |   5.0  11.0 |
    803 |  0   0 | [1, 1] [1, 1] [1, 1] |     0 | 257/257/0 224/224/0 0/530/0 0/530/0 | [0, 0] [0, 0] |    0  329     0 |   5.0  11.0 |
    803 |  0   0 | [1, 1] [1, 1] [1, 1] |     0 | 258/258/0 224/224/0 0/530/0 0/530/0 | [0, 0] [0, 0] |    0  329     0 |   5.0  11.0 |
    804 |  0   0 | [1, 1] [1, 1] [1, 1] |     0 | 258/258/0 224/224/0 0/530/0 0/530/0 | [0, 0] [0, 0] |    0  330     0 |   5.0  11.0 |
    805 |  0   0 | [1, 1] [1, 1] [1, 1] |     0 | 258/258/0 224/224/0 0/530/0 0/530/0 | [0, 0] [0, 0] |    0  331     0 |   5.0  11.0 |
    806 |  0   0 | [1, 1] [1, 1] [1, 1] |     0 | 258/258/0 225/225/0 0/530/0 0/530/0 | [0, 0] [0, 0] |    0  331     0 |   5.0  11.0 |
    806 |  0   0 | [1, 1] [1, 1] [1, 1] |     0 | 258/258/0 225/225/0 0/530/0 0/530/0 | [0, 0] [0, 0] |    0  332     0 |   5.0  11.0 |
    807 |  0   0 | [1, 1] [1, 1] [1, 1] |     0 | 258/258/0 225/225/0 0/530/0 0/530/0 | [0, 0] [0, 0] |    0  333     0 |   5.0  11.0 |
    808 |  0   0 | [1, 1] [1, 1] [1, 1] |     0 | 258/258/0 225/225/0 0/530/0 0/530/0 | [0, 0] [0, 0] |    0  334     0 |   5.0  11.0 |
    808 |  0   0 | [1, 1] [1, 1] [1, 1] |     0 | 259/259/0 225/225/0 0/530/0 0/530/0 | [0, 0] [0, 0] |    0  334     0 |   5.0  11.0 |
    809 |  0   0 | [1, 1] [1, 1] [1, 1] |     0 | 259/259/0 225/225/0 0/530/0 0/530/0 | [0, 0] [0, 0] |    0  335     0 |   5.0  11.0 |
    810 |  0   0 | [1, 1] [1, 1] [1, 1] |     0 | 259/259/0 225/225/0 0/530/0 0/530/0 | [0, 0] [0, 0] |    0  336     0 |   5.0  11.0 |
    811 |  0   0 | [1, 1] [1, 1] [1, 1] |     0 | 259/259/0 225/225/0 0/530/0 0/530/0 | [0, 0] [0, 0] |    0  337     0 |   5.0  11.0 |
    812 |  0   0 | [1, 1] [1, 1] [1, 1] |     0 | 259/259/0 225/225/0 0/530/0 0/530/0 | [0, 0] [0, 0] |    0  338     0 |   5.0  11.0 |
    813 |  0   0 | [1, 1] [1, 1] [1, 1] |     0 | 259/259/0 225/225/0 0/530/0 0/530/0 | [0, 0] [0, 0] |    0  339     0 |   5.0  11.0 |
    813 |  0   0 | [1, 1] [1, 1] [1, 1] |     0 | 260/260/0 225/225/0 0/530/0 0/530/0 | [0, 0] [0, 0] |    0  339     0 |   5.0  11.0 |
    814 |  0   0 | [1, 1] [1, 1] [1, 1] |     0 | 260/260/0 225/225/0 0/530/0 0/530/0 | [0, 0] [0, 0] |    0  340     0 |   5.0  11.0 |
    815 |  0   0 | [1, 1] [1, 1] [1, 1] |     0 | 260/260/0 225/225/0 0/530/0 0/530/0 | [0, 0] [0, 0] |    0  341     0 |   5.0  11.0 |
    816 |  0   0 | [1, 1] [1, 1] [1, 1] |     0 | 260/260/0 226/226/0 0/530/0 0/530/0 | [0, 0] [0, 0] |    0  341     0 |   5.0  11.0 |
    816 |  0   0 | [1, 1] [1, 1] [1, 1] |     0 | 260/260/0 226/226/0 0/530/0 0/530/0 | [0, 0] [0, 0] |    0  342     0 |   5.0  11.0 |
    817 |  0   0 | [1, 1] [1, 1] [1, 1] |     0 | 260/260/0 226/226/0 0/530/0 0/530/0 | [0, 0] [0, 0] |    0  343     0 |   5.0  11.0 |
    818 |  0   0 | [1, 1] [1, 1] [1, 1] |     0 | 260/260/0 226/226/0 0/530/0 0/530/0 | [0, 0] [0, 0] |    0  344     0 |   5.0  11.0 |
    818 |  0   0 | [1, 1] [1, 1] [1, 1] |     0 | 261/261/0 226/226/0 0/530/0 0/530/0 | [0, 0] [0, 0] |    0  344     0 |   5.0  11.0 |
    819 |  0   0 | [1, 1] [1, 1] [1, 1] |     0 | 261/261/0 226/226/0 0/530/0 0/530/0 | [0, 0] [0, 0] |    0  345     0 |   5.0  11.0 |
    820 |  0   0 | [1, 1] [1, 1] [1, 1] |     0 | 261/261/0 226/226/0 0/530/0 0/530/0 | [0, 0] [0, 0] |    0  346     0 |   5.0  11.0 |
    821 |  0   0 | [1, 1] [1, 1] [1, 1] |     0 | 261/261/0 226/226/0 0/530/0 0/530/0 | [0, 0] [0, 0] |    0  347     0 |   5.0  11.0 |
    822 |  0   0 | [1, 1] [1, 1] [1, 1] |     0 | 261/261/0 226/226/0 0/530/0 0/530/0 | [0, 0] [0, 0] |    0  348     0 |   5.0  11.0 |
    823 |  0   0 | [1, 1] [1, 1] [1, 1] |     0 | 261/261/0 226/226/0 0/530/0 0/530/0 | [0, 0] [0, 0] |    0  349     0 |   5.0  11.0 |
    823 |  0   0 | [1, 1] [1, 1] [1, 1] |     0 | 262/262/0 226/226/0 0/530/0 0/530/0 | [0, 0] [0, 0] |    0  349     0 |   5.0  11.0 |
    824 |  0   0 | [1, 1] [1, 1] [1, 1] |     0 | 262/262/0 226/226/0 0/530/0 0/530/0 | [0, 0] [0, 0] |    0  350     0 |   5.0  11.0 |
    825 |  0   0 | [1, 1] [1, 1] [1, 1] |     0 | 262/262/0 226/226/0 0/530/0 0/530/0 | [0, 0] [0, 0] |    0  351     0 |   5.0  11.0 |
    826 |  0   0 | [1, 1] [1, 1] [1, 1] |     0 | 262/262/0 227/227/0 0/530/0 0/530/0 | [0, 0] [0, 0] |    0  352     0 |   5.0  11.0 |
    827 |  0   0 | [1, 1] [1, 1] [1, 1] |     0 | 262/262/0 227/227/0 0/530/0 0/530/0 | [0, 0] [0, 0] |    0  353     0 |   5.0  11.0 |
    828 |  0   0 | [1, 1] [1, 1] [1, 1] |     0 | 262/262/0 227/227/0 0/530/0 0/530/0 | [0, 0] [0, 0] |    0  354     0 |   5.0  11.0 |
    828 |  0   0 | [1, 1] [1, 1] [1, 1] |     0 | 263/263/0 227/227/0 0/530/0 0/530/0 | [0, 0] [0, 0] |    0  354     0 |   5.0  11.0 |
    829 |  0   0 | [1, 1] [1, 1] [1, 1] |     0 | 263/263/0 227/227/0 0/530/0 0/530/0 | [0, 0] [0, 0] |    0  355     0 |   5.0  11.0 |
    830 |  0   0 | [1, 1] [1, 1] [1, 1] |     0 | 263/263/0 227/227/0 0/530/0 0/530/0 | [0, 0] [0, 0] |    0  356     0 |   5.0  11.0 |
    831 |  0   0 | [1, 1] [1, 1] [1, 1] |     0 | 263/263/0 227/227/0 0/530/0 0/530/0 | [0, 0] [0, 0] |    0  357     0 |   5.0  11.0 |
    832 |  0   0 | [1, 1] [1, 1] [1, 1] |     0 | 263/263/0 227/227/0 0/530/0 0/530/0 | [0, 0] [0, 0] |    0  358     0 |   5.0  11.0 |
    833 |  0   0 | [1, 1] [1, 1] [1, 1] |     0 | 263/263/0 227/227/0 0/530/0 0/530/0 | [0, 0] [0, 0] |    0  359     0 |   5.0  11.0 |
    834 |  0   0 | [1, 1] [1, 1] [1, 1] |     0 | 264/264/0 227/227/0 0/530/0 0/530/0 | [0, 0] [0, 0] |    0  359     0 |   5.0  11.0 |
    834 |  0   0 | [1, 1] [1, 1] [1, 1] |     0 | 264/264/0 227/227/0 0/530/0 0/530/0 | [0, 0] [0, 0] |    0  360     0 |   5.0  11.0 |
    835 |  0   0 | [1, 1] [1, 1] [1, 1] |     0 | 264/264/0 227/227/0 0/530/0 0/530/0 | [0, 0] [0, 0] |    0  361     0 |   5.0  11.0 |
    836 |  0   0 | [1, 1] [1, 1] [1, 1] |     0 | 264/264/0 227/227/0 0/530/0 0/530/0 | [0, 0] [0, 0] |    0  362     0 |   5.0  11.0 |
    837 |  0   0 | [1, 1] [1, 1] [1, 1] |     0 | 264/264/0 227/227/0 0/530/0 0/530/0 | [0, 0] [0, 0] |    0  363     0 |   5.0  11.0 |
    838 |  0   0 | [1, 1] [1, 1] [1, 1] |     0 | 264/264/0 227/227/0 0/530/0 0/530/0 | [0, 0] [0, 0] |    0  364     0 |   5.0  11.0 |
    838 |  0   0 | [1, 1] [1, 1] [1, 1] |     0 | 265/265/0 227/227/0 0/530/0 0/530/0 | [0, 0] [0, 0] |    0  364     0 |   5.0  11.0 |
    839 |  0   0 | [1, 1] [1, 1] [1, 1] |     0 | 265/265/0 227/227/0 0/530/0 0/530/0 | [0, 0] [0, 0] |    0  365     0 |   5.0  11.0 |
    840 |  0   0 | [1, 1] [1, 1] [1, 1] |     0 | 265/265/0 227/227/0 0/530/0 0/530/0 | [0, 0] [0, 0] |    0  366     0 |   5.0  11.0 |
    841 |  0   0 | [1, 1] [1, 1] [1, 1] |     0 | 265/265/0 227/227/0 0/530/0 0/530/0 | [0, 0] [0, 0] |    0  367     0 |   5.0  11.0 |
    841 |  0   0 | [1, 1] [1, 1] [1, 1] |     0 | 265/265/0 228/228/0 0/530/0 0/530/0 | [0, 0] [0, 0] |    0  367     0 |   5.0  11.0 |
    842 |  0   0 | [1, 1] [1, 1] [1, 1] |     0 | 265/265/0 228/228/0 0/530/0 0/530/0 | [0, 0] [0, 0] |    0  368     0 |   5.0  11.0 |
    843 |  0   0 | [1, 1] [1, 1] [1, 1] |     0 | 265/265/0 228/228/0 0/530/0 0/530/0 | [0, 0] [0, 0] |    0  369     0 |   5.0  11.0 |
    843 |  0   0 | [1, 1] [1, 1] [1, 1] |     0 | 266/266/0 228/228/0 0/530/0 0/530/0 | [0, 0] [0, 0] |    0  369     0 |   5.0  11.0 |
    844 |  0   0 | [1, 1] [1, 1] [1, 1] |     0 | 266/266/0 228/228/0 0/530/0 0/530/0 | [0, 0] [0, 0] |    0  370     0 |   5.0  11.0 |
    845 |  0   0 | [1, 1] [1, 1] [1, 1] |     0 | 266/266/0 228/228/0 0/530/0 0/530/0 | [0, 0] [0, 0] |    0  371     0 |   5.0  11.0 |
    846 |  0   0 | [1, 1] [1, 1] [1, 1] |     0 | 266/266/0 228/228/0 0/530/0 0/530/0 | [0, 0] [0, 0] |    0  372     0 |   5.0  11.0 |
    847 |  0   0 | [1, 1] [1, 1] [1, 1] |     0 | 266/266/0 228/228/0 0/530/0 0/530/0 | [0, 0] [0, 0] |    0  373     0 |   5.0  11.0 |
    848 |  0   0 | [1, 1] [1, 1] [1, 1] |     0 | 266/266/0 228/228/0 0/530/0 0/530/0 | [0, 0] [0, 0] |    0  374     0 |   5.0  11.0 |
    849 |  0   0 | [1, 1] [1, 1] [1, 1] |     0 | 267/267/0 228/228/0 0/530/0 0/530/0 | [0, 0] [0, 0] |    0  374     0 |   5.0  11.0 |
    849 |  0   0 | [1, 1] [1, 1] [1, 1] |     0 | 267/267/0 228/228/0 0/530/0 0/530/0 | [0, 0] [0, 0] |    0  375     0 |   5.0  11.0 |
    850 |  0   0 | [1, 1] [1, 1] [1, 1] |     0 | 267/267/0 228/228/0 0/530/0 0/530/0 | [0, 0] [0, 0] |    0  376     0 |   5.0  11.0 |
    851 |  0   0 | [1, 1] [1, 1] [1, 1] |     0 | 267/267/0 228/228/0 0/530/0 0/530/0 | [0, 0] [0, 0] |    0  377     0 |   5.0  11.0 |
    851 |  0   0 | [1, 1] [1, 1] [1, 1] |     0 | 267/267/0 229/229/0 0/530/0 0/530/0 | [0, 0] [0, 0] |    0  377     0 |   5.0  11.0 |
    852 |  0   0 | [1, 1] [1, 1] [1, 1] |     0 | 267/267/0 229/229/0 0/530/0 0/530/0 | [0, 0] [0, 0] |    0  378     0 |   5.0  11.0 |
    853 |  0   0 | [1, 1] [1, 1] [1, 1] |     0 | 267/267/0 229/229/0 0/530/0 0/530/0 | [0, 0] [0, 0] |    0  379     0 |   5.0  11.0 |
    854 |  0   0 | [1, 1] [1, 1] [1, 1] |     0 | 268/268/0 229/229/0 0/530/0 0/530/0 | [0, 0] [0, 0] |    0  379     0 |   5.0  11.0 |
    854 |  0   0 | [1, 1] [1, 1] [1, 1] |     0 | 268/268/0 229/229/0 0/530/0 0/530/0 | [0, 0] [0, 0] |    0  380     0 |   5.0  11.0 |
    855 |  0   0 | [1, 1] [1, 1] [1, 1] |     0 | 268/268/0 229/229/0 0/530/0 0/530/0 | [0, 0] [0, 0] |    0  381     0 |   5.0  11.0 |
    856 |  0   0 | [1, 1] [1, 1] [1, 1] |     0 | 268/268/0 229/229/0 0/530/0 0/530/0 | [0, 0] [0, 0] |    0  382     0 |   5.0  11.0 |
    857 |  0   0 | [1, 1] [1, 1] [1, 1] |     0 | 268/268/0 229/229/0 0/530/0 0/530/0 | [0, 0] [0, 0] |    0  383     0 |   5.0  11.0 |
    858 |  0   0 | [1, 1] [1, 1] [1, 1] |     0 | 268/268/0 229/229/0 0/530/0 0/530/0 | [0, 0] [0, 0] |    0  384     0 |   5.0  11.0 |
    859 |  0   0 | [1, 1] [1, 1] [1, 1] |     0 | 269/269/0 229/229/0 0/530/0 0/530/0 | [0, 0] [0, 0] |    0  384     0 |   5.0  11.0 |
    859 |  0   0 | [1, 1] [1, 1] [1, 1] |     0 | 269/269/0 229/229/0 0/530/0 0/530/0 | [0, 0] [0, 0] |    0  385     0 |   5.0  11.0 |
    860 |  0   0 | [1, 1] [1, 1] [1, 1] |     0 | 269/269/0 229/229/0 0/530/0 0/530/0 | [0, 0] [0, 0] |    0  386     0 |   5.0  11.0 |
    861 |  0   0 | [1, 1] [1, 1] [1, 1] |     0 | 269/269/0 229/229/0 0/530/0 0/530/0 | [0, 0] [0, 0] |    0  387     0 |   5.0  11.0 |
    861 |  0   0 | [1, 1] [1, 1] [1, 1] |     0 | 269/269/0 230/230/0 0/530/0 0/530/0 | [0, 0] [0, 0] |    0  387     0 |   5.0  11.0 |
    862 |  0   0 | [1, 1] [1, 1] [1, 1] |     0 | 269/269/0 230/230/0 0/530/0 0/530/0 | [0, 0] [0, 0] |    0  388     0 |   5.0  11.0 |
    863 |  0   0 | [1, 1] [1, 1] [1, 1] |     0 | 269/269/0 230/230/0 0/530/0 0/530/0 | [0, 0] [0, 0] |    0  389     0 |   5.0  11.0 |
    864 |  0   0 | [1, 1] [1, 1] [1, 1] |     0 | 270/270/0 230/230/0 0/530/0 0/530/0 | [0, 0] [0, 0] |    0  389     0 |   5.0  11.0 |
    864 |  0   0 | [1, 1] [1, 1] [1, 1] |     0 | 270/270/0 230/230/0 0/530/0 0/530/0 | [0, 0] [0, 0] |    0  390     0 |   5.0  11.0 |
    865 |  0   0 | [1, 1] [1, 1] [1, 1] |     0 | 270/270/0 230/230/0 0/530/0 0/530/0 | [0, 0] [0, 0] |    0  391     0 |   5.0  11.0 |
    866 |  0   0 | [1, 1] [1, 1] [1, 1] |     0 | 270/270/0 230/230/0 0/530/0 0/530/0 | [0, 0] [0, 0] |    0  392     0 |   5.0  11.0 |
    867 |  0   0 | [1, 1] [1, 1] [1, 1] |     0 | 270/270/0 230/230/0 0/530/0 0/530/0 | [0, 0] [0, 0] |    0  393     0 |   5.0  11.0 |
    868 |  0   0 | [1, 1] [1, 1] [1, 1] |     0 | 270/270/0 230/230/0 0/530/0 0/530/0 | [0, 0] [0, 0] |    0  394     0 |   5.0  11.0 |
    869 |  0   0 | [1, 1] [1, 1] [1, 1] |     0 | 271/271/0 230/230/0 0/530/0 0/530/0 | [0, 0] [0, 0] |    0  394     0 |   5.0  11.0 |
    869 |  0   0 | [1, 1] [1, 1] [1, 1] |     0 | 271/271/0 230/230/0 0/530/0 0/530/0 | [0, 0] [0, 0] |    0  395     0 |   5.0  11.0 |
    870 |  0   0 | [1, 1] [1, 1] [1, 1] |     0 | 271/271/0 230/230/0 0/530/0 0/530/0 | [0, 0] [0, 0] |    0  396     0 |   5.0  11.0 |
    871 |  0   0 | [1, 1] [1, 1] [1, 1] |     0 | 271/271/0 230/230/0 0/530/0 0/530/0 | [0, 0] [0, 0] |    0  397     0 |   5.0  11.0 |
    871 |  0   0 | [1, 1] [1, 1] [1, 1] |     0 | 271/271/0 231/231/0 0/530/0 0/530/0 | [0, 0] [0, 0] |    0  397     0 |   5.0  11.0 |
    872 |  0   0 | [1, 1] [1, 1] [1, 1] |     0 | 271/271/0 231/231/0 0/530/0 0/530/0 | [0, 0] [0, 0] |    0  398     0 |   5.0  11.0 |
    873 |  0   0 | [1, 1] [1, 1] [1, 1] |     0 | 271/271/0 231/231/0 0/530/0 0/530/0 | [0, 0] [0, 0] |    0  399     0 |   5.0  11.0 |
    874 |  0   0 | [1, 1] [1, 1] [1, 1] |     0 | 272/272/0 231/231/0 0/530/0 0/530/0 | [0, 0] [0, 0] |    0  399     0 |   5.0  11.0 |
    874 |  0   0 | [1, 1] [1, 1] [1, 1] |     0 | 272/272/0 231/231/0 0/530/0 0/530/0 | [0, 0] [0, 0] |    0  400     0 |   5.0  11.0 |
    875 |  0   0 | [1, 1] [1, 1] [1, 1] |     0 | 272/272/0 231/231/0 0/530/0 0/530/0 | [0, 0] [0, 0] |    0  401     0 |   5.0  11.0 |
    876 |  0   0 | [1, 1] [1, 1] [1, 1] |     0 | 272/272/0 231/231/0 0/530/0 0/530/0 | [0, 0] [0, 0] |    0  402     0 |   5.0  11.0 |
    877 |  0   0 | [1, 1] [1, 1] [1, 1] |     0 | 272/272/0 231/231/0 0/530/0 0/530/0 | [0, 0] [0, 0] |    0  403     0 |   5.0  11.0 |
    878 |  0   0 | [1, 1] [1, 1] [1, 1] |     0 | 272/272/0 231/231/0 0/530/0 0/530/0 | [0, 0] [0, 0] |    0  404     0 |   5.0  11.0 |
    879 |  0   0 | [1, 1] [1, 1] [1, 1] |     0 | 273/273/0 231/231/0 0/530/0 0/530/0 | [0, 0] [0, 0] |    0  404     0 |   5.0  11.0 |
    879 |  0   0 | [1, 1] [1, 1] [1, 1] |     0 | 273/273/0 231/231/0 0/530/0 0/530/0 | [0, 0] [0, 0] |    0  405     0 |   5.0  11.0 |
    880 |  0   0 | [1, 1] [1, 1] [1, 1] |     0 | 273/273/0 231/231/0 0/530/0 0/530/0 | [0, 0] [0, 0] |    0  406     0 |   5.0  11.0 |
    881 |  0   0 | [1, 1] [1, 1] [1, 1] |     0 | 273/273/0 231/231/0 0/530/0 0/530/0 | [0, 0] [0, 0] |    0  407     0 |   5.0  11.0 |
    882 |  0   0 | [1, 1] [1, 1] [1, 1] |     0 | 273/273/0 231/231/0 0/530/0 0/530/0 | [0, 0] [0, 0] |    0  408     0 |   5.0  11.0 |
    883 |  0   0 | [1, 1] [1, 1] [1, 1] |     0 | 273/273/0 231/231/0 0/530/0 0/530/0 | [0, 0] [0, 0] |    0  409     0 |   5.0  11.0 |
    884 |  0   0 | [1, 1] [1, 1] [1, 1] |     0 | 274/274/0 231/231/0 0/530/0 0/530/0 | [0, 0] [0, 0] |    0  409     0 |   5.0  11.0 |
    884 |  0   0 | [1, 1] [1, 1] [1, 1] |     0 | 274/274/0 231/231/0 0/530/0 0/530/0 | [0, 0] [0, 0] |    0  410     0 |   5.0  11.0 |
    885 |  0   0 | [1, 1] [1, 1] [1, 1] |     0 | 274/274/0 231/231/0 0/530/0 0/530/0 | [0, 0] [0, 0] |    0  411     0 |   5.0  11.0 |
    886 |  0   0 | [1, 1] [1, 1] [1, 1] |     0 | 274/274/0 231/231/0 0/530/0 0/530/0 | [0, 0] [0, 0] |    0  412     0 |   5.0  11.0 |
    886 |  0   0 | [1, 1] [1, 1] [1, 1] |     0 | 274/274/0 232/232/0 0/530/0 0/530/0 | [0, 0] [0, 0] |    0  412     0 |   5.0  11.0 |
    887 |  0   0 | [1, 1] [1, 1] [1, 1] |     0 | 274/274/0 232/232/0 0/530/0 0/530/0 | [0, 0] [0, 0] |    0  413     0 |   5.0  11.0 |
    888 |  0   0 | [1, 1] [1, 1] [1, 1] |     0 | 274/274/0 232/232/0 0/530/0 0/530/0 | [0, 0] [0, 0] |    0  414     0 |   5.0  11.0 |
    889 |  0   0 | [1, 1] [1, 1] [1, 1] |     0 | 275/275/0 232/232/0 0/530/0 0/530/0 | [0, 0] [0, 0] |    0  415     0 |   5.0  11.0 |
    890 |  0   0 | [1, 1] [1, 1] [1, 1] |     0 | 275/275/0 232/232/0 0/530/0 0/530/0 | [0, 0] [0, 0] |    0  416     0 |   5.0  11.0 |
    891 |  0   0 | [1, 1] [1, 1] [1, 1] |     0 | 275/275/0 232/232/0 0/530/0 0/530/0 | [0, 0] [0, 0] |    0  417     0 |   5.0  11.0 |
    892 |  0   0 | [1, 1] [1, 1] [1, 1] |     0 | 275/275/0 232/232/0 0/530/0 0/530/0 | [0, 0] [0, 0] |    0  418     0 |   5.0  11.0 |
    893 |  0   0 | [1, 1] [1, 1] [1, 1] |     0 | 275/275/0 232/232/0 0/530/0 0/530/0 | [0, 0] [0, 0] |    0  419     0 |   5.0  11.0 |
    894 |  0   0 | [1, 1] [1, 1] [1, 1] |     0 | 276/276/0 232/232/0 0/530/0 0/530/0 | [0, 0] [0, 0] |    0  420     0 |   5.0  11.0 |
    895 |  0   0 | [1, 1] [1, 1] [1, 1] |     0 | 276/276/0 232/232/0 0/530/0 0/530/0 | [0, 0] [0, 0] |    0  421     0 |   5.0  11.0 |
    896 |  0   0 | [1, 1] [1, 1] [1, 1] |     0 | 276/276/0 232/232/0 0/530/0 0/530/0 | [0, 0] [0, 0] |    0  422     0 |   5.0  11.0 |
    896 |  0   0 | [1, 1] [1, 1] [1, 1] |     0 | 276/276/0 233/233/0 0/530/0 0/530/0 | [0, 0] [0, 0] |    0  422     0 |   5.0  11.0 |
    897 |  0   0 | [1, 1] [1, 1] [1, 1] |     0 | 276/276/0 233/233/0 0/530/0 0/530/0 | [0, 0] [0, 0] |    0  423     0 |   5.0  11.0 |
    898 |  0   0 | [1, 1] [1, 1] [1, 1] |     0 | 276/276/0 233/233/0 0/530/0 0/530/0 | [0, 0] [0, 0] |    0  424     0 |   5.0  11.0 |
    899 |  0   0 | [1, 1] [1, 1] [1, 1] |     0 | 276/276/0 233/233/0 0/530/0 0/530/0 | [0, 0] [0, 0] |    0  425     0 |   5.0  11.0 |
    900 |  0   0 | [1, 1] [1, 1] [1, 1] |     0 | 276/276/0 233/233/0 0/530/0 0/530/0 | [0, 0] [0, 0] |    0  426     0 |   5.0  11.0 |
    901 |  0   0 | [1, 1] [1, 1] [1, 1] |     0 | 276/276/0 233/233/0 0/530/0 0/530/0 | [0, 0] [0, 0] |    0  427     0 |   5.0  11.0 |
    902 |  0   0 | [1, 1] [1, 1] [1, 1] |     0 | 276/276/0 233/233/0 0/530/0 0/530/0 | [0, 0] [0, 0] |    0  428     0 |   5.0  11.0 |
    903 |  0   0 | [1, 1] [1, 1] [1, 1] |     0 | 276/276/0 233/233/0 0/530/0 0/530/0 | [0, 0] [0, 0] |    0  429     0 |   5.0  11.0 |
    904 |  0   0 | [1, 1] [1, 1] [1, 1] |     0 | 276/276/0 233/233/0 0/530/0 0/530/0 | [0, 0] [0, 0] |    0  430     0 |   5.0  11.0 |
    904 |  0   0 | [1, 1] [1, 1] [1, 1] |     0 | 277/277/0 233/233/0 0/530/0 0/530/0 | [0, 0] [0, 0] |    0  430     0 |   5.0  11.0 |
    905 |  0   0 | [1, 1] [1, 1] [1, 1] |     0 | 277/277/0 233/233/0 0/530/0 0/530/0 | [0, 0] [0, 0] |    0  431     0 |   5.0  11.0 |
    906 |  0   0 | [1, 1] [1, 1] [1, 1] |     0 | 277/277/0 233/233/0 0/530/0 0/530/0 | [0, 0] [0, 0] |    0  432     0 |   5.0  11.0 |
    907 |  0   0 | [1, 1] [1, 1] [1, 1] |     0 | 277/277/0 234/234/0 0/530/0 0/530/0 | [0, 0] [0, 0] |    0  432     0 |   5.0  11.0 |
    907 |  0   0 | [1, 1] [1, 1] [1, 1] |     0 | 277/277/0 234/234/0 0/530/0 0/530/0 | [0, 0] [0, 0] |    0  433     0 |   5.0  11.0 |
    908 |  0   0 | [1, 1] [1, 1] [1, 1] |     0 | 277/277/0 234/234/0 0/530/0 0/530/0 | [0, 0] [0, 0] |    0  434     0 |   5.0  11.0 |
    909 |  0   0 | [1, 1] [1, 1] [1, 1] |     0 | 278/278/0 234/234/0 0/530/0 0/530/0 | [0, 0] [0, 0] |    0  435     0 |   5.0  11.0 |
    910 |  0   0 | [1, 1] [1, 1] [1, 1] |     0 | 278/278/0 234/234/0 0/530/0 0/530/0 | [0, 0] [0, 0] |    0  436     0 |   5.0  11.0 |
    911 |  0   0 | [1, 1] [1, 1] [1, 1] |     0 | 278/278/0 234/234/0 0/530/0 0/530/0 | [0, 0] [0, 0] |    0  437     0 |   5.0  11.0 |
    912 |  0   0 | [1, 1] [1, 1] [1, 1] |     0 | 278/278/0 234/234/0 0/530/0 0/530/0 | [0, 0] [0, 0] |    0  438     0 |   5.0  11.0 |
    913 |  0   0 | [1, 1] [1, 1] [1, 1] |     0 | 278/278/0 234/234/0 0/530/0 0/530/0 | [0, 0] [0, 0] |    0  439     0 |   5.0  11.0 |
    914 |  0   0 | [1, 1] [1, 1] [1, 1] |     0 | 278/278/0 234/234/0 0/530/0 0/530/0 | [0, 0] [0, 0] |    0  440     0 |   5.0  11.0 |
    914 |  0   0 | [1, 1] [1, 1] [1, 1] |     0 | 279/279/0 234/234/0 0/530/0 0/530/0 | [0, 0] [0, 0] |    0  440     0 |   5.0  11.0 |
    915 |  0   0 | [1, 1] [1, 1] [1, 1] |     0 | 279/279/0 234/234/0 0/530/0 0/530/0 | [0, 0] [0, 0] |    0  441     0 |   5.0  11.0 |
    916 |  0   0 | [1, 1] [1, 1] [1, 1] |     0 | 279/279/0 234/234/0 0/530/0 0/530/0 | [0, 0] [0, 0] |    0  442     0 |   5.0  11.0 |
    917 |  0   0 | [1, 1] [1, 1] [1, 1] |     0 | 279/279/0 235/235/0 0/530/0 0/530/0 | [0, 0] [0, 0] |    0  442     0 |   5.0  11.0 |
    917 |  0   0 | [1, 1] [1, 1] [1, 1] |     0 | 279/279/0 235/235/0 0/530/0 0/530/0 | [0, 0] [0, 0] |    0  443     0 |   5.0  11.0 |
    918 |  0   0 | [1, 1] [1, 1] [1, 1] |     0 | 279/279/0 235/235/0 0/530/0 0/530/0 | [0, 0] [0, 0] |    0  444     0 |   5.0  11.0 |
    919 |  0   0 | [1, 1] [1, 1] [1, 1] |     0 | 279/279/0 235/235/0 0/530/0 0/530/0 | [0, 0] [0, 0] |    0  445     0 |   5.0  11.0 |
    919 |  0   0 | [1, 1] [1, 1] [1, 1] |     0 | 280/280/0 235/235/0 0/530/0 0/530/0 | [0, 0] [0, 0] |    0  445     0 |   5.0  11.0 |
    920 |  0   0 | [1, 1] [1, 1] [1, 1] |     0 | 280/280/0 235/235/0 0/530/0 0/530/0 | [0, 0] [0, 0] |    0  446     0 |   5.0  11.0 |
    921 |  0   0 | [1, 1] [1, 1] [1, 1] |     0 | 280/280/0 235/235/0 0/530/0 0/530/0 | [0, 0] [0, 0] |    0  447     0 |   5.0  11.0 |
    922 |  0   0 | [1, 1] [1, 1] [1, 1] |     0 | 280/280/0 235/235/0 0/530/0 0/530/0 | [0, 0] [0, 0] |    0  448     0 |   5.0  11.0 |
    923 |  0   0 | [1, 1] [1, 1] [1, 1] |     0 | 280/280/0 235/235/0 0/530/0 0/530/0 | [0, 0] [0, 0] |    0  449     0 |   5.0  11.0 |
    924 |  0   0 | [1, 1] [1, 1] [1, 1] |     0 | 280/280/0 235/235/0 0/530/0 0/530/0 | [0, 0] [0, 0] |    0  450     0 |   5.0  11.0 |
    924 |  0   0 | [1, 1] [1, 1] [1, 1] |     0 | 281/281/0 235/235/0 0/530/0 0/530/0 | [0, 0] [0, 0] |    0  450     0 |   5.0  11.0 |
    925 |  0   0 | [1, 1] [1, 1] [1, 1] |     0 | 281/281/0 235/235/0 0/530/0 0/530/0 | [0, 0] [0, 0] |    0  451     0 |   5.0  11.0 |
    926 |  0   0 | [1, 1] [1, 1] [1, 1] |     0 | 281/281/0 235/235/0 0/530/0 0/530/0 | [0, 0] [0, 0] |    0  452     0 |   5.0  11.0 |
    927 |  0   0 | [1, 1] [1, 1] [1, 1] |     0 | 281/281/0 236/236/0 0/530/0 0/530/0 | [0, 0] [0, 0] |    0  452     0 |   5.0  11.0 |
    927 |  0   0 | [1, 1] [1, 1] [1, 1] |     0 | 281/281/0 236/236/0 0/530/0 0/530/0 | [0, 0] [0, 0] |    0  453     0 |   5.0  11.0 |
    928 |  0   0 | [1, 1] [1, 1] [1, 1] |     0 | 281/281/0 236/236/0 0/530/0 0/530/0 | [0, 0] [0, 0] |    0  454     0 |   5.0  11.0 |
    929 |  0   0 | [1, 1] [1, 1] [1, 1] |     0 | 281/281/0 236/236/0 0/530/0 0/530/0 | [0, 0] [0, 0] |    0  455     0 |   5.0  11.0 |
    929 |  0   0 | [1, 1] [1, 1] [1, 1] |     0 | 282/282/0 236/236/0 0/530/0 0/530/0 | [0, 0] [0, 0] |    0  455     0 |   5.0  11.0 |
    930 |  0   0 | [1, 1] [1, 1] [1, 1] |     0 | 282/282/0 236/236/0 0/530/0 0/530/0 | [0, 0] [0, 0] |    0  456     0 |   5.0  11.0 |
    931 |  0   0 | [1, 1] [1, 1] [1, 1] |     0 | 282/282/0 236/236/0 0/530/0 0/530/0 | [0, 0] [0, 0] |    0  457     0 |   5.0  11.0 |
    932 |  0   0 | [1, 1] [1, 1] [1, 1] |     0 | 282/282/0 236/236/0 0/530/0 0/530/0 | [0, 0] [0, 0] |    0  458     0 |   5.0  11.0 |
    933 |  0   0 | [1, 1] [1, 1] [1, 1] |     0 | 282/282/0 236/236/0 0/530/0 0/530/0 | [0, 0] [0, 0] |    0  459     0 |   5.0  11.0 |
    934 |  0   0 | [1, 1] [1, 1] [1, 1] |     0 | 282/282/0 236/236/0 0/530/0 0/530/0 | [0, 0] [0, 0] |    0  460     0 |   5.0  11.0 |
    934 |  0   0 | [1, 1] [1, 1] [1, 1] |     0 | 283/283/0 236/236/0 0/530/0 0/530/0 | [0, 0] [0, 0] |    0  460     0 |   5.0  11.0 |
    935 |  0   0 | [1, 1] [1, 1] [1, 1] |     0 | 283/283/0 236/236/0 0/530/0 0/530/0 | [0, 0] [0, 0] |    0  461     0 |   5.0  11.0 |
    936 |  0   0 | [1, 1] [1, 1] [1, 1] |     0 | 283/283/0 236/236/0 0/530/0 0/530/0 | [0, 0] [0, 0] |    0  462     0 |   5.0  11.0 |
    937 |  0   0 | [1, 1] [1, 1] [1, 1] |     0 | 283/283/0 236/236/0 0/530/0 0/530/0 | [0, 0] [0, 0] |    0  463     0 |   5.0  11.0 |
    938 |  0   0 | [1, 1] [1, 1] [1, 1] |     0 | 283/283/0 236/236/0 0/530/0 0/530/0 | [0, 0] [0, 0] |    0  464     0 |   5.0  11.0 |
    939 |  0   0 | [1, 1] [1, 1] [1, 1] |     0 | 283/283/0 236/236/0 0/530/0 0/530/0 | [0, 0] [0, 0] |    0  465     0 |   5.0  11.0 |
    939 |  0   0 | [1, 1] [1, 1] [1, 1] |     0 | 284/284/0 236/236/0 0/530/0 0/530/0 | [0, 0] [0, 0] |    0  465     0 |   5.0  11.0 |
    940 |  0   0 | [1, 1] [1, 1] [1, 1] |     0 | 284/284/0 236/236/0 0/530/0 0/530/0 | [0, 0] [0, 0] |    0  466     0 |   5.0  11.0 |
    941 |  0   0 | [1, 1] [1, 1] [1, 1] |     0 | 284/284/0 236/236/0 0/530/0 0/530/0 | [0, 0] [0, 0] |    0  467     0 |   5.0  11.0 |
    942 |  0   0 | [1, 1] [1, 1] [1, 1] |     0 | 284/284/0 237/237/0 0/530/0 0/530/0 | [0, 0] [0, 0] |    0  467     0 |   5.0  11.0 |
    942 |  0   0 | [1, 1] [1, 1] [1, 1] |     0 | 284/284/0 237/237/0 0/530/0 0/530/0 | [0, 0] [0, 0] |    0  468     0 |   5.0  11.0 |
    943 |  0   0 | [1, 1] [1, 1] [1, 1] |     0 | 284/284/0 237/237/0 0/530/0 0/530/0 | [0, 0] [0, 0] |    0  469     0 |   5.0  11.0 |
    944 |  0   0 | [1, 1] [1, 1] [1, 1] |     0 | 284/284/0 237/237/0 0/530/0 0/530/0 | [0, 0] [0, 0] |    0  470     0 |   5.0  11.0 |
    944 |  0   0 | [1, 1] [1, 1] [1, 1] |     0 | 285/285/0 237/237/0 0/530/0 0/530/0 | [0, 0] [0, 0] |    0  470     0 |   5.0  11.0 |
    945 |  0   0 | [1, 1] [1, 1] [1, 1] |     0 | 285/285/0 237/237/0 0/530/0 0/530/0 | [0, 0] [0, 0] |    0  471     0 |   5.0  11.0 |
    946 |  0   0 | [1, 1] [1, 1] [1, 1] |     0 | 285/285/0 237/237/0 0/530/0 0/530/0 | [0, 0] [0, 0] |    0  472     0 |   5.0  11.0 |
    947 |  0   0 | [1, 1] [1, 1] [1, 1] |     0 | 285/285/0 237/237/0 0/530/0 0/530/0 | [0, 0] [0, 0] |    0  473     0 |   5.0  11.0 |
    948 |  0   0 | [1, 1] [1, 1] [1, 1] |     0 | 285/285/0 237/237/0 0/530/0 0/530/0 | [0, 0] [0, 0] |    0  474     0 |   5.0  11.0 |
    949 |  0   0 | [1, 1] [1, 1] [1, 1] |     0 | 285/285/0 237/237/0 0/530/0 0/530/0 | [0, 0] [0, 0] |    0  475     0 |   5.0  11.0 |
    949 |  0   0 | [1, 1] [1, 1] [1, 1] |     0 | 286/286/0 237/237/0 0/530/0 0/530/0 | [0, 0] [0, 0] |    0  475     0 |   5.0  11.0 |
    950 |  0   0 | [1, 1] [1, 1] [1, 1] |     0 | 286/286/0 237/237/0 0/530/0 0/530/0 | [0, 0] [0, 0] |    0  476     0 |   5.0  11.0 |
    951 |  0   0 | [1, 1] [1, 1] [1, 1] |     0 | 286/286/0 237/237/0 0/530/0 0/530/0 | [0, 0] [0, 0] |    0  477     0 |   5.0  11.0 |
    952 |  0   0 | [1, 1] [1, 1] [1, 1] |     0 | 286/286/0 238/238/0 0/530/0 0/530/0 | [0, 0] [0, 0] |    0  477     0 |   5.0  11.0 |
    952 |  0   0 | [1, 1] [1, 1] [1, 1] |     0 | 286/286/0 238/238/0 0/530/0 0/530/0 | [0, 0] [0, 0] |    0  478     0 |   5.0  11.0 |
    953 |  0   0 | [1, 1] [1, 1] [1, 1] |     0 | 286/286/0 238/238/0 0/530/0 0/530/0 | [0, 0] [0, 0] |    0  479     0 |   5.0  11.0 |
    954 |  0   0 | [1, 1] [1, 1] [1, 1] |     0 | 286/286/0 238/238/0 0/530/0 0/530/0 | [0, 0] [0, 0] |    0  480     0 |   5.0  11.0 |
    954 |  0   0 | [1, 1] [1, 1] [1, 1] |     0 | 287/287/0 238/238/0 0/530/0 0/530/0 | [0, 0] [0, 0] |    0  480     0 |   5.0  11.0 |
    955 |  0   0 | [1, 1] [1, 1] [1, 1] |     0 | 287/287/0 238/238/0 0/530/0 0/530/0 | [0, 0] [0, 0] |    0  481     0 |   5.0  11.0 |
    956 |  0   0 | [1, 1] [1, 1] [1, 1] |     0 | 287/287/0 238/238/0 0/530/0 0/530/0 | [0, 0] [0, 0] |    0  482     0 |   5.0  11.0 |
    957 |  0   0 | [1, 1] [1, 1] [1, 1] |     0 | 287/287/0 238/238/0 0/530/0 0/530/0 | [0, 0] [0, 0] |    0  483     0 |   5.0  11.0 |
    958 |  0   0 | [1, 1] [1, 1] [1, 1] |     0 | 287/287/0 238/238/0 0/530/0 0/530/0 | [0, 0] [0, 0] |    0  484     0 |   5.0  11.0 |
    959 |  0   0 | [1, 1] [1, 1] [1, 1] |     0 | 287/287/0 238/238/0 0/530/0 0/530/0 | [0, 0] [0, 0] |    0  485     0 |   5.0  11.0 |
    959 |  0   0 | [1, 1] [1, 1] [1, 1] |     0 | 288/288/0 238/238/0 0/530/0 0/530/0 | [0, 0] [0, 0] |    0  485     0 |   5.0  11.0 |
    960 |  0   0 | [1, 1] [1, 1] [1, 1] |     0 | 288/288/0 238/238/0 0/530/0 0/530/0 | [0, 0] [0, 0] |    0  486     0 |   5.0  11.0 |
    961 |  0   0 | [1, 1] [1, 1] [1, 1] |     0 | 288/288/0 238/238/0 0/530/0 0/530/0 | [0, 0] [0, 0] |    0  487     0 |   5.0  11.0 |
    962 |  0   0 | [1, 1] [1, 1] [1, 1] |     0 | 288/288/0 239/239/0 0/530/0 0/530/0 | [0, 0] [0, 0] |    0  488     0 |   5.0  11.0 |
    963 |  0   0 | [1, 1] [1, 1] [1, 1] |     0 | 288/288/0 239/239/0 0/530/0 0/530/0 | [0, 0] [0, 0] |    0  489     0 |   5.0  11.0 |
    964 |  0   0 | [1, 1] [1, 1] [1, 1] |     0 | 288/288/0 239/239/0 0/530/0 0/530/0 | [0, 0] [0, 0] |    0  490     0 |   5.0  11.0 |
    964 |  0   0 | [1, 1] [1, 1] [1, 1] |     0 | 289/289/0 239/239/0 0/530/0 0/530/0 | [0, 0] [0, 0] |    0  490     0 |   5.0  11.0 |
    965 |  0   0 | [1, 1] [1, 1] [1, 1] |     0 | 289/289/0 239/239/0 0/530/0 0/530/0 | [0, 0] [0, 0] |    0  491     0 |   5.0  11.0 |
    966 |  0   0 | [1, 1] [1, 1] [1, 1] |     0 | 289/289/0 239/239/0 0/530/0 0/530/0 | [0, 0] [0, 0] |    0  492     0 |   5.0  11.0 |
    967 |  0   0 | [1, 1] [1, 1] [1, 1] |     0 | 289/289/0 239/239/0 0/530/0 0/530/0 | [0, 0] [0, 0] |    0  493     0 |   5.0  11.0 |
    968 |  0   0 | [1, 1] [1, 1] [1, 1] |     0 | 289/289/0 239/239/0 0/530/0 0/530/0 | [0, 0] [0, 0] |    0  494     0 |   5.0  11.0 |
    969 |  0   0 | [1, 1] [1, 1] [1, 1] |     0 | 289/289/0 239/239/0 0/530/0 0/530/0 | [0, 0] [0, 0] |    0  495     0 |   5.0  11.0 |
    970 |  0   0 | [1, 1] [1, 1] [1, 1] |     0 | 290/290/0 239/239/0 0/530/0 0/530/0 | [0, 0] [0, 0] |    0  495     0 |   5.0  11.0 |
    970 |  0   0 | [1, 1] [1, 1] [1, 1] |     0 | 290/290/0 239/239/0 0/530/0 0/530/0 | [0, 0] [0, 0] |    0  496     0 |   5.0  11.0 |
    971 |  0   0 | [1, 1] [1, 1] [1, 1] |     0 | 290/290/0 239/239/0 0/530/0 0/530/0 | [0, 0] [0, 0] |    0  497     0 |   5.0  11.0 |
    972 |  0   0 | [1, 1] [1, 1] [1, 1] |     0 | 290/290/0 239/239/0 0/530/0 0/530/0 | [0, 0] [0, 0] |    0  498     0 |   5.0  11.0 |
    972 |  0   0 | [1, 1] [1, 1] [1, 1] |     0 | 290/290/0 240/240/0 0/530/0 0/530/0 | [0, 0] [0, 0] |    0  498     0 |   5.0  11.0 |
    973 |  0   0 | [1, 1] [1, 1] [1, 1] |     0 | 290/290/0 240/240/0 0/530/0 0/530/0 | [0, 0] [0, 0] |    0  499     0 |   5.0  11.0 |
    974 |  0   0 | [1, 1] [1, 1] [1, 1] |     0 | 290/290/0 240/240/0 0/530/0 0/530/0 | [0, 0] [0, 0] |    0  500     0 |   5.0  11.0 |
    975 |  0   0 | [1, 1] [1, 1] [1, 1] |     0 | 291/291/0 240/240/0 0/530/0 0/530/0 | [0, 0] [0, 0] |    0  500     0 |   5.0  11.0 |
    975 |  0   0 | [1, 1] [1, 1] [1, 1] |     0 | 291/291/0 240/240/0 0/530/0 0/530/0 | [0, 0] [0, 0] |    0  501     0 |   5.0  11.0 |
    976 |  0   0 | [1, 1] [1, 1] [1, 1] |     0 | 291/291/0 240/240/0 0/530/0 0/530/0 | [0, 0] [0, 0] |    0  502     0 |   5.0  11.0 |
    977 |  0   0 | [1, 1] [1, 1] [1, 1] |     0 | 291/291/0 240/240/0 0/530/0 0/530/0 | [0, 0] [0, 0] |    0  503     0 |   5.0  11.0 |
    978 |  0   0 | [1, 1] [1, 1] [1, 1] |     0 | 291/291/0 240/240/0 0/530/0 0/530/0 | [0, 0] [0, 0] |    0  504     0 |   5.0  11.0 |
    979 |  0   0 | [1, 1] [1, 1] [1, 1] |     0 | 291/291/0 240/240/0 0/530/0 0/530/0 | [0, 0] [0, 0] |    0  505     0 |   5.0  11.0 |
    980 |  0   0 | [1, 1] [1, 1] [1, 1] |     0 | 292/292/0 240/240/0 0/530/0 0/530/0 | [0, 0] [0, 0] |    0  505     0 |   5.0  11.0 |
    980 |  0   0 | [1, 1] [1, 1] [1, 1] |     0 | 292/292/0 240/240/0 0/530/0 0/530/0 | [0, 0] [0, 0] |    0  506     0 |   5.0  11.0 |
    981 |  0   0 | [1, 1] [1, 1] [1, 1] |     0 | 292/292/0 240/240/0 0/530/0 0/530/0 | [0, 0] [0, 0] |    0  507     0 |   5.0  11.0 |
    982 |  0   0 | [1, 1] [1, 1] [1, 1] |     0 | 292/292/0 240/240/0 0/530/0 0/530/0 | [0, 0] [0, 0] |    0  508     0 |   5.0  11.0 |
    983 |  0   0 | [1, 1] [1, 1] [1, 1] |     0 | 292/292/0 240/240/0 0/530/0 0/530/0 | [0, 0] [0, 0] |    0  509     0 |   5.0  11.0 |
    984 |  0   0 | [1, 1] [1, 1] [1, 1] |     0 | 292/292/0 240/240/0 0/530/0 0/530/0 | [0, 0] [0, 0] |    0  510     0 |   5.0  11.0 |
    985 |  0   0 | [1, 1] [1, 1] [1, 1] |     0 | 293/292/0 240/240/0 0/530/0 0/530/0 | [0, 0] [0, 0] |    0  510     0 |   5.0  11.0 |
    985 |  0   0 | [1, 1] [1, 1] [1, 1] |     0 | 293/293/0 240/240/0 0/530/0 0/530/0 | [0, 0] [0, 0] |    0  510     0 |   5.0  11.0 |
    985 |  0   0 | [1, 1] [1, 1] [1, 1] |     0 | 293/293/0 240/240/0 0/530/0 0/530/0 | [0, 0] [0, 0] |    0  511     0 |   5.0  11.0 |
    986 |  0   0 | [1, 1] [1, 1] [1, 1] |     0 | 293/293/0 240/240/0 0/530/0 0/530/0 | [0, 0] [0, 0] |    0  512     0 |   5.0  11.0 |
    987 |  0   0 | [1, 1] [1, 1] [1, 1] |     0 | 293/293/0 240/240/0 0/530/0 0/530/0 | [0, 0] [0, 0] |    0  513     0 |   5.0  11.0 |
    987 |  0   0 | [1, 1] [1, 1] [1, 1] |     0 | 293/293/0 241/241/0 0/530/0 0/530/0 | [0, 0] [0, 0] |    0  513     0 |   5.0  11.0 |
    988 |  0   0 | [1, 1] [1, 1] [1, 1] |     0 | 293/293/0 241/241/0 0/530/0 0/530/0 | [0, 0] [0, 0] |    0  514     0 |   5.0  11.0 |
    989 |  0   0 | [1, 1] [1, 1] [1, 1] |     0 | 293/293/0 241/241/0 0/530/0 0/530/0 | [0, 0] [0, 0] |    0  515     0 |   5.0  11.0 |
    990 |  0   0 | [1, 1] [1, 1] [1, 1] |     0 | 294/294/0 241/241/0 0/530/0 0/530/0 | [0, 0] [0, 0] |    0  515     0 |   5.0  11.0 |
    990 |  0   0 | [1, 1] [1, 1] [1, 1] |     0 | 294/294/0 241/241/0 0/530/0 0/530/0 | [0, 0] [0, 0] |    0  516     0 |   5.0  11.0 |
    991 |  0   0 | [1, 1] [1, 1] [1, 1] |     0 | 294/294/0 241/241/0 0/530/0 0/530/0 | [0, 0] [0, 0] |    0  517     0 |   5.0  11.0 |
    992 |  0   0 | [1, 1] [1, 1] [1, 1] |     0 | 294/294/0 241/241/0 0/530/0 0/530/0 | [0, 0] [0, 0] |    0  518     0 |   5.0  11.0 |
    993 |  0   0 | [1, 1] [1, 1] [1, 1] |     0 | 294/294/0 241/241/0 0/530/0 0/530/0 | [0, 0] [0, 0] |    0  519     0 |   5.0  11.0 |
    994 |  0   0 | [1, 1] [1, 1] [1, 1] |     0 | 294/294/0 241/241/0 0/530/0 0/530/0 | [0, 0] [0, 0] |    0  520     0 |   5.0  11.0 |
    995 |  0   0 | [1, 1] [1, 1] [1, 1] |     0 | 295/295/0 241/241/0 0/530/0 0/530/0 | [0, 0] [0, 0] |    0  520     0 |   5.0  11.0 |
    995 |  0   0 | [1, 1] [1, 1] [1, 1] |     0 | 295/295/0 241/241/0 0/530/0 0/530/0 | [0, 0] [0, 0] |    0  521     0 |   5.0  11.0 |
    996 |  0   0 | [1, 1] [1, 1] [1, 1] |     0 | 295/295/0 241/241/0 0/530/0 0/530/0 | [0, 0] [0, 0] |    0  522     0 |   5.0  11.0 |
    997 |  0   0 | [1, 1] [1, 1] [1, 1] |     0 | 295/295/0 241/241/0 0/530/0 0/530/0 | [0, 0] [0, 0] |    0  523     0 |   5.0  11.0 |
    997 |  0   0 | [1, 1] [1, 1] [1, 1] |     0 | 295/295/0 242/242/0 0/530/0 0/530/0 | [0, 0] [0, 0] |    0  523     0 |   5.0  11.0 |
    998 |  0   0 | [1, 1] [1, 1] [1, 1] |     0 | 295/295/0 242/242/0 0/530/0 0/530/0 | [0, 0] [0, 0] |    0  524     0 |   5.0  11.0 |
    999 |  0   0 | [1, 1] [1, 1] [1, 1] |     0 | 295/295/0 242/242/0 0/530/0 0/530/0 | [0, 0] [0, 0] |    0  525     0 |   5.0  11.0 |
   1000 |  0   0 | [1, 1] [1, 1] [1, 1] |     0 | 295/295/0 242/242/0 0/530/0 0/530/0 | [0, 0] [0, 0] |    0  526     0 |   5.0  11.0 |
   1001 |  0   0 | [1, 1] [1, 1] [1, 1] |     0 | 295/295/0 242/242/0 0/530/0 0/530/0 | [0, 0] [0, 0] |    0  527     0 |   5.0  11.0 |
   1002 |  0   0 | [1, 1] [1, 1] [1, 1] |     0 | 295/295/0 242/242/0 0/530/0 0/530/0 | [0, 0] [0, 0] |    0  528     0 |   5.0  11.0 |
   1003 |  0   0 | [1, 1] [1, 1] [1, 1] |     0 | 295/295/0 242/242/0 0/530/0 0/530/0 | [0, 0] [0, 0] |    0  529     0 |   5.0  11.0 |
   1004 |  0   0 | [1, 1] [1, 1] [1, 1] |     0 | 295/295/0 242/242/0 0/530/0 0/530/0 | [0, 0] [0, 0] |    0  530     0 |   5.0  11.0 |
   1005 |  0   0 | [1, 1] [1, 1] [1, 1] |     0 | 296/296/0 242/242/0 0/530/0 0/530/0 | [0, 0] [0, 0] |    0  530     0 |   5.0  11.0 |
   1005 |  0   0 | [1, 1] [1, 1] [1, 1] |     0 | 296/296/0 242/242/0 0/530/0 0/530/0 | [0, 0] [0, 0] |    0  531     0 |   5.0  11.0 |
   1006 |  0   0 | [1, 1] [1, 1] [1, 1] |     0 | 296/296/0 242/242/0 0/530/0 0/530/0 | [0, 0] [0, 0] |    0  532     0 |   5.0  11.0 |
   1007 |  0   0 | [1, 1] [1, 1] [1, 1] |     0 | 296/296/0 242/242/0 0/530/0 0/530/0 | [0, 0] [0, 0] |    0  533     0 |   5.0  11.0 |
   1007 |  0   0 | [1, 1] [1, 1] [1, 1] |     0 | 296/296/0 243/243/0 0/530/0 0/530/0 | [0, 0] [0, 0] |    0  533     0 |   5.0  11.0 |
   1008 |  0   0 | [1, 1] [1, 1] [1, 1] |     0 | 296/296/0 243/243/0 0/530/0 0/530/0 | [0, 0] [0, 0] |    0  534     0 |   5.0  11.0 |
   1009 |  0   0 | [1, 1] [1, 1] [1, 1] |     0 | 296/296/0 243/243/0 0/530/0 0/530/0 | [0, 0] [0, 0] |    0  535     0 |   5.0  11.0 |
   1010 |  0   0 | [1, 1] [1, 1] [1, 1] |     0 | 297/297/0 243/243/0 0/530/0 0/530/0 | [0, 0] [0, 0] |    0  535     0 |   5.0  11.0 |
   1010 |  0   0 | [1, 1] [1, 1] [1, 1] |     0 | 297/297/0 243/243/0 0/530/0 0/530/0 | [0, 0] [0, 0] |    0  536     0 |   5.0  11.0 |
   1011 |  0   0 | [1, 1] [1, 1] [1, 1] |     0 | 297/297/0 243/243/0 0/530/0 0/530/0 | [0, 0] [0, 0] |    0  537     0 |   5.0  11.0 |
   1012 |  0   0 | [1, 1] [1, 1] [1, 1] |     0 | 297/297/0 243/243/0 0/530/0 0/530/0 | [0, 0] [0, 0] |    0  538     0 |   5.0  11.0 |
   1013 |  0   0 | [1, 1] [1, 1] [1, 1] |     0 | 297/297/0 243/243/0 0/530/0 0/530/0 | [0, 0] [0, 0] |    0  539     0 |   5.0  11.0 |
   1014 |  0   0 | [1, 1] [1, 1] [1, 1] |     0 | 297/297/0 243/243/0 0/530/0 0/530/0 | [0, 0] [0, 0] |    0  540     0 |   5.0  11.0 |
   1015 |  0   0 | [1, 1] [1, 1] [1, 1] |     0 | 298/298/0 243/243/0 0/530/0 0/530/0 | [0, 0] [0, 0] |    0  540     0 |   5.0  11.0 |
   1015 |  0   0 | [1, 1] [1, 1] [1, 1] |     0 | 298/298/0 243/243/0 0/530/0 0/530/0 | [0, 0] [0, 0] |    0  541     0 |   5.0  11.0 |
   1016 |  0   0 | [1, 1] [1, 1] [1, 1] |     0 | 298/298/0 243/243/0 0/530/0 0/530/0 | [0, 0] [0, 0] |    0  542     0 |   5.0  11.0 |
   1017 |  0   0 | [1, 1] [1, 1] [1, 1] |     0 | 298/298/0 243/243/0 0/530/0 0/530/0 | [0, 0] [0, 0] |    0  543     0 |   5.0  11.0 |
   1017 |  0   0 | [1, 1] [1, 1] [1, 1] |     0 | 298/298/0 244/244/0 0/530/0 0/530/0 | [0, 0] [0, 0] |    0  543     0 |   5.0  11.0 |
   1018 |  0   0 | [1, 1] [1, 1] [1, 1] |     0 | 298/298/0 244/244/0 0/530/0 0/530/0 | [0, 0] [0, 0] |    0  544     0 |   5.0  11.0 |
   1019 |  0   0 | [1, 1] [1, 1] [1, 1] |     0 | 298/298/0 244/244/0 0/530/0 0/530/0 | [0, 0] [0, 0] |    0  545     0 |   5.0  11.0 |
   1020 |  0   0 | [1, 1] [1, 1] [1, 1] |     0 | 299/299/0 244/244/0 0/530/0 0/530/0 | [0, 0] [0, 0] |    0  545     0 |   5.0  11.0 |
   1020 |  0   0 | [1, 1] [1, 1] [1, 1] |     0 | 299/299/0 244/244/0 0/530/0 0/530/0 | [0, 0] [0, 0] |    0  546     0 |   5.0  11.0 |
   1021 |  0   0 | [1, 1] [1, 1] [1, 1] |     0 | 299/299/0 244/244/0 0/530/0 0/530/0 | [0, 0] [0, 0] |    0  547     0 |   5.0  11.0 |
   1022 |  0   0 | [1, 1] [1, 1] [1, 1] |     0 | 299/299/0 244/244/0 0/530/0 0/530/0 | [0, 0] [0, 0] |    0  548     0 |   5.0  11.0 |
   1023 |  0   0 | [1, 1] [1, 1] [1, 1] |     0 | 299/299/0 244/244/0 0/530/0 0/530/0 | [0, 0] [0, 0] |    0  549     0 |   5.0  11.0 |
   1024 |  0   0 | [1, 1] [1, 1] [1, 1] |     0 | 299/299/0 244/244/0 0/530/0 0/530/0 | [0, 0] [0, 0] |    0  550     0 |   5.0  11.0 |
   1025 |  0   0 | [1, 1] [1, 1] [1, 1] |     0 | 300/300/0 244/244/0 0/530/0 0/530/0 | [0, 0] [0, 0] |    0  551     0 |   5.0  11.0 |
   1026 |  0   0 | [1, 1] [1, 1] [1, 1] |     0 | 300/300/0 244/244/0 0/530/0 0/530/0 | [0, 0] [0, 0] |    0  552     0 |   5.0  11.0 |
   1027 |  0   0 | [1, 1] [1, 1] [1, 1] |     0 | 300/300/0 244/244/0 0/530/0 0/530/0 | [0, 0] [0, 0] |    0  553     0 |   5.0  11.0 |
   1027 |  0   0 | [1, 1] [1, 1] [1, 1] |     0 | 300/300/0 245/245/0 0/530/0 0/530/0 | [0, 0] [0, 0] |    0  553     0 |   5.0  11.0 |
   1028 |  0   0 | [1, 1] [1, 1] [1, 1] |     0 | 300/300/0 245/245/0 0/530/0 0/530/0 | [0, 0] [0, 0] |    0  554     0 |   5.0  11.0 |
   1029 |  0   0 | [1, 1] [1, 1] [1, 1] |     0 | 300/300/0 245/245/0 0/530/0 0/530/0 | [0, 0] [0, 0] |    0  555     0 |   5.0  11.0 |
   1030 |  0   0 | [1, 1] [1, 1] [1, 1] |     0 | 301/301/0 245/245/0 0/530/0 0/530/0 | [0, 0] [0, 0] |    0  556     0 |   5.0  11.0 |
   1031 |  0   0 | [1, 1] [1, 1] [1, 1] |     0 | 301/301/0 245/245/0 0/530/0 0/530/0 | [0, 0] [0, 0] |    0  557     0 |   5.0  11.0 |
   1032 |  0   0 | [1, 1] [1, 1] [1, 1] |     0 | 301/301/0 245/245/0 0/530/0 0/530/0 | [0, 0] [0, 0] |    0  558     0 |   5.0  11.0 |
   1033 |  0   0 | [1, 1] [1, 1] [1, 1] |     0 | 301/301/0 245/245/0 0/530/0 0/530/0 | [0, 0] [0, 0] |    0  559     0 |   5.0  11.0 |
   1034 |  0   0 | [1, 1] [1, 1] [1, 1] |     0 | 301/301/0 245/245/0 0/530/0 0/530/0 | [0, 0] [0, 0] |    0  560     0 |   5.0  11.0 |
   1035 |  0   0 | [1, 1] [1, 1] [1, 1] |     0 | 302/302/0 245/245/0 0/530/0 0/530/0 | [0, 0] [0, 0] |    0  561     0 |   5.0  11.0 |
   1036 |  0   0 | [1, 1] [1, 1] [1, 1] |     0 | 302/302/0 245/245/0 0/530/0 0/530/0 | [0, 0] [0, 0] |    0  562     0 |   5.0  11.0 |
   1037 |  0   0 | [1, 1] [1, 1] [1, 1] |     0 | 302/302/0 245/245/0 0/530/0 0/530/0 | [0, 0] [0, 0] |    0  563     0 |   5.0  11.0 |
   1038 |  0   0 | [1, 1] [1, 1] [1, 1] |     0 | 302/302/0 245/245/0 0/530/0 0/530/0 | [0, 0] [0, 0] |    0  564     0 |   5.0  11.0 |
   1039 |  0   0 | [1, 1] [1, 1] [1, 1] |     0 | 302/302/0 245/245/0 0/530/0 0/530/0 | [0, 0] [0, 0] |    0  565     0 |   5.0  11.0 |
   1040 |  0   0 | [1, 1] [1, 1] [1, 1] |     0 | 302/302/1 245/245/0 0/530/0 0/530/0 | [0, 0] [0, 0] |    0  566     0 |   5.0  11.0 |
   1040 |  0   0 | [1, 1] [1, 1] [1, 1] |     0 | 303/303/0 245/245/0 0/530/0 0/530/0 | [0, 0] [0, 0] |    0  566     0 |   5.0  11.0 |
   1041 |  0   0 | [1, 1] [1, 1] [1, 1] |     0 | 303/303/0 245/245/0 0/530/0 0/530/0 | [0, 0] [0, 0] |    0  567     0 |   5.0  11.0 |
   1042 |  0   0 | [1, 1] [1, 1] [1, 1] |     0 | 303/303/0 245/245/0 0/530/0 0/530/0 | [0, 0] [0, 0] |    0  568     0 |   5.0  11.0 |
   1043 |  0   0 | [1, 1] [1, 1] [1, 1] |     0 | 303/303/0 246/246/0 0/530/0 0/530/0 | [0, 0] [0, 0] |    0  568     0 |   5.0  11.0 |
   1043 |  0   0 | [1, 1] [1, 1] [1, 1] |     0 | 303/303/0 246/246/0 0/530/0 0/530/0 | [0, 0] [0, 0] |    0  569     0 |   5.0  11.0 |
   1044 |  0   0 | [1, 1] [1, 1] [1, 1] |     0 | 303/303/0 246/246/0 0/530/0 0/530/0 | [0, 0] [0, 0] |    0  570     0 |   5.0  11.0 |
   1045 |  0   0 | [1, 1] [1, 1] [1, 1] |     0 | 304/304/0 246/246/0 0/530/0 0/530/0 | [0, 0] [0, 0] |    0  571     0 |   5.0  11.0 |
   1046 |  0   0 | [1, 1] [1, 1] [1, 1] |     0 | 304/304/0 246/246/0 0/530/0 0/530/0 | [0, 0] [0, 0] |    0  572     0 |   5.0  11.0 |
   1047 |  0   0 | [1, 1] [1, 1] [1, 1] |     0 | 304/304/0 246/246/0 0/530/0 0/530/0 | [0, 0] [0, 0] |    0  573     0 |   5.0  11.0 |
   1048 |  0   0 | [1, 1] [1, 1] [1, 1] |     0 | 304/304/0 246/246/0 0/530/0 0/530/0 | [0, 0] [0, 0] |    0  574     0 |   5.0  11.0 |
   1049 |  0   0 | [1, 1] [1, 1] [1, 1] |     0 | 304/304/0 246/246/0 0/530/0 0/530/0 | [0, 0] [0, 0] |    0  575     0 |   5.0  11.0 |
   1050 |  0   0 | [1, 1] [1, 1] [1, 1] |     0 | 304/304/0 246/246/0 0/530/0 0/530/0 | [0, 0] [0, 0] |    0  576     0 |   5.0  11.0 |
   1050 |  0   0 | [1, 1] [1, 1] [1, 1] |     0 | 305/305/0 246/246/0 0/530/0 0/530/0 | [0, 0] [0, 0] |    0  576     0 |   5.0  11.0 |
   1051 |  0   0 | [1, 1] [1, 1] [1, 1] |     0 | 305/305/0 246/246/0 0/530/0 0/530/0 | [0, 0] [0, 0] |    0  577     0 |   5.0  11.0 |
   1052 |  0   0 | [1, 1] [1, 1] [1, 1] |     0 | 305/305/0 246/246/0 0/530/0 0/530/0 | [0, 0] [0, 0] |    0  578     0 |   5.0  11.0 |
   1053 |  0   0 | [1, 1] [1, 1] [1, 1] |     0 | 305/305/0 247/247/0 0/530/0 0/530/0 | [0, 0] [0, 0] |    0  578     0 |   5.0  11.0 |
   1053 |  0   0 | [1, 1] [1, 1] [1, 1] |     0 | 305/305/0 247/247/0 0/530/0 0/530/0 | [0, 0] [0, 0] |    0  579     0 |   5.0  11.0 |
   1054 |  0   0 | [1, 1] [1, 1] [1, 1] |     0 | 305/305/0 247/247/0 0/530/0 0/530/0 | [0, 0] [0, 0] |    0  580     0 |   5.0  11.0 |
   1055 |  0   0 | [1, 1] [1, 1] [1, 1] |     0 | 305/305/0 247/247/0 0/530/0 0/530/0 | [0, 0] [0, 0] |    0  581     0 |   5.0  11.0 |
   1055 |  0   0 | [1, 1] [1, 1] [1, 1] |     0 | 306/306/0 247/247/0 0/530/0 0/530/0 | [0, 0] [0, 0] |    0  581     0 |   5.0  11.0 |
   1056 |  0   0 | [1, 1] [1, 1] [1, 1] |     0 | 306/306/0 247/247/0 0/530/0 0/530/0 | [0, 0] [0, 0] |    0  582     0 |   5.0  11.0 |
   1057 |  0   0 | [1, 1] [1, 1] [1, 1] |     0 | 306/306/0 247/247/0 0/530/0 0/530/0 | [0, 0] [0, 0] |    0  583     0 |   5.0  11.0 |
   1058 |  0   0 | [1, 1] [1, 1] [1, 1] |     0 | 306/306/0 247/247/0 0/530/0 0/530/0 | [0, 0] [0, 0] |    0  584     0 |   5.0  11.0 |
   1059 |  0   0 | [1, 1] [1, 1] [1, 1] |     0 | 306/306/0 247/247/0 0/530/0 0/530/0 | [0, 0] [0, 0] |    0  585     0 |   5.0  11.0 |
   1060 |  0   0 | [1, 1] [1, 1] [1, 1] |     0 | 306/306/0 247/247/0 0/530/0 0/530/0 | [0, 0] [0, 0] |    0  586     0 |   5.0  11.0 |
   1060 |  0   0 | [1, 1] [1, 1] [1, 1] |     0 | 307/307/0 247/247/0 0/530/0 0/530/0 | [0, 0] [0, 0] |    0  586     0 |   5.0  11.0 |
   1061 |  0   0 | [1, 1] [1, 1] [1, 1] |     0 | 307/307/0 247/247/0 0/530/0 0/530/0 | [0, 0] [0, 0] |    0  587     0 |   5.0  11.0 |
   1062 |  0   0 | [1, 1] [1, 1] [1, 1] |     0 | 307/307/0 247/247/0 0/530/0 0/530/0 | [0, 0] [0, 0] |    0  588     0 |   5.0  11.0 |
   1063 |  0   0 | [1, 1] [1, 1] [1, 1] |     0 | 307/307/0 248/248/0 0/530/0 0/530/0 | [0, 0] [0, 0] |    0  588     0 |   5.0  11.0 |
   1063 |  0   0 | [1, 1] [1, 1] [1, 1] |     0 | 307/307/0 248/248/0 0/530/0 0/530/0 | [0, 0] [0, 0] |    0  589     0 |   5.0  11.0 |
   1064 |  0   0 | [1, 1] [1, 1] [1, 1] |     0 | 307/307/0 248/248/0 0/530/0 0/530/0 | [0, 0] [0, 0] |    0  590     0 |   5.0  11.0 |
   1065 |  0   0 | [1, 1] [1, 1] [1, 1] |     0 | 307/307/0 248/248/0 0/530/0 0/530/0 | [0, 0] [0, 0] |    0  591     0 |   5.0  11.0 |
   1065 |  0   0 | [1, 1] [1, 1] [1, 1] |     0 | 308/308/0 248/248/0 0/530/0 0/530/0 | [0, 0] [0, 0] |    0  591     0 |   5.0  11.0 |
   1066 |  0   0 | [1, 1] [1, 1] [1, 1] |     0 | 308/308/0 248/248/0 0/530/0 0/530/0 | [0, 0] [0, 0] |    0  592     0 |   5.0  11.0 |
   1067 |  0   0 | [1, 1] [1, 1] [1, 1] |     0 | 308/308/0 248/248/0 0/530/0 0/530/0 | [0, 0] [0, 0] |    0  593     0 |   5.0  11.0 |
   1068 |  0   0 | [1, 1] [1, 1] [1, 1] |     0 | 308/308/0 248/248/0 0/530/0 0/530/0 | [0, 0] [0, 0] |    0  594     0 |   5.0  11.0 |
   1069 |  0   0 | [1, 1] [1, 1] [1, 1] |     0 | 308/308/0 248/248/0 0/530/0 0/530/0 | [0, 0] [0, 0] |    0  595     0 |   5.0  11.0 |
   1070 |  0   0 | [1, 1] [1, 1] [1, 1] |     0 | 308/308/0 248/248/0 0/530/0 0/530/0 | [0, 0] [0, 0] |    0  596     0 |   5.0  11.0 |
   1070 |  0   0 | [1, 1] [1, 1] [1, 1] |     0 | 309/309/0 248/248/0 0/530/0 0/530/0 | [0, 0] [0, 0] |    0  596     0 |   5.0  11.0 |
   1071 |  0   0 | [1, 1] [1, 1] [1, 1] |     0 | 309/309/0 248/248/0 0/530/0 0/530/0 | [0, 0] [0, 0] |    0  597     0 |   5.0  11.0 |
   1072 |  0   0 | [1, 1] [1, 1] [1, 1] |     0 | 309/309/0 248/248/0 0/530/0 0/530/0 | [0, 0] [0, 0] |    0  598     0 |   5.0  11.0 |
   1073 |  0   0 | [1, 1] [1, 1] [1, 1] |     0 | 309/309/0 249/249/0 0/530/0 0/530/0 | [0, 0] [0, 0] |    0  598     0 |   5.0  11.0 |
   1073 |  0   0 | [1, 1] [1, 1] [1, 1] |     0 | 309/309/0 249/249/0 0/530/0 0/530/0 | [0, 0] [0, 0] |    0  599     0 |   5.0  11.0 |
   1074 |  0   0 | [1, 1] [1, 1] [1, 1] |     0 | 309/309/0 249/249/0 0/530/0 0/530/0 | [0, 0] [0, 0] |    0  600     0 |   5.0  11.0 |
   1075 |  0   0 | [1, 1] [1, 1] [1, 1] |     0 | 309/309/0 249/249/0 0/530/0 0/530/0 | [0, 0] [0, 0] |    0  601     0 |   5.0  11.0 |
   1075 |  0   0 | [1, 1] [1, 1] [1, 1] |     0 | 310/310/0 249/249/0 0/530/0 0/530/0 | [0, 0] [0, 0] |    0  601     0 |   5.0  11.0 |
   1076 |  0   0 | [1, 1] [1, 1] [1, 1] |     0 | 310/310/0 249/249/0 0/530/0 0/530/0 | [0, 0] [0, 0] |    0  602     0 |   5.0  11.0 |
   1077 |  0   0 | [1, 1] [1, 1] [1, 1] |     0 | 310/310/0 249/249/0 0/530/0 0/530/0 | [0, 0] [0, 0] |    0  603     0 |   5.0  11.0 |
   1078 |  0   0 | [1, 1] [1, 1] [1, 1] |     0 | 310/310/0 249/249/0 0/530/0 0/530/0 | [0, 0] [0, 0] |    0  604     0 |   5.0  11.0 |
   1079 |  0   0 | [1, 1] [1, 1] [1, 1] |     0 | 310/310/0 249/249/0 0/530/0 0/530/0 | [0, 0] [0, 0] |    0  605     0 |   5.0  11.0 |
   1080 |  0   0 | [1, 1] [1, 1] [1, 1] |     0 | 310/310/0 249/249/0 0/530/0 0/530/0 | [0, 0] [0, 0] |    0  606     0 |   5.0  11.0 |
   1080 |  0   0 | [1, 1] [1, 1] [1, 1] |     0 | 311/311/0 249/249/0 0/530/0 0/530/0 | [0, 0] [0, 0] |    0  606     0 |   5.0  11.0 |
   1081 |  0   0 | [1, 1] [1, 1] [1, 1] |     0 | 311/311/0 249/249/0 0/530/0 0/530/0 | [0, 0] [0, 0] |    0  607     0 |   5.0  11.0 |
   1082 |  0   0 | [1, 1] [1, 1] [1, 1] |     0 | 311/311/0 249/249/0 0/530/0 0/530/0 | [0, 0] [0, 0] |    0  608     0 |   5.0  11.0 |
   1083 |  0   0 | [1, 1] [1, 1] [1, 1] |     0 | 311/311/0 249/249/0 0/530/0 0/530/0 | [0, 0] [0, 0] |    0  609     0 |   5.0  11.0 |
   1084 |  0   0 | [1, 1] [1, 1] [1, 1] |     0 | 311/311/0 249/249/0 0/530/0 0/530/0 | [0, 0] [0, 0] |    0  610     0 |   5.0  11.0 |
   1085 |  0   0 | [1, 1] [1, 1] [1, 1] |     0 | 311/311/0 249/249/0 0/530/0 0/530/0 | [0, 0] [0, 0] |    0  611     0 |   5.0  11.0 |
   1085 |  0   0 | [1, 1] [1, 1] [1, 1] |     0 | 312/312/0 249/249/0 0/530/0 0/530/0 | [0, 0] [0, 0] |    0  611     0 |   5.0  11.0 |
   1086 |  0   0 | [1, 1] [1, 1] [1, 1] |     0 | 312/312/0 249/249/0 0/530/0 0/530/0 | [0, 0] [0, 0] |    0  612     0 |   5.0  11.0 |
   1087 |  0   0 | [1, 1] [1, 1] [1, 1] |     0 | 312/312/0 249/249/0 0/530/0 0/530/0 | [0, 0] [0, 0] |    0  613     0 |   5.0  11.0 |
   1088 |  0   0 | [1, 1] [1, 1] [1, 1] |     0 | 312/312/0 250/250/0 0/530/0 0/530/0 | [0, 0] [0, 0] |    0  613     0 |   5.0  11.0 |
   1088 |  0   0 | [1, 1] [1, 1] [1, 1] |     0 | 312/312/0 250/250/0 0/530/0 0/530/0 | [0, 0] [0, 0] |    0  614     0 |   5.0  11.0 |
   1089 |  0   0 | [1, 1] [1, 1] [1, 1] |     0 | 312/312/0 250/250/0 0/530/0 0/530/0 | [0, 0] [0, 0] |    0  615     0 |   5.0  11.0 |
   1090 |  0   0 | [1, 1] [1, 1] [1, 1] |     0 | 312/312/0 250/250/0 0/530/0 0/530/0 | [0, 0] [0, 0] |    0  616     0 |   5.0  11.0 |
   1090 |  0   0 | [1, 1] [1, 1] [1, 1] |     0 | 313/313/0 250/250/0 0/530/0 0/530/0 | [0, 0] [0, 0] |    0  616     0 |   5.0  11.0 |
   1091 |  0   0 | [1, 1] [1, 1] [1, 1] |     0 | 313/313/0 250/250/0 0/530/0 0/530/0 | [0, 0] [0, 0] |    0  617     0 |   5.0  11.0 |
   1092 |  0   0 | [1, 1] [1, 1] [1, 1] |     0 | 313/313/0 250/250/0 0/530/0 0/530/0 | [0, 0] [0, 0] |    0  618     0 |   5.0  11.0 |
   1093 |  0   0 | [1, 1] [1, 1] [1, 1] |     0 | 313/313/0 250/250/0 0/530/0 0/530/0 | [0, 0] [0, 0] |    0  619     0 |   5.0  11.0 |
   1094 |  0   0 | [1, 1] [1, 1] [1, 1] |     0 | 313/313/0 250/250/0 0/530/0 0/530/0 | [0, 0] [0, 0] |    0  620     0 |   5.0  11.0 |
   1095 |  0   0 | [1, 1] [1, 1] [1, 1] |     0 | 313/313/0 250/250/0 0/530/0 0/530/0 | [0, 0] [0, 0] |    0  621     0 |   5.0  11.0 |
   1095 |  0   0 | [1, 1] [1, 1] [1, 1] |     0 | 314/314/0 250/250/0 0/530/0 0/530/0 | [0, 0] [0, 0] |    0  621     0 |   5.0  11.0 |
   1096 |  0   0 | [1, 1] [1, 1] [1, 1] |     0 | 314/314/0 250/250/0 0/530/0 0/530/0 | [0, 0] [0, 0] |    0  622     0 |   5.0  11.0 |
   1097 |  0   0 | [1, 1] [1, 1] [1, 1] |     0 | 314/314/0 250/250/0 0/530/0 0/530/0 | [0, 0] [0, 0] |    0  623     0 |   5.0  11.0 |
   1098 |  0   0 | [1, 1] [1, 1] [1, 1] |     0 | 314/314/0 251/251/0 0/530/0 0/530/0 | [0, 0] [0, 0] |    0  624     0 |   5.0  11.0 |
   1099 |  0   0 | [1, 1] [1, 1] [1, 1] |     0 | 314/314/0 251/251/0 0/530/0 0/530/0 | [0, 0] [0, 0] |    0  625     0 |   5.0  11.0 |
   1100 |  0   0 | [1, 1] [1, 1] [1, 1] |     0 | 314/314/0 251/251/0 0/530/0 0/530/0 | [0, 0] [0, 0] |    0  626     0 |   5.0  11.0 |
   1101 |  0   0 | [1, 1] [1, 1] [1, 1] |     0 | 314/314/0 251/251/0 0/530/0 0/530/0 | [0, 0] [0, 0] |    0  627     0 |   5.0  11.0 |
   1102 |  0   0 | [1, 1] [1, 1] [1, 1] |     0 | 314/314/0 251/251/0 0/530/0 0/530/0 | [0, 0] [0, 0] |    0  628     0 |   5.0  11.0 |
   1103 |  0   0 | [1, 1] [1, 1] [1, 1] |     0 | 314/314/0 251/251/0 0/530/0 0/530/0 | [0, 0] [0, 0] |    0  629     0 |   5.0  11.0 |
   1104 |  0   0 | [1, 1] [1, 1] [1, 1] |     0 | 314/314/0 251/251/0 0/530/0 0/530/0 | [0, 0] [0, 0] |    0  630     0 |   5.0  11.0 |
   1105 |  0   0 | [1, 1] [1, 1] [1, 1] |     0 | 314/314/0 251/251/0 0/530/0 0/530/0 | [0, 0] [0, 0] |    0  631     0 |   5.0  11.0 |
   1106 |  0   0 | [1, 1] [1, 1] [1, 1] |     0 | 315/315/0 251/251/0 0/530/0 0/530/0 | [0, 0] [0, 0] |    0  631     0 |   5.0  11.0 |
   1106 |  0   0 | [1, 1] [1, 1] [1, 1] |     0 | 315/315/0 251/251/0 0/530/0 0/530/0 | [0, 0] [0, 0] |    0  632     0 |   5.0  11.0 |
   1107 |  0   0 | [1, 1] [1, 1] [1, 1] |     0 | 315/315/0 251/251/0 0/530/0 0/530/0 | [0, 0] [0, 0] |    0  633     0 |   5.0  11.0 |
   1108 |  0   0 | [1, 1] [1, 1] [1, 1] |     0 | 315/315/0 252/252/0 0/530/0 0/530/0 | [0, 0] [0, 0] |    0  634     0 |   5.0  11.0 |
   1109 |  0   0 | [1, 1] [1, 1] [1, 1] |     0 | 315/315/0 252/252/0 0/530/0 0/530/0 | [0, 0] [0, 0] |    0  635     0 |   5.0  11.0 |
   1110 |  0   0 | [1, 1] [1, 1] [1, 1] |     0 | 315/315/0 252/252/0 0/530/0 0/530/0 | [0, 0] [0, 0] |    0  636     0 |   5.0  11.0 |
   1111 |  0   0 | [1, 1] [1, 1] [1, 1] |     0 | 316/316/0 252/252/0 0/530/0 0/530/0 | [0, 0] [0, 0] |    0  636     0 |   5.0  11.0 |
   1111 |  0   0 | [1, 1] [1, 1] [1, 1] |     0 | 316/316/0 252/252/0 0/530/0 0/530/0 | [0, 0] [0, 0] |    0  637     0 |   5.0  11.0 |
   1112 |  0   0 | [1, 1] [1, 1] [1, 1] |     0 | 316/316/0 252/252/0 0/530/0 0/530/0 | [0, 0] [0, 0] |    0  638     0 |   5.0  11.0 |
   1113 |  0   0 | [1, 1] [1, 1] [1, 1] |     0 | 316/316/0 252/252/0 0/530/0 0/530/0 | [0, 0] [0, 0] |    0  639     0 |   5.0  11.0 |
   1114 |  0   0 | [1, 1] [1, 1] [1, 1] |     0 | 316/316/0 252/252/0 0/530/0 0/530/0 | [0, 0] [0, 0] |    0  640     0 |   5.0  11.0 |
   1115 |  0   0 | [1, 1] [1, 1] [1, 1] |     0 | 316/316/0 252/252/0 0/530/0 0/530/0 | [0, 0] [0, 0] |    0  641     0 |   5.0  11.0 |
   1116 |  0   0 | [1, 1] [1, 1] [1, 1] |     0 | 317/317/0 252/252/0 0/530/0 0/530/0 | [0, 0] [0, 0] |    0  641     0 |   5.0  11.0 |
   1116 |  0   0 | [1, 1] [1, 1] [1, 1] |     0 | 317/317/0 252/252/0 0/530/0 0/530/0 | [0, 0] [0, 0] |    0  642     0 |   5.0  11.0 |
   1117 |  0   0 | [1, 1] [1, 1] [1, 1] |     0 | 317/317/0 252/252/0 0/530/0 0/530/0 | [0, 0] [0, 0] |    0  643     0 |   5.0  11.0 |
   1118 |  0   0 | [1, 1] [1, 1] [1, 1] |     0 | 317/317/0 252/252/0 0/530/0 0/530/0 | [0, 0] [0, 0] |    0  644     0 |   5.0  11.0 |
   1118 |  0   0 | [1, 1] [1, 1] [1, 1] |     0 | 317/317/0 253/253/0 0/530/0 0/530/0 | [0, 0] [0, 0] |    0  644     0 |   5.0  10.9 |
   1118 |  0   0 | [1, 1] [1, 1] [1, 1] |     0 | 317/317/0 253/253/0 0/530/0 0/530/0 | [0, 0] [0, 0] |    0  644     0 |   5.0  11.0 |
   1119 |  0   0 | [1, 1] [1, 1] [1, 1] |     0 | 317/317/0 253/253/0 0/530/0 0/530/0 | [0, 0] [0, 0] |    0  645     0 |   5.0  11.0 |
   1120 |  0   0 | [1, 1] [1, 1] [1, 1] |     0 | 317/317/0 253/253/0 0/530/0 0/530/0 | [0, 0] [0, 0] |    0  646     0 |   5.0  11.0 |
   1121 |  0   0 | [1, 1] [1, 1] [1, 1] |     0 | 318/318/0 253/253/0 0/530/0 0/530/0 | [0, 0] [0, 0] |    0  646     0 |   5.0  11.0 |
   1121 |  0   0 | [1, 1] [1, 1] [1, 1] |     0 | 318/318/0 253/253/0 0/530/0 0/530/0 | [0, 0] [0, 0] |    0  647     0 |   5.0  11.0 |
   1122 |  0   0 | [1, 1] [1, 1] [1, 1] |     0 | 318/318/0 253/253/0 0/530/0 0/530/0 | [0, 0] [0, 0] |    0  648     0 |   5.0  11.0 |
   1123 |  0   0 | [1, 1] [1, 1] [1, 1] |     0 | 318/318/0 253/253/0 0/530/0 0/530/0 | [0, 0] [0, 0] |    0  649     0 |   5.0  11.0 |
   1124 |  0   0 | [1, 1] [1, 1] [1, 1] |     0 | 318/318/0 253/253/0 0/530/0 0/530/0 | [0, 0] [0, 0] |    0  650     0 |   5.0  11.0 |
   1125 |  0   0 | [1, 1] [1, 1] [1, 1] |     0 | 318/318/0 253/253/0 0/530/0 0/530/0 | [0, 0] [0, 0] |    0  651     0 |   5.0  11.0 |
   1126 |  0   0 | [1, 1] [1, 1] [1, 1] |     0 | 319/319/0 253/253/0 0/530/0 0/530/0 | [0, 0] [0, 0] |    0  651     0 |   5.0  11.0 |
   1126 |  0   0 | [1, 1] [1, 1] [1, 1] |     0 | 319/319/0 253/253/0 0/530/0 0/530/0 | [0, 0] [0, 0] |    0  652     0 |   5.0  11.0 |
   1127 |  0   0 | [1, 1] [1, 1] [1, 1] |     0 | 319/319/0 253/253/0 0/530/0 0/530/0 | [0, 0] [0, 0] |    0  653     0 |   5.0  11.0 |
   1128 |  0   0 | [1, 1] [1, 1] [1, 1] |     0 | 319/319/0 253/253/0 0/530/0 0/530/0 | [0, 0] [0, 0] |    0  654     0 |   5.0  11.0 |
   1128 |  0   0 | [1, 1] [1, 1] [1, 1] |     0 | 319/319/0 253/253/1 0/530/0 0/530/0 | [0, 0] [0, 0] |    0  654     0 |   5.0  11.0 |
   1128 |  0   0 | [1, 1] [1, 1] [1, 1] |     0 | 319/319/0 254/254/0 0/530/0 0/530/0 | [0, 0] [0, 0] |    0  654     0 |   5.0  11.0 |
   1129 |  0   0 | [1, 1] [1, 1] [1, 1] |     0 | 319/319/0 254/254/0 0/530/0 0/530/0 | [0, 0] [0, 0] |    0  655     0 |   5.0  11.0 |
   1130 |  0   0 | [1, 1] [1, 1] [1, 1] |     0 | 319/319/0 254/254/0 0/530/0 0/530/0 | [0, 0] [0, 0] |    0  656     0 |   5.0  11.0 |
   1131 |  0   0 | [1, 1] [1, 1] [1, 1] |     0 | 320/320/0 254/254/0 0/530/0 0/530/0 | [0, 0] [0, 0] |    0  656     0 |   5.0  11.0 |
   1131 |  0   0 | [1, 1] [1, 1] [1, 1] |     0 | 320/320/0 254/254/0 0/530/0 0/530/0 | [0, 0] [0, 0] |    0  657     0 |   5.0  11.0 |
   1132 |  0   0 | [1, 1] [1, 1] [1, 1] |     0 | 320/320/0 254/254/0 0/530/0 0/530/0 | [0, 0] [0, 0] |    0  658     0 |   5.0  11.0 |
   1133 |  0   0 | [1, 1] [1, 1] [1, 1] |     0 | 320/320/0 254/254/0 0/530/0 0/530/0 | [0, 0] [0, 0] |    0  659     0 |   5.0  11.0 |
   1134 |  0   0 | [1, 1] [1, 1] [1, 1] |     0 | 320/320/0 254/254/0 0/530/0 0/530/0 | [0, 0] [0, 0] |    0  660     0 |   5.0  11.0 |
   1135 |  0   0 | [1, 1] [1, 1] [1, 1] |     0 | 320/320/0 254/254/0 0/530/0 0/530/0 | [0, 0] [0, 0] |    0  661     0 |   5.0  11.0 |
   1136 |  0   0 | [1, 1] [1, 1] [1, 1] |     0 | 321/321/0 254/254/0 0/530/0 0/530/0 | [0, 0] [0, 0] |    0  661     0 |   5.0  11.0 |
   1136 |  0   0 | [1, 1] [1, 1] [1, 1] |     0 | 321/321/0 254/254/0 0/530/0 0/530/0 | [0, 0] [0, 0] |    0  662     0 |   5.0  11.0 |
   1137 |  0   0 | [1, 1] [1, 1] [1, 1] |     0 | 321/321/0 254/254/0 0/530/0 0/530/0 | [0, 0] [0, 0] |    0  663     0 |   5.0  11.0 |
   1138 |  0   0 | [1, 1] [1, 1] [1, 1] |     0 | 321/321/0 254/254/0 0/530/0 0/530/0 | [0, 0] [0, 0] |    0  664     0 |   5.0  11.0 |
   1139 |  0   0 | [1, 1] [1, 1] [1, 1] |     0 | 321/321/0 254/254/0 0/530/0 0/530/0 | [0, 0] [0, 0] |    0  665     0 |   5.0  11.0 |
   1140 |  0   0 | [1, 1] [1, 1] [1, 1] |     0 | 321/321/0 254/254/0 0/530/0 0/530/0 | [0, 0] [0, 0] |    0  666     0 |   5.0  11.0 |
   1141 |  0   0 | [1, 1] [1, 1] [1, 1] |     0 | 321/321/1 254/254/0 0/530/0 0/530/0 | [0, 0] [0, 0] |    0  666     0 |   5.0  11.0 |
   1141 |  0   0 | [1, 1] [1, 1] [1, 1] |     0 | 322/322/0 254/254/0 0/530/0 0/530/0 | [0, 0] [0, 0] |    0  666     0 |   5.0  11.0 |
   1141 |  0   0 | [1, 1] [1, 1] [1, 1] |     0 | 322/322/0 254/254/0 0/530/0 0/530/0 | [0, 0] [0, 0] |    0  667     0 |   5.0  11.0 |
   1142 |  0   0 | [1, 1] [1, 1] [1, 1] |     0 | 322/322/0 254/254/0 0/530/0 0/530/0 | [0, 0] [0, 0] |    0  668     0 |   5.0  11.0 |
   1143 |  0   0 | [1, 1] [1, 1] [1, 1] |     0 | 322/322/0 254/254/0 0/530/0 0/530/0 | [0, 0] [0, 0] |    0  669     0 |   5.0  11.0 |
   1143 |  0   0 | [1, 1] [1, 1] [1, 1] |     0 | 322/322/0 255/255/0 0/530/0 0/530/0 | [0, 0] [0, 0] |    0  669     0 |   5.0  11.0 |
   1144 |  0   0 | [1, 1] [1, 1] [1, 1] |     0 | 322/322/0 255/255/0 0/530/0 0/530/0 | [0, 0] [0, 0] |    0  670     0 |   5.0  11.0 |
   1145 |  0   0 | [1, 1] [1, 1] [1, 1] |     0 | 322/322/0 255/255/0 0/530/0 0/530/0 | [0, 0] [0, 0] |    0  671     0 |   5.0  11.0 |
   1146 |  0   0 | [1, 1] [1, 1] [1, 1] |     0 | 323/323/0 255/255/0 0/530/0 0/530/0 | [0, 0] [0, 0] |    0  671     0 |   5.0  11.0 |
   1146 |  0   0 | [1, 1] [1, 1] [1, 1] |     0 | 323/323/0 255/255/0 0/530/0 0/530/0 | [0, 0] [0, 0] |    0  672     0 |   5.0  11.0 |
   1147 |  0   0 | [1, 1] [1, 1] [1, 1] |     0 | 323/323/0 255/255/0 0/530/0 0/530/0 | [0, 0] [0, 0] |    0  673     0 |   5.0  11.0 |
   1148 |  0   0 | [1, 1] [1, 1] [1, 1] |     0 | 323/323/0 255/255/0 0/530/0 0/530/0 | [0, 0] [0, 0] |    0  674     0 |   5.0  11.0 |
   1149 |  0   0 | [1, 1] [1, 1] [1, 1] |     0 | 323/323/0 255/255/0 0/530/0 0/530/0 | [0, 0] [0, 0] |    0  675     0 |   5.0  11.0 |
   1150 |  0   0 | [1, 1] [1, 1] [1, 1] |     0 | 323/323/0 255/255/0 0/530/0 0/530/0 | [0, 0] [0, 0] |    0  676     0 |   5.0  11.0 |
   1151 |  0   0 | [1, 1] [1, 1] [1, 1] |     0 | 324/324/0 255/255/0 0/530/0 0/530/0 | [0, 0] [0, 0] |    0  676     0 |   5.0  11.0 |
   1151 |  0   0 | [1, 1] [1, 1] [1, 1] |     0 | 324/324/0 255/255/0 0/530/0 0/530/0 | [0, 0] [0, 0] |    0  677     0 |   5.0  11.0 |
   1152 |  0   0 | [1, 1] [1, 1] [1, 1] |     0 | 324/324/0 255/255/0 0/530/0 0/530/0 | [0, 0] [0, 0] |    0  678     0 |   5.0  11.0 |
   1153 |  0   0 | [1, 1] [1, 1] [1, 1] |     0 | 324/324/0 255/255/0 0/530/0 0/530/0 | [0, 0] [0, 0] |    0  679     0 |   5.0  11.0 |
   1153 |  0   0 | [1, 1] [1, 1] [1, 1] |     0 | 324/324/0 511/255/1 0/530/0 0/530/0 | [0, 0] [0, 0] |    0  679     0 |   5.0  11.0 |
   1154 |  0   0 | [1, 1] [1, 1] [1, 1] |     0 | 324/324/0 256/256/0 0/530/0 0/530/0 | [0, 0] [0, 0] |    0  679     0 |   5.0  11.0 |
   1154 |  0   0 | [1, 1] [1, 1] [1, 1] |     0 | 324/324/0 256/256/0 0/530/0 0/530/0 | [0, 0] [0, 0] |    0  680     0 |   5.0  11.0 |
   1155 |  0   0 | [1, 1] [1, 1] [1, 1] |     0 | 324/324/0 256/256/0 0/530/0 0/530/0 | [0, 0] [0, 0] |    0  681     0 |   5.0  11.0 |
   1156 |  0   0 | [1, 1] [1, 1] [1, 1] |     0 | 325/325/0 256/256/0 0/530/0 0/530/0 | [0, 0] [0, 0] |    0  681     0 |   5.0  11.0 |
   1156 |  0   0 | [1, 1] [1, 1] [1, 1] |     0 | 325/325/0 256/256/0 0/530/0 0/530/0 | [0, 0] [0, 0] |    0  682     0 |   5.0  11.0 |
   1157 |  0   0 | [1, 1] [1, 1] [1, 1] |     0 | 325/325/0 256/256/0 0/530/0 0/530/0 | [0, 0] [0, 0] |    0  683     0 |   5.0  11.0 |
   1158 |  0   0 | [1, 1] [1, 1] [1, 1] |     0 | 325/325/0 256/256/0 0/530/0 0/530/0 | [0, 0] [0, 0] |    0  684     0 |   5.0  11.0 |
   1159 |  0   0 | [1, 1] [1, 1] [1, 1] |     0 | 325/325/0 256/256/0 0/530/0 0/530/0 | [0, 0] [0, 0] |    0  685     0 |   5.0  11.0 |
   1160 |  0   0 | [1, 1] [1, 1] [1, 1] |     0 | 325/325/0 256/256/0 0/530/0 0/530/0 | [0, 0] [0, 0] |    0  686     0 |   5.0  11.0 |
   1161 |  0   0 | [1, 1] [1, 1] [1, 1] |     0 | 326/326/0 256/256/0 0/530/0 0/530/0 | [0, 0] [0, 0] |    0  687     0 |   5.0  11.0 |
   1162 |  0   0 | [1, 1] [1, 1] [1, 1] |     0 | 326/326/0 256/256/0 0/530/0 0/530/0 | [0, 0] [0, 0] |    0  688     0 |   5.0  11.0 |
   1163 |  0   0 | [1, 1] [1, 1] [1, 1] |     0 | 326/326/0 256/256/0 0/530/0 0/530/0 | [0, 0] [0, 0] |    0  689     0 |   5.0  11.0 |
   1164 |  0   0 | [1, 1] [1, 1] [1, 1] |     0 | 326/326/0 257/257/0 0/530/0 0/530/0 | [0, 0] [0, 0] |    0  689     0 |   5.0  11.0 |
   1164 |  0   0 | [1, 1] [1, 1] [1, 1] |     0 | 326/326/0 257/257/0 0/530/0 0/530/0 | [0, 0] [0, 0] |    0  690     0 |   5.0  11.0 |
   1165 |  0   0 | [1, 1] [1, 1] [1, 1] |     0 | 326/326/0 257/257/0 0/530/0 0/530/0 | [0, 0] [0, 0] |    0  691     0 |   5.0  11.0 |
   1166 |  0   0 | [1, 1] [1, 1] [1, 1] |     0 | 327/327/0 257/257/0 0/530/0 0/530/0 | [0, 0] [0, 0] |    0  692     0 |   5.0  11.0 |
   1167 |  0   0 | [1, 1] [1, 1] [1, 1] |     0 | 327/327/0 257/257/0 0/530/0 0/530/0 | [0, 0] [0, 0] |    0  693     0 |   5.0  11.0 |
   1168 |  0   0 | [1, 1] [1, 1] [1, 1] |     0 | 327/327/0 257/257/0 0/530/0 0/530/0 | [0, 0] [0, 0] |    0  694     0 |   5.0  11.0 |
   1169 |  0   0 | [1, 1] [1, 1] [1, 1] |     0 | 327/327/0 257/257/0 0/530/0 0/530/0 | [0, 0] [0, 0] |    0  695     0 |   5.0  11.0 |
   1170 |  0   0 | [1, 1] [1, 1] [1, 1] |     0 | 327/327/0 257/257/0 0/530/0 0/530/0 | [0, 0] [0, 0] |    0  696     0 |   5.0  11.0 |
   1171 |  0   0 | [1, 1] [1, 1] [1, 1] |     0 | 327/327/0 257/257/0 0/530/0 0/530/0 | [0, 0] [0, 0] |    0  697     0 |   5.0  11.0 |
   1171 |  0   0 | [1, 1] [1, 1] [1, 1] |     0 | 328/328/0 257/257/0 0/530/0 0/530/0 | [0, 0] [0, 0] |    0  697     0 |   5.0  11.0 |
   1172 |  0   0 | [1, 1] [1, 1] [1, 1] |     0 | 328/328/0 257/257/0 0/530/0 0/530/0 | [0, 0] [0, 0] |    0  698     0 |   5.0  11.0 |
   1173 |  0   0 | [1, 1] [1, 1] [1, 1] |     0 | 328/328/0 257/257/0 0/530/0 0/530/0 | [0, 0] [0, 0] |    0  699     0 |   5.0  11.0 |
   1174 |  0   0 | [1, 1] [1, 1] [1, 1] |     0 | 328/328/0 258/258/0 0/530/0 0/530/0 | [0, 0] [0, 0] |    0  699     0 |   5.0  11.0 |
   1174 |  0   0 | [1, 1] [1, 1] [1, 1] |     0 | 328/328/0 258/258/0 0/530/0 0/530/0 | [0, 0] [0, 0] |    0  700     0 |   5.0  11.0 |
   1175 |  0   0 | [1, 1] [1, 1] [1, 1] |     0 | 328/328/0 258/258/0 0/530/0 0/530/0 | [0, 0] [0, 0] |    0  701     0 |   5.0  11.0 |
   1176 |  0   0 | [1, 1] [1, 1] [1, 1] |     0 | 329/329/0 258/258/0 0/530/0 0/530/0 | [0, 0] [0, 0] |    0  702     0 |   5.0  11.0 |
   1177 |  0   0 | [1, 1] [1, 1] [1, 1] |     0 | 329/329/0 258/258/0 0/530/0 0/530/0 | [0, 0] [0, 0] |    0  703     0 |   5.0  11.0 |
   1178 |  0   0 | [1, 1] [1, 1] [1, 1] |     0 | 329/329/0 258/258/0 0/530/0 0/530/0 | [0, 0] [0, 0] |    0  704     0 |   5.0  11.0 |
   1179 |  0   0 | [1, 1] [1, 1] [1, 1] |     0 | 329/329/0 258/258/0 0/530/0 0/530/0 | [0, 0] [0, 0] |    0  705     0 |   5.0  11.0 |
   1180 |  0   0 | [1, 1] [1, 1] [1, 1] |     0 | 329/329/0 258/258/0 0/530/0 0/530/0 | [0, 0] [0, 0] |    0  706     0 |   5.0  11.0 |
   1181 |  0   0 | [1, 1] [1, 1] [1, 1] |     0 | 329/329/0 258/258/0 0/530/0 0/530/0 | [0, 0] [0, 0] |    0  707     0 |   5.0  11.0 |
   1181 |  0   0 | [1, 1] [1, 1] [1, 1] |     0 | 330/330/0 258/258/0 0/530/0 0/530/0 | [0, 0] [0, 0] |    0  707     0 |   5.0  11.0 |
   1182 |  0   0 | [1, 1] [1, 1] [1, 1] |     0 | 330/330/0 258/258/0 0/530/0 0/530/0 | [0, 0] [0, 0] |    0  708     0 |   5.0  11.0 |
   1183 |  0   0 | [1, 1] [1, 1] [1, 1] |     0 | 330/330/0 258/258/0 0/530/0 0/530/0 | [0, 0] [0, 0] |    0  709     0 |   5.0  11.0 |
   1184 |  0   0 | [1, 1] [1, 1] [1, 1] |     0 | 330/330/0 258/258/0 0/530/0 0/530/0 | [0, 0] [0, 0] |    0  710     0 |   5.0  11.0 |
   1185 |  0   0 | [1, 1] [1, 1] [1, 1] |     0 | 330/330/0 258/258/0 0/530/0 0/530/0 | [0, 0] [0, 0] |    0  711     0 |   5.0  11.0 |
   1186 |  0   0 | [1, 1] [1, 1] [1, 1] |     0 | 330/330/0 258/258/0 0/530/0 0/530/0 | [0, 0] [0, 0] |    0  712     0 |   5.0  11.0 |
   1186 |  0   0 | [1, 1] [1, 1] [1, 1] |     0 | 331/330/1 258/258/0 0/530/0 0/530/0 | [0, 0] [0, 0] |    0  712     0 |   5.0  11.0 |
   1186 |  0   0 | [1, 1] [1, 1] [1, 1] |     0 | 331/331/0 258/258/0 0/530/0 0/530/0 | [0, 0] [0, 0] |    0  712     0 |   5.0  11.0 |
   1187 |  0   0 | [1, 1] [1, 1] [1, 1] |     0 | 331/331/0 258/258/0 0/530/0 0/530/0 | [0, 0] [0, 0] |    0  713     0 |   5.0  11.0 |
   1188 |  0   0 | [1, 1] [1, 1] [1, 1] |     0 | 331/331/0 258/258/0 0/530/0 0/530/0 | [0, 0] [0, 0] |    0  714     0 |   5.0  11.0 |
   1189 |  0   0 | [1, 1] [1, 1] [1, 1] |     0 | 331/331/0 259/259/0 0/530/0 0/530/0 | [0, 0] [0, 0] |    0  714     0 |   5.0  11.0 |
   1189 |  0   0 | [1, 1] [1, 1] [1, 1] |     0 | 331/331/0 259/259/0 0/530/0 0/530/0 | [0, 0] [0, 0] |    0  715     0 |   5.0  11.0 |
   1189 |  0   0 | [1, 1] [1, 1] [1, 1] |     0 | 331/331/0 259/259/0 0/530/0 0/530/0 | [0, 0] [0, 0] |    0  715     0 |   5.0  10.9 |
   1189 |  0   0 | [1, 1] [1, 1] [1, 1] |     0 | 331/331/0 259/259/0 0/530/0 0/530/0 | [0, 0] [0, 0] |    0  715     0 |   5.0  11.0 |
   1190 |  0   0 | [1, 1] [1, 1] [1, 1] |     0 | 331/331/0 259/259/0 0/530/0 0/530/0 | [0, 0] [0, 0] |    0  716     0 |   5.0  11.0 |
   1191 |  0   0 | [1, 1] [1, 1] [1, 1] |     0 | 331/331/0 259/259/0 0/530/0 0/530/0 | [0, 0] [0, 0] |    0  717     0 |   5.0  11.0 |
   1191 |  0   0 | [1, 1] [1, 1] [1, 1] |     0 | 332/332/0 259/259/0 0/530/0 0/530/0 | [0, 0] [0, 0] |    0  717     0 |   5.0  11.0 |
   1192 |  0   0 | [1, 1] [1, 1] [1, 1] |     0 | 332/332/0 259/259/0 0/530/0 0/530/0 | [0, 0] [0, 0] |    0  718     0 |   5.0  11.0 |
   1193 |  0   0 | [1, 1] [1, 1] [1, 1] |     0 | 332/332/0 259/259/0 0/530/0 0/530/0 | [0, 0] [0, 0] |    0  719     0 |   5.0  11.0 |
   1194 |  0   0 | [1, 1] [1, 1] [1, 1] |     0 | 332/332/0 259/259/0 0/530/0 0/530/0 | [0, 0] [0, 0] |    0  720     0 |   5.0  11.0 |
   1195 |  0   0 | [1, 1] [1, 1] [1, 1] |     0 | 332/332/0 259/259/0 0/530/0 0/530/0 | [0, 0] [0, 0] |    0  721     0 |   5.0  11.0 |
   1196 |  0   0 | [1, 1] [1, 1] [1, 1] |     0 | 332/332/0 259/259/0 0/530/0 0/530/0 | [0, 0] [0, 0] |    0  722     0 |   5.0  11.0 |
   1196 |  0   0 | [1, 1] [1, 1] [1, 1] |     0 | 333/333/0 259/259/0 0/530/0 0/530/0 | [0, 0] [0, 0] |    0  722     0 |   5.0  11.0 |
   1197 |  0   0 | [1, 1] [1, 1] [1, 1] |     0 | 333/333/0 259/259/0 0/530/0 0/530/0 | [0, 0] [0, 0] |    0  723     0 |   5.0  11.0 |
   1198 |  0   0 | [1, 1] [1, 1] [1, 1] |     0 | 333/333/0 259/259/0 0/530/0 0/530/0 | [0, 0] [0, 0] |    0  724     0 |   5.0  11.0 |
   1199 |  0   0 | [1, 1] [1, 1] [1, 1] |     0 | 333/333/0 260/260/0 0/530/0 0/530/0 | [0, 0] [0, 0] |    0  724     0 |   5.0  11.0 |
   1199 |  0   0 | [1, 1] [1, 1] [1, 1] |     0 | 333/333/0 260/260/0 0/530/0 0/530/0 | [0, 0] [0, 0] |    0  725     0 |   5.0  11.0 |
结束 state=RUNNING
